mode: atomic
github.com/claudioed/network-fulfillment/internal/application/usecases/confirm_network_order_shipment.go:47.2,48.16 2 0
github.com/claudioed/network-fulfillment/internal/application/usecases/confirm_network_order_shipment.go:49.3,50.1 1 0
github.com/claudioed/network-fulfillment/internal/application/usecases/confirm_network_order_shipment.go:51.2,51.14 1 0
github.com/claudioed/network-fulfillment/internal/application/usecases/confirm_network_order_shipment.go:52.3,53.1 1 0
github.com/claudioed/network-fulfillment/internal/application/usecases/confirm_network_order_shipment.go:54.2,54.46 1 0
github.com/claudioed/network-fulfillment/internal/application/usecases/confirm_network_order_shipment.go:55.3,56.1 1 0
github.com/claudioed/network-fulfillment/internal/application/usecases/confirm_network_order_shipment.go:58.2,58.44 1 0
github.com/claudioed/network-fulfillment/internal/application/usecases/confirm_network_order_shipment.go:59.3,60.1 1 0
github.com/claudioed/network-fulfillment/internal/application/usecases/confirm_network_order_shipment.go:62.2,64.39 3 0
github.com/claudioed/network-fulfillment/internal/application/usecases/confirm_network_order_shipment.go:65.3,66.1 1 0
github.com/claudioed/network-fulfillment/internal/application/usecases/confirm_network_order_shipment.go:68.2,68.75 1 0
github.com/claudioed/network-fulfillment/internal/application/usecases/confirm_network_order_shipment.go:69.3,69.48 1 0
github.com/claudioed/network-fulfillment/internal/application/usecases/confirm_network_order_shipment.go:70.4,71.1 1 0
github.com/claudioed/network-fulfillment/internal/application/usecases/confirm_network_order_shipment.go:72.3,77.5 1 0
github.com/claudioed/network-fulfillment/internal/application/usecases/confirm_network_order_shipment.go:79.3,80.1 1 0
github.com/claudioed/network-fulfillment/internal/application/usecases/confirm_network_order_shipment.go:82.2,82.83 1 0
github.com/claudioed/network-fulfillment/internal/application/usecases/confirm_network_order_shipment.go:83.3,84.1 1 0
github.com/claudioed/network-fulfillment/internal/application/usecases/confirm_network_order_shipment.go:85.2,85.15 1 0
github.com/claudioed/network-fulfillment/internal/application/usecases/receive_network_demand.go:67.2,68.1 2 0
github.com/claudioed/network-fulfillment/internal/application/usecases/receive_network_demand.go:74.2,74.78 2 0
github.com/claudioed/network-fulfillment/internal/application/usecases/receive_network_demand.go:75.3,76.1 1 0
github.com/claudioed/network-fulfillment/internal/application/usecases/receive_network_demand.go:76.9,76.28 1 0
github.com/claudioed/network-fulfillment/internal/application/usecases/receive_network_demand.go:77.3,78.1 1 0
github.com/claudioed/network-fulfillment/internal/application/usecases/receive_network_demand.go:80.2,81.1 2 0
github.com/claudioed/network-fulfillment/internal/application/usecases/receive_network_demand.go:86.2,86.27 2 0
github.com/claudioed/network-fulfillment/internal/application/usecases/receive_network_demand.go:87.3,87.59 1 0
github.com/claudioed/network-fulfillment/internal/application/usecases/receive_network_demand.go:88.4,89.1 1 0
github.com/claudioed/network-fulfillment/internal/application/usecases/receive_network_demand.go:90.3,90.51 1 0
github.com/claudioed/network-fulfillment/internal/application/usecases/receive_network_demand.go:93.2,94.16 2 0
github.com/claudioed/network-fulfillment/internal/application/usecases/receive_network_demand.go:95.3,96.1 1 0
github.com/claudioed/network-fulfillment/internal/application/usecases/receive_network_demand.go:97.2,97.75 1 0
github.com/claudioed/network-fulfillment/internal/application/usecases/receive_network_demand.go:98.3,99.1 1 0
github.com/claudioed/network-fulfillment/internal/application/usecases/receive_network_demand.go:101.2,106.16 2 0
github.com/claudioed/network-fulfillment/internal/application/usecases/receive_network_demand.go:107.3,108.1 1 0
github.com/claudioed/network-fulfillment/internal/application/usecases/receive_network_demand.go:110.2,110.22 1 0
github.com/claudioed/network-fulfillment/internal/application/usecases/receive_network_demand.go:111.3,112.1 1 0
github.com/claudioed/network-fulfillment/internal/application/usecases/receive_network_demand.go:113.2,113.39 1 0
github.com/claudioed/network-fulfillment/internal/application/usecases/receive_network_demand.go:125.2,125.72 1 0
github.com/claudioed/network-fulfillment/internal/application/usecases/receive_network_demand.go:126.3,126.48 1 0
github.com/claudioed/network-fulfillment/internal/application/usecases/receive_network_demand.go:127.4,128.1 1 0
github.com/claudioed/network-fulfillment/internal/application/usecases/receive_network_demand.go:129.3,136.5 1 0
github.com/claudioed/network-fulfillment/internal/application/usecases/receive_network_demand.go:143.2,144.33 2 0
github.com/claudioed/network-fulfillment/internal/application/usecases/receive_network_demand.go:145.3,146.17 2 0
github.com/claudioed/network-fulfillment/internal/application/usecases/receive_network_demand.go:147.4,148.1 1 0
github.com/claudioed/network-fulfillment/internal/application/usecases/receive_network_demand.go:149.3,150.17 2 0
github.com/claudioed/network-fulfillment/internal/application/usecases/receive_network_demand.go:151.4,152.1 1 0
github.com/claudioed/network-fulfillment/internal/application/usecases/receive_network_demand.go:153.3,153.30 1 0
github.com/claudioed/network-fulfillment/internal/application/usecases/receive_network_demand.go:155.2,155.19 1 0
github.com/claudioed/network-fulfillment/internal/application/usecases/receive_network_demand.go:163.2,164.16 2 0
github.com/claudioed/network-fulfillment/internal/application/usecases/receive_network_demand.go:165.3,166.1 1 0
github.com/claudioed/network-fulfillment/internal/application/usecases/receive_network_demand.go:167.2,167.66 1 0
github.com/claudioed/network-fulfillment/internal/application/usecases/receive_network_demand.go:168.3,169.1 1 0
github.com/claudioed/network-fulfillment/internal/application/usecases/receive_network_demand.go:170.2,170.72 1 0
github.com/claudioed/network-fulfillment/internal/application/usecases/receive_network_demand.go:186.2,186.18 1 0
github.com/claudioed/network-fulfillment/internal/application/usecases/receive_network_demand.go:187.3,187.65 1 0
github.com/claudioed/network-fulfillment/internal/application/usecases/receive_network_demand.go:188.4,189.1 1 0
github.com/claudioed/network-fulfillment/internal/application/usecases/receive_network_demand.go:191.2,191.35 1 0
github.com/claudioed/network-fulfillment/internal/application/usecases/receive_network_demand.go:192.3,193.1 1 0
github.com/claudioed/network-fulfillment/internal/application/usecases/receive_network_demand.go:194.2,194.75 1 0
github.com/claudioed/network-fulfillment/internal/application/usecases/receive_network_demand.go:195.3,195.48 1 0
github.com/claudioed/network-fulfillment/internal/application/usecases/receive_network_demand.go:196.4,197.1 1 0
github.com/claudioed/network-fulfillment/internal/application/usecases/receive_network_demand.go:198.3,203.5 1 0
github.com/claudioed/network-fulfillment/internal/application/usecases/receive_network_demand.go:205.3,206.1 1 0
github.com/claudioed/network-fulfillment/internal/application/usecases/receive_network_demand.go:207.2,207.85 1 0
github.com/claudioed/network-fulfillment/internal/application/usecases/receive_network_demand.go:208.3,209.1 1 0
github.com/claudioed/network-fulfillment/internal/application/usecases/receive_network_demand.go:210.2,210.15 1 0
github.com/claudioed/network-fulfillment/internal/application/usecases/receive_network_demand.go:224.2,224.35 1 0
github.com/claudioed/network-fulfillment/internal/application/usecases/receive_network_demand.go:225.3,226.1 1 0
github.com/claudioed/network-fulfillment/internal/application/usecases/receive_network_demand.go:227.2,227.62 1 0
github.com/claudioed/network-fulfillment/internal/application/usecases/receive_network_demand.go:228.3,229.1 1 0
github.com/claudioed/network-fulfillment/internal/application/usecases/receive_network_demand.go:230.2,230.75 1 0
github.com/claudioed/network-fulfillment/internal/application/usecases/receive_network_demand.go:231.3,231.48 1 0
github.com/claudioed/network-fulfillment/internal/application/usecases/receive_network_demand.go:232.4,233.1 1 0
github.com/claudioed/network-fulfillment/internal/application/usecases/receive_network_demand.go:234.3,240.5 1 0
github.com/claudioed/network-fulfillment/internal/application/usecases/receive_network_demand.go:242.3,243.1 1 0
github.com/claudioed/network-fulfillment/internal/application/usecases/receive_network_demand.go:244.2,244.84 1 0
github.com/claudioed/network-fulfillment/internal/application/usecases/receive_network_demand.go:245.3,246.1 1 0
github.com/claudioed/network-fulfillment/internal/application/usecases/receive_network_demand.go:253.2,253.15 1 0
github.com/claudioed/network-fulfillment/internal/application/usecases/recompute_capability_offers.go:64.2,65.16 2 0
github.com/claudioed/network-fulfillment/internal/application/usecases/recompute_capability_offers.go:66.3,67.1 1 0
github.com/claudioed/network-fulfillment/internal/application/usecases/recompute_capability_offers.go:69.2,71.1 4 0
github.com/claudioed/network-fulfillment/internal/application/usecases/recompute_capability_offers.go:72.2,73.27 4 0
github.com/claudioed/network-fulfillment/internal/application/usecases/recompute_capability_offers.go:74.3,75.1 3 0
github.com/claudioed/network-fulfillment/internal/application/usecases/recompute_capability_offers.go:76.3,77.17 3 0
github.com/claudioed/network-fulfillment/internal/application/usecases/recompute_capability_offers.go:78.4,78.23 1 0
github.com/claudioed/network-fulfillment/internal/application/usecases/recompute_capability_offers.go:79.5,81.1 1 0
github.com/claudioed/network-fulfillment/internal/application/usecases/recompute_capability_offers.go:82.4,82.12 1 0
github.com/claudioed/network-fulfillment/internal/application/usecases/recompute_capability_offers.go:85.3,86.1 3 0
github.com/claudioed/network-fulfillment/internal/application/usecases/recompute_capability_offers.go:87.3,88.17 3 0
github.com/claudioed/network-fulfillment/internal/application/usecases/recompute_capability_offers.go:89.4,89.23 1 0
github.com/claudioed/network-fulfillment/internal/application/usecases/recompute_capability_offers.go:90.5,92.1 1 0
github.com/claudioed/network-fulfillment/internal/application/usecases/recompute_capability_offers.go:93.4,93.12 1 0
github.com/claudioed/network-fulfillment/internal/application/usecases/recompute_capability_offers.go:95.3,95.66 1 0
github.com/claudioed/network-fulfillment/internal/application/usecases/recompute_capability_offers.go:96.4,97.1 1 0
github.com/claudioed/network-fulfillment/internal/application/usecases/recompute_capability_offers.go:98.3,98.51 1 0
github.com/claudioed/network-fulfillment/internal/application/usecases/recompute_capability_offers.go:99.4,99.23 1 0
github.com/claudioed/network-fulfillment/internal/application/usecases/recompute_capability_offers.go:100.5,102.1 1 0
github.com/claudioed/network-fulfillment/internal/application/usecases/recompute_capability_offers.go:103.4,103.12 1 0
github.com/claudioed/network-fulfillment/internal/application/usecases/recompute_capability_offers.go:106.2,106.17 1 0
github.com/claudioed/network-fulfillment/internal/application/usecases/recompute_capability_offers.go:116.2,116.18 1 0
github.com/claudioed/network-fulfillment/internal/application/usecases/recompute_capability_offers.go:117.3,118.1 1 0
github.com/claudioed/network-fulfillment/internal/application/usecases/recompute_capability_offers.go:119.2,121.31 3 0
github.com/claudioed/network-fulfillment/internal/application/usecases/recompute_capability_offers.go:122.3,123.13 2 0
github.com/claudioed/network-fulfillment/internal/application/usecases/recompute_capability_offers.go:124.4,124.12 1 0
github.com/claudioed/network-fulfillment/internal/application/usecases/recompute_capability_offers.go:126.3,127.17 2 0
github.com/claudioed/network-fulfillment/internal/application/usecases/recompute_capability_offers.go:129.2,129.24 1 0
github.com/claudioed/network-fulfillment/internal/application/usecases/reconcile_submitted_orders.go:43.2,44.16 2 0
github.com/claudioed/network-fulfillment/internal/application/usecases/reconcile_submitted_orders.go:45.3,46.1 1 0
github.com/claudioed/network-fulfillment/internal/application/usecases/reconcile_submitted_orders.go:48.2,49.30 2 0
github.com/claudioed/network-fulfillment/internal/application/usecases/reconcile_submitted_orders.go:50.3,51.17 2 0
github.com/claudioed/network-fulfillment/internal/application/usecases/reconcile_submitted_orders.go:56.4,56.12 1 0
github.com/claudioed/network-fulfillment/internal/application/usecases/reconcile_submitted_orders.go:58.3,58.17 1 0
github.com/claudioed/network-fulfillment/internal/application/usecases/reconcile_submitted_orders.go:60.4,60.45 1 0
github.com/claudioed/network-fulfillment/internal/application/usecases/reconcile_submitted_orders.go:61.5,61.13 1 0
github.com/claudioed/network-fulfillment/internal/application/usecases/reconcile_submitted_orders.go:63.4,63.19 1 0
github.com/claudioed/network-fulfillment/internal/application/usecases/reconcile_submitted_orders.go:65.4,65.42 1 0
github.com/claudioed/network-fulfillment/internal/application/usecases/reconcile_submitted_orders.go:66.5,66.13 1 0
github.com/claudioed/network-fulfillment/internal/application/usecases/reconcile_submitted_orders.go:68.4,68.16 1 0
github.com/claudioed/network-fulfillment/internal/application/usecases/reconcile_submitted_orders.go:70.4,70.17 1 0
github.com/claudioed/network-fulfillment/internal/application/usecases/reconcile_submitted_orders.go:73.2,73.17 1 0
github.com/claudioed/network-fulfillment/internal/application/usecases/reconcile_submitted_orders.go:81.2,81.51 1 0
github.com/claudioed/network-fulfillment/internal/application/usecases/reconcile_submitted_orders.go:82.3,83.1 1 0
github.com/claudioed/network-fulfillment/internal/application/usecases/reconcile_submitted_orders.go:84.2,84.75 1 0
github.com/claudioed/network-fulfillment/internal/application/usecases/reconcile_submitted_orders.go:85.3,86.1 1 0
github.com/claudioed/network-fulfillment/internal/application/usecases/reconcile_submitted_orders.go:87.3,88.1 1 0
github.com/claudioed/network-fulfillment/internal/application/usecases/reconcile_submitted_orders.go:89.2,89.45 1 0
github.com/claudioed/network-fulfillment/internal/application/usecases/reconcile_submitted_orders.go:90.3,91.1 1 0
github.com/claudioed/network-fulfillment/internal/application/usecases/reconcile_submitted_orders.go:92.2,92.12 1 0
github.com/claudioed/network-fulfillment/internal/application/usecases/reconcile_submitted_orders.go:101.2,101.45 1 0
github.com/claudioed/network-fulfillment/internal/application/usecases/reconcile_submitted_orders.go:102.3,102.65 1 0
github.com/claudioed/network-fulfillment/internal/application/usecases/reconcile_submitted_orders.go:103.4,104.1 1 0
github.com/claudioed/network-fulfillment/internal/application/usecases/reconcile_submitted_orders.go:106.2,106.35 1 0
github.com/claudioed/network-fulfillment/internal/application/usecases/reconcile_submitted_orders.go:107.3,108.1 1 0
github.com/claudioed/network-fulfillment/internal/application/usecases/reconcile_submitted_orders.go:109.2,109.72 1 0
github.com/claudioed/network-fulfillment/internal/application/usecases/reconcile_submitted_orders.go:110.3,110.48 1 0
github.com/claudioed/network-fulfillment/internal/application/usecases/reconcile_submitted_orders.go:111.4,112.1 1 0
github.com/claudioed/network-fulfillment/internal/application/usecases/reconcile_submitted_orders.go:113.3,118.5 1 0
github.com/claudioed/network-fulfillment/internal/application/usecases/reject_overdue_orders.go:46.2,47.1 3 0
github.com/claudioed/network-fulfillment/internal/application/usecases/reject_overdue_orders.go:48.2,49.16 3 0
github.com/claudioed/network-fulfillment/internal/application/usecases/reject_overdue_orders.go:50.3,51.1 1 0
github.com/claudioed/network-fulfillment/internal/application/usecases/reject_overdue_orders.go:53.2,54.31 2 0
github.com/claudioed/network-fulfillment/internal/application/usecases/reject_overdue_orders.go:55.3,55.37 1 0
github.com/claudioed/network-fulfillment/internal/application/usecases/reject_overdue_orders.go:56.4,56.12 1 0
github.com/claudioed/network-fulfillment/internal/application/usecases/reject_overdue_orders.go:58.3,58.46 1 0
github.com/claudioed/network-fulfillment/internal/application/usecases/reject_overdue_orders.go:64.4,64.12 1 0
github.com/claudioed/network-fulfillment/internal/application/usecases/reject_overdue_orders.go:66.3,66.17 1 0
github.com/claudioed/network-fulfillment/internal/application/usecases/reject_overdue_orders.go:68.2,68.17 1 0
github.com/claudioed/network-fulfillment/internal/application/usecases/reject_overdue_orders.go:75.2,75.45 1 0
github.com/claudioed/network-fulfillment/internal/application/usecases/reject_overdue_orders.go:76.3,76.65 1 0
github.com/claudioed/network-fulfillment/internal/application/usecases/reject_overdue_orders.go:77.4,78.1 1 0
github.com/claudioed/network-fulfillment/internal/application/usecases/reject_overdue_orders.go:80.2,80.35 1 0
github.com/claudioed/network-fulfillment/internal/application/usecases/reject_overdue_orders.go:81.3,82.1 1 0
github.com/claudioed/network-fulfillment/internal/application/usecases/reject_overdue_orders.go:86.2,86.72 1 0
github.com/claudioed/network-fulfillment/internal/application/usecases/reject_overdue_orders.go:87.3,87.48 1 0
github.com/claudioed/network-fulfillment/internal/application/usecases/reject_overdue_orders.go:88.4,89.1 1 0
github.com/claudioed/network-fulfillment/internal/application/usecases/reject_overdue_orders.go:90.3,95.5 1 0
github.com/claudioed/network-fulfillment/internal/application/usecases/sweep_acknowledgement_deadlines.go:39.2,40.1 3 0
github.com/claudioed/network-fulfillment/internal/application/usecases/sweep_acknowledgement_deadlines.go:41.2,42.16 3 0
github.com/claudioed/network-fulfillment/internal/application/usecases/sweep_acknowledgement_deadlines.go:43.3,44.1 1 0
github.com/claudioed/network-fulfillment/internal/application/usecases/sweep_acknowledgement_deadlines.go:46.2,47.31 2 0
github.com/claudioed/network-fulfillment/internal/application/usecases/sweep_acknowledgement_deadlines.go:48.3,48.37 1 0
github.com/claudioed/network-fulfillment/internal/application/usecases/sweep_acknowledgement_deadlines.go:49.4,49.12 1 0
github.com/claudioed/network-fulfillment/internal/application/usecases/sweep_acknowledgement_deadlines.go:54.3,59.18 1 0
github.com/claudioed/network-fulfillment/internal/application/usecases/sweep_acknowledgement_deadlines.go:60.4,60.12 1 0
github.com/claudioed/network-fulfillment/internal/application/usecases/sweep_acknowledgement_deadlines.go:62.3,62.15 1 0
github.com/claudioed/network-fulfillment/internal/application/usecases/sweep_acknowledgement_deadlines.go:64.2,64.17 1 0
github.com/claudioed/network-fulfillment/internal/application/usecases/unit_of_work.go:14.2,14.16 1 0
github.com/claudioed/network-fulfillment/internal/application/usecases/unit_of_work.go:15.3,16.1 1 0
github.com/claudioed/network-fulfillment/internal/application/usecases/unit_of_work.go:17.2,17.29 1 0
github.com/claudioed/network-fulfillment/internal/domain/capabilityoffer/capability_offer.go:83.2,83.15 1 0
github.com/claudioed/network-fulfillment/internal/domain/capabilityoffer/capability_offer.go:84.3,85.1 1 0
github.com/claudioed/network-fulfillment/internal/domain/capabilityoffer/capability_offer.go:86.2,86.18 1 0
github.com/claudioed/network-fulfillment/internal/domain/capabilityoffer/capability_offer.go:87.3,88.1 1 0
github.com/claudioed/network-fulfillment/internal/domain/capabilityoffer/capability_offer.go:89.2,89.28 1 0
github.com/claudioed/network-fulfillment/internal/domain/capabilityoffer/capability_offer.go:90.3,91.1 1 0
github.com/claudioed/network-fulfillment/internal/domain/capabilityoffer/capability_offer.go:92.2,92.44 1 0
github.com/claudioed/network-fulfillment/internal/domain/capabilityoffer/capability_offer.go:93.3,94.1 1 0
github.com/claudioed/network-fulfillment/internal/domain/capabilityoffer/capability_offer.go:95.2,95.15 1 0
github.com/claudioed/network-fulfillment/internal/domain/capabilityoffer/capability_offer.go:96.49,96.49 0 0
github.com/claudioed/network-fulfillment/internal/domain/capabilityoffer/capability_offer.go:98.3,98.44 1 0
github.com/claudioed/network-fulfillment/internal/domain/capabilityoffer/capability_offer.go:100.2,106.8 1 0
github.com/claudioed/network-fulfillment/internal/domain/capabilityoffer/capability_offer.go:122.2,122.65 1 0
github.com/claudioed/network-fulfillment/internal/domain/capabilityoffer/capability_offer.go:123.3,124.1 1 0
github.com/claudioed/network-fulfillment/internal/domain/capabilityoffer/capability_offer.go:125.2,126.13 2 0
github.com/claudioed/network-fulfillment/internal/domain/capabilityoffer/capability_offer.go:127.3,128.1 1 0
github.com/claudioed/network-fulfillment/internal/domain/capabilityoffer/capability_offer.go:129.2,129.89 1 0
github.com/claudioed/network-fulfillment/internal/domain/capabilityoffer/capability_offer.go:132.53,132.67 1 0
github.com/claudioed/network-fulfillment/internal/domain/capabilityoffer/capability_offer.go:133.53,133.70 1 0
github.com/claudioed/network-fulfillment/internal/domain/capabilityoffer/capability_offer.go:134.53,134.82 1 0
github.com/claudioed/network-fulfillment/internal/domain/capabilityoffer/capability_offer.go:135.53,135.69 1 0
github.com/claudioed/network-fulfillment/internal/domain/capabilityoffer/capability_offer.go:136.53,136.74 1 0
github.com/claudioed/network-fulfillment/internal/domain/networkorder/network_order.go:96.2,96.15 1 0
github.com/claudioed/network-fulfillment/internal/domain/networkorder/network_order.go:97.3,98.1 1 0
github.com/claudioed/network-fulfillment/internal/domain/networkorder/network_order.go:99.2,99.21 1 0
github.com/claudioed/network-fulfillment/internal/domain/networkorder/network_order.go:100.3,101.1 1 0
github.com/claudioed/network-fulfillment/internal/domain/networkorder/network_order.go:102.2,102.15 1 0
github.com/claudioed/network-fulfillment/internal/domain/networkorder/network_order.go:103.3,104.1 1 0
github.com/claudioed/network-fulfillment/internal/domain/networkorder/network_order.go:105.2,105.19 1 0
github.com/claudioed/network-fulfillment/internal/domain/networkorder/network_order.go:106.3,107.1 1 0
github.com/claudioed/network-fulfillment/internal/domain/networkorder/network_order.go:108.2,108.98 1 0
github.com/claudioed/network-fulfillment/internal/domain/networkorder/network_order.go:111.60,111.85 1 0
github.com/claudioed/network-fulfillment/internal/domain/networkorder/network_order.go:112.60,112.87 1 0
github.com/claudioed/network-fulfillment/internal/domain/networkorder/network_order.go:113.60,113.74 1 0
github.com/claudioed/network-fulfillment/internal/domain/networkorder/network_order.go:114.60,114.79 1 0
github.com/claudioed/network-fulfillment/internal/domain/networkorder/network_order.go:156.2,156.15 1 0
github.com/claudioed/network-fulfillment/internal/domain/networkorder/network_order.go:157.3,158.1 1 0
github.com/claudioed/network-fulfillment/internal/domain/networkorder/network_order.go:159.2,159.21 1 0
github.com/claudioed/network-fulfillment/internal/domain/networkorder/network_order.go:160.3,161.1 1 0
github.com/claudioed/network-fulfillment/internal/domain/networkorder/network_order.go:162.2,170.8 1 0
github.com/claudioed/network-fulfillment/internal/domain/networkorder/network_order.go:192.2,192.15 1 0
github.com/claudioed/network-fulfillment/internal/domain/networkorder/network_order.go:193.3,194.1 1 0
github.com/claudioed/network-fulfillment/internal/domain/networkorder/network_order.go:195.2,202.8 1 0
github.com/claudioed/network-fulfillment/internal/domain/networkorder/network_order.go:211.2,211.25 1 0
github.com/claudioed/network-fulfillment/internal/domain/networkorder/network_order.go:212.3,213.1 1 0
github.com/claudioed/network-fulfillment/internal/domain/networkorder/network_order.go:214.2,215.12 2 0
github.com/claudioed/network-fulfillment/internal/domain/networkorder/network_order.go:224.2,224.31 1 0
github.com/claudioed/network-fulfillment/internal/domain/networkorder/network_order.go:225.3,226.1 1 0
github.com/claudioed/network-fulfillment/internal/domain/networkorder/network_order.go:227.2,228.12 2 0
github.com/claudioed/network-fulfillment/internal/domain/networkorder/network_order.go:238.2,238.35 1 0
github.com/claudioed/network-fulfillment/internal/domain/networkorder/network_order.go:239.3,240.1 1 0
github.com/claudioed/network-fulfillment/internal/domain/networkorder/network_order.go:241.2,241.35 1 0
github.com/claudioed/network-fulfillment/internal/domain/networkorder/network_order.go:250.2,250.54 1 0
github.com/claudioed/network-fulfillment/internal/domain/networkorder/network_order.go:251.3,252.1 1 0
github.com/claudioed/network-fulfillment/internal/domain/networkorder/network_order.go:253.2,254.12 2 0
github.com/claudioed/network-fulfillment/internal/domain/networkorder/network_order.go:263.2,263.63 1 0
github.com/claudioed/network-fulfillment/internal/domain/networkorder/network_order.go:264.3,265.1 1 0
github.com/claudioed/network-fulfillment/internal/domain/networkorder/network_order.go:266.2,266.27 1 0
github.com/claudioed/network-fulfillment/internal/domain/networkorder/network_order.go:267.3,268.1 1 0
github.com/claudioed/network-fulfillment/internal/domain/networkorder/network_order.go:269.2,270.12 2 0
github.com/claudioed/network-fulfillment/internal/domain/networkorder/network_order.go:276.2,276.34 1 0
github.com/claudioed/network-fulfillment/internal/domain/networkorder/network_order.go:277.3,278.1 1 0
github.com/claudioed/network-fulfillment/internal/domain/networkorder/network_order.go:279.2,280.12 2 0
github.com/claudioed/network-fulfillment/internal/domain/networkorder/network_order.go:287.2,288.1 1 0
github.com/claudioed/network-fulfillment/internal/domain/networkorder/network_order.go:296.2,297.28 2 0
github.com/claudioed/network-fulfillment/internal/domain/networkorder/network_order.go:298.3,299.1 1 0
github.com/claudioed/network-fulfillment/internal/domain/networkorder/network_order.go:300.2,300.12 1 0
github.com/claudioed/network-fulfillment/internal/domain/networkorder/network_order.go:303.57,303.78 1 0
github.com/claudioed/network-fulfillment/internal/domain/networkorder/network_order.go:304.57,304.74 1 0
github.com/claudioed/network-fulfillment/internal/domain/networkorder/network_order.go:305.57,305.82 1 0
github.com/claudioed/network-fulfillment/internal/domain/networkorder/network_order.go:306.57,306.81 1 0
github.com/claudioed/network-fulfillment/internal/domain/networkorder/network_order.go:307.57,307.73 1 0
github.com/claudioed/network-fulfillment/internal/domain/networkorder/network_order.go:308.57,308.78 1 0
github.com/claudioed/network-fulfillment/internal/domain/networkorder/network_order.go:310.2,311.1 1 0
github.com/claudioed/network-fulfillment/internal/domain/networkorder/network_order.go:317.2,320.1 3 0
github.com/claudioed/network-fulfillment/internal/domain/networkorder/network_order.go:333.2,342.1 1 0
github.com/claudioed/network-fulfillment/internal/domain/shared/events.go:32.56,32.87 1 0
github.com/claudioed/network-fulfillment/internal/domain/shared/events.go:33.56,33.69 1 0
github.com/claudioed/network-fulfillment/internal/domain/shared/events.go:49.60,49.95 1 0
github.com/claudioed/network-fulfillment/internal/domain/shared/events.go:50.60,50.73 1 0
github.com/claudioed/network-fulfillment/internal/domain/shared/events.go:92.56,92.87 1 0
github.com/claudioed/network-fulfillment/internal/domain/shared/events.go:93.56,93.69 1 0
github.com/claudioed/network-fulfillment/internal/domain/shared/events.go:112.65,112.105 1 0
github.com/claudioed/network-fulfillment/internal/domain/shared/events.go:113.65,113.78 1 0
github.com/claudioed/network-fulfillment/internal/domain/shared/events.go:130.65,130.105 1 0
github.com/claudioed/network-fulfillment/internal/domain/shared/events.go:131.65,131.78 1 0
github.com/claudioed/network-fulfillment/internal/application/usecases/confirm_network_order_shipment.go:47.2,48.16 2 0
github.com/claudioed/network-fulfillment/internal/application/usecases/confirm_network_order_shipment.go:49.3,50.1 1 0
github.com/claudioed/network-fulfillment/internal/application/usecases/confirm_network_order_shipment.go:51.2,51.14 1 0
github.com/claudioed/network-fulfillment/internal/application/usecases/confirm_network_order_shipment.go:52.3,53.1 1 0
github.com/claudioed/network-fulfillment/internal/application/usecases/confirm_network_order_shipment.go:54.2,54.46 1 0
github.com/claudioed/network-fulfillment/internal/application/usecases/confirm_network_order_shipment.go:55.3,56.1 1 0
github.com/claudioed/network-fulfillment/internal/application/usecases/confirm_network_order_shipment.go:58.2,58.44 1 0
github.com/claudioed/network-fulfillment/internal/application/usecases/confirm_network_order_shipment.go:59.3,60.1 1 0
github.com/claudioed/network-fulfillment/internal/application/usecases/confirm_network_order_shipment.go:62.2,64.39 3 0
github.com/claudioed/network-fulfillment/internal/application/usecases/confirm_network_order_shipment.go:65.3,66.1 1 0
github.com/claudioed/network-fulfillment/internal/application/usecases/confirm_network_order_shipment.go:68.2,68.75 1 0
github.com/claudioed/network-fulfillment/internal/application/usecases/confirm_network_order_shipment.go:69.3,69.48 1 0
github.com/claudioed/network-fulfillment/internal/application/usecases/confirm_network_order_shipment.go:70.4,71.1 1 0
github.com/claudioed/network-fulfillment/internal/application/usecases/confirm_network_order_shipment.go:72.3,77.5 1 0
github.com/claudioed/network-fulfillment/internal/application/usecases/confirm_network_order_shipment.go:79.3,80.1 1 0
github.com/claudioed/network-fulfillment/internal/application/usecases/confirm_network_order_shipment.go:82.2,82.83 1 0
github.com/claudioed/network-fulfillment/internal/application/usecases/confirm_network_order_shipment.go:83.3,84.1 1 0
github.com/claudioed/network-fulfillment/internal/application/usecases/confirm_network_order_shipment.go:85.2,85.15 1 0
github.com/claudioed/network-fulfillment/internal/application/usecases/receive_network_demand.go:67.2,68.1 2 0
github.com/claudioed/network-fulfillment/internal/application/usecases/receive_network_demand.go:74.2,74.78 2 0
github.com/claudioed/network-fulfillment/internal/application/usecases/receive_network_demand.go:75.3,76.1 1 0
github.com/claudioed/network-fulfillment/internal/application/usecases/receive_network_demand.go:76.9,76.28 1 0
github.com/claudioed/network-fulfillment/internal/application/usecases/receive_network_demand.go:77.3,78.1 1 0
github.com/claudioed/network-fulfillment/internal/application/usecases/receive_network_demand.go:80.2,81.1 2 0
github.com/claudioed/network-fulfillment/internal/application/usecases/receive_network_demand.go:86.2,86.27 2 0
github.com/claudioed/network-fulfillment/internal/application/usecases/receive_network_demand.go:87.3,87.59 1 0
github.com/claudioed/network-fulfillment/internal/application/usecases/receive_network_demand.go:88.4,89.1 1 0
github.com/claudioed/network-fulfillment/internal/application/usecases/receive_network_demand.go:90.3,90.51 1 0
github.com/claudioed/network-fulfillment/internal/application/usecases/receive_network_demand.go:93.2,94.16 2 0
github.com/claudioed/network-fulfillment/internal/application/usecases/receive_network_demand.go:95.3,96.1 1 0
github.com/claudioed/network-fulfillment/internal/application/usecases/receive_network_demand.go:97.2,97.75 1 0
github.com/claudioed/network-fulfillment/internal/application/usecases/receive_network_demand.go:98.3,99.1 1 0
github.com/claudioed/network-fulfillment/internal/application/usecases/receive_network_demand.go:101.2,106.16 2 0
github.com/claudioed/network-fulfillment/internal/application/usecases/receive_network_demand.go:107.3,108.1 1 0
github.com/claudioed/network-fulfillment/internal/application/usecases/receive_network_demand.go:110.2,110.22 1 0
github.com/claudioed/network-fulfillment/internal/application/usecases/receive_network_demand.go:111.3,112.1 1 0
github.com/claudioed/network-fulfillment/internal/application/usecases/receive_network_demand.go:113.2,113.39 1 0
github.com/claudioed/network-fulfillment/internal/application/usecases/receive_network_demand.go:125.2,125.72 1 0
github.com/claudioed/network-fulfillment/internal/application/usecases/receive_network_demand.go:126.3,126.48 1 0
github.com/claudioed/network-fulfillment/internal/application/usecases/receive_network_demand.go:127.4,128.1 1 0
github.com/claudioed/network-fulfillment/internal/application/usecases/receive_network_demand.go:129.3,136.5 1 0
github.com/claudioed/network-fulfillment/internal/application/usecases/receive_network_demand.go:143.2,144.33 2 0
github.com/claudioed/network-fulfillment/internal/application/usecases/receive_network_demand.go:145.3,146.17 2 0
github.com/claudioed/network-fulfillment/internal/application/usecases/receive_network_demand.go:147.4,148.1 1 0
github.com/claudioed/network-fulfillment/internal/application/usecases/receive_network_demand.go:149.3,150.17 2 0
github.com/claudioed/network-fulfillment/internal/application/usecases/receive_network_demand.go:151.4,152.1 1 0
github.com/claudioed/network-fulfillment/internal/application/usecases/receive_network_demand.go:153.3,153.30 1 0
github.com/claudioed/network-fulfillment/internal/application/usecases/receive_network_demand.go:155.2,155.19 1 0
github.com/claudioed/network-fulfillment/internal/application/usecases/receive_network_demand.go:163.2,164.16 2 0
github.com/claudioed/network-fulfillment/internal/application/usecases/receive_network_demand.go:165.3,166.1 1 0
github.com/claudioed/network-fulfillment/internal/application/usecases/receive_network_demand.go:167.2,167.66 1 0
github.com/claudioed/network-fulfillment/internal/application/usecases/receive_network_demand.go:168.3,169.1 1 0
github.com/claudioed/network-fulfillment/internal/application/usecases/receive_network_demand.go:170.2,170.72 1 0
github.com/claudioed/network-fulfillment/internal/application/usecases/receive_network_demand.go:186.2,186.18 1 0
github.com/claudioed/network-fulfillment/internal/application/usecases/receive_network_demand.go:187.3,187.65 1 0
github.com/claudioed/network-fulfillment/internal/application/usecases/receive_network_demand.go:188.4,189.1 1 0
github.com/claudioed/network-fulfillment/internal/application/usecases/receive_network_demand.go:191.2,191.35 1 0
github.com/claudioed/network-fulfillment/internal/application/usecases/receive_network_demand.go:192.3,193.1 1 0
github.com/claudioed/network-fulfillment/internal/application/usecases/receive_network_demand.go:194.2,194.75 1 0
github.com/claudioed/network-fulfillment/internal/application/usecases/receive_network_demand.go:195.3,195.48 1 0
github.com/claudioed/network-fulfillment/internal/application/usecases/receive_network_demand.go:196.4,197.1 1 0
github.com/claudioed/network-fulfillment/internal/application/usecases/receive_network_demand.go:198.3,203.5 1 0
github.com/claudioed/network-fulfillment/internal/application/usecases/receive_network_demand.go:205.3,206.1 1 0
github.com/claudioed/network-fulfillment/internal/application/usecases/receive_network_demand.go:207.2,207.85 1 0
github.com/claudioed/network-fulfillment/internal/application/usecases/receive_network_demand.go:208.3,209.1 1 0
github.com/claudioed/network-fulfillment/internal/application/usecases/receive_network_demand.go:210.2,210.15 1 0
github.com/claudioed/network-fulfillment/internal/application/usecases/receive_network_demand.go:224.2,224.35 1 0
github.com/claudioed/network-fulfillment/internal/application/usecases/receive_network_demand.go:225.3,226.1 1 0
github.com/claudioed/network-fulfillment/internal/application/usecases/receive_network_demand.go:227.2,227.62 1 0
github.com/claudioed/network-fulfillment/internal/application/usecases/receive_network_demand.go:228.3,229.1 1 0
github.com/claudioed/network-fulfillment/internal/application/usecases/receive_network_demand.go:230.2,230.75 1 0
github.com/claudioed/network-fulfillment/internal/application/usecases/receive_network_demand.go:231.3,231.48 1 0
github.com/claudioed/network-fulfillment/internal/application/usecases/receive_network_demand.go:232.4,233.1 1 0
github.com/claudioed/network-fulfillment/internal/application/usecases/receive_network_demand.go:234.3,240.5 1 0
github.com/claudioed/network-fulfillment/internal/application/usecases/receive_network_demand.go:242.3,243.1 1 0
github.com/claudioed/network-fulfillment/internal/application/usecases/receive_network_demand.go:244.2,244.84 1 0
github.com/claudioed/network-fulfillment/internal/application/usecases/receive_network_demand.go:245.3,246.1 1 0
github.com/claudioed/network-fulfillment/internal/application/usecases/receive_network_demand.go:253.2,253.15 1 0
github.com/claudioed/network-fulfillment/internal/application/usecases/recompute_capability_offers.go:64.2,65.16 2 0
github.com/claudioed/network-fulfillment/internal/application/usecases/recompute_capability_offers.go:66.3,67.1 1 0
github.com/claudioed/network-fulfillment/internal/application/usecases/recompute_capability_offers.go:69.2,71.1 4 0
github.com/claudioed/network-fulfillment/internal/application/usecases/recompute_capability_offers.go:72.2,73.27 4 0
github.com/claudioed/network-fulfillment/internal/application/usecases/recompute_capability_offers.go:74.3,75.1 3 0
github.com/claudioed/network-fulfillment/internal/application/usecases/recompute_capability_offers.go:76.3,77.17 3 0
github.com/claudioed/network-fulfillment/internal/application/usecases/recompute_capability_offers.go:78.4,78.23 1 0
github.com/claudioed/network-fulfillment/internal/application/usecases/recompute_capability_offers.go:79.5,81.1 1 0
github.com/claudioed/network-fulfillment/internal/application/usecases/recompute_capability_offers.go:82.4,82.12 1 0
github.com/claudioed/network-fulfillment/internal/application/usecases/recompute_capability_offers.go:85.3,86.1 3 0
github.com/claudioed/network-fulfillment/internal/application/usecases/recompute_capability_offers.go:87.3,88.17 3 0
github.com/claudioed/network-fulfillment/internal/application/usecases/recompute_capability_offers.go:89.4,89.23 1 0
github.com/claudioed/network-fulfillment/internal/application/usecases/recompute_capability_offers.go:90.5,92.1 1 0
github.com/claudioed/network-fulfillment/internal/application/usecases/recompute_capability_offers.go:93.4,93.12 1 0
github.com/claudioed/network-fulfillment/internal/application/usecases/recompute_capability_offers.go:95.3,95.66 1 0
github.com/claudioed/network-fulfillment/internal/application/usecases/recompute_capability_offers.go:96.4,97.1 1 0
github.com/claudioed/network-fulfillment/internal/application/usecases/recompute_capability_offers.go:98.3,98.51 1 0
github.com/claudioed/network-fulfillment/internal/application/usecases/recompute_capability_offers.go:99.4,99.23 1 0
github.com/claudioed/network-fulfillment/internal/application/usecases/recompute_capability_offers.go:100.5,102.1 1 0
github.com/claudioed/network-fulfillment/internal/application/usecases/recompute_capability_offers.go:103.4,103.12 1 0
github.com/claudioed/network-fulfillment/internal/application/usecases/recompute_capability_offers.go:106.2,106.17 1 0
github.com/claudioed/network-fulfillment/internal/application/usecases/recompute_capability_offers.go:116.2,116.18 1 0
github.com/claudioed/network-fulfillment/internal/application/usecases/recompute_capability_offers.go:117.3,118.1 1 0
github.com/claudioed/network-fulfillment/internal/application/usecases/recompute_capability_offers.go:119.2,121.31 3 0
github.com/claudioed/network-fulfillment/internal/application/usecases/recompute_capability_offers.go:122.3,123.13 2 0
github.com/claudioed/network-fulfillment/internal/application/usecases/recompute_capability_offers.go:124.4,124.12 1 0
github.com/claudioed/network-fulfillment/internal/application/usecases/recompute_capability_offers.go:126.3,127.17 2 0
github.com/claudioed/network-fulfillment/internal/application/usecases/recompute_capability_offers.go:129.2,129.24 1 0
github.com/claudioed/network-fulfillment/internal/application/usecases/reconcile_submitted_orders.go:43.2,44.16 2 0
github.com/claudioed/network-fulfillment/internal/application/usecases/reconcile_submitted_orders.go:45.3,46.1 1 0
github.com/claudioed/network-fulfillment/internal/application/usecases/reconcile_submitted_orders.go:48.2,49.30 2 0
github.com/claudioed/network-fulfillment/internal/application/usecases/reconcile_submitted_orders.go:50.3,51.17 2 0
github.com/claudioed/network-fulfillment/internal/application/usecases/reconcile_submitted_orders.go:56.4,56.12 1 0
github.com/claudioed/network-fulfillment/internal/application/usecases/reconcile_submitted_orders.go:58.3,58.17 1 0
github.com/claudioed/network-fulfillment/internal/application/usecases/reconcile_submitted_orders.go:60.4,60.45 1 0
github.com/claudioed/network-fulfillment/internal/application/usecases/reconcile_submitted_orders.go:61.5,61.13 1 0
github.com/claudioed/network-fulfillment/internal/application/usecases/reconcile_submitted_orders.go:63.4,63.19 1 0
github.com/claudioed/network-fulfillment/internal/application/usecases/reconcile_submitted_orders.go:65.4,65.42 1 0
github.com/claudioed/network-fulfillment/internal/application/usecases/reconcile_submitted_orders.go:66.5,66.13 1 0
github.com/claudioed/network-fulfillment/internal/application/usecases/reconcile_submitted_orders.go:68.4,68.16 1 0
github.com/claudioed/network-fulfillment/internal/application/usecases/reconcile_submitted_orders.go:70.4,70.17 1 0
github.com/claudioed/network-fulfillment/internal/application/usecases/reconcile_submitted_orders.go:73.2,73.17 1 0
github.com/claudioed/network-fulfillment/internal/application/usecases/reconcile_submitted_orders.go:81.2,81.51 1 0
github.com/claudioed/network-fulfillment/internal/application/usecases/reconcile_submitted_orders.go:82.3,83.1 1 0
github.com/claudioed/network-fulfillment/internal/application/usecases/reconcile_submitted_orders.go:84.2,84.75 1 0
github.com/claudioed/network-fulfillment/internal/application/usecases/reconcile_submitted_orders.go:85.3,86.1 1 0
github.com/claudioed/network-fulfillment/internal/application/usecases/reconcile_submitted_orders.go:87.3,88.1 1 0
github.com/claudioed/network-fulfillment/internal/application/usecases/reconcile_submitted_orders.go:89.2,89.45 1 0
github.com/claudioed/network-fulfillment/internal/application/usecases/reconcile_submitted_orders.go:90.3,91.1 1 0
github.com/claudioed/network-fulfillment/internal/application/usecases/reconcile_submitted_orders.go:92.2,92.12 1 0
github.com/claudioed/network-fulfillment/internal/application/usecases/reconcile_submitted_orders.go:101.2,101.45 1 0
github.com/claudioed/network-fulfillment/internal/application/usecases/reconcile_submitted_orders.go:102.3,102.65 1 0
github.com/claudioed/network-fulfillment/internal/application/usecases/reconcile_submitted_orders.go:103.4,104.1 1 0
github.com/claudioed/network-fulfillment/internal/application/usecases/reconcile_submitted_orders.go:106.2,106.35 1 0
github.com/claudioed/network-fulfillment/internal/application/usecases/reconcile_submitted_orders.go:107.3,108.1 1 0
github.com/claudioed/network-fulfillment/internal/application/usecases/reconcile_submitted_orders.go:109.2,109.72 1 0
github.com/claudioed/network-fulfillment/internal/application/usecases/reconcile_submitted_orders.go:110.3,110.48 1 0
github.com/claudioed/network-fulfillment/internal/application/usecases/reconcile_submitted_orders.go:111.4,112.1 1 0
github.com/claudioed/network-fulfillment/internal/application/usecases/reconcile_submitted_orders.go:113.3,118.5 1 0
github.com/claudioed/network-fulfillment/internal/application/usecases/reject_overdue_orders.go:46.2,47.1 3 0
github.com/claudioed/network-fulfillment/internal/application/usecases/reject_overdue_orders.go:48.2,49.16 3 0
github.com/claudioed/network-fulfillment/internal/application/usecases/reject_overdue_orders.go:50.3,51.1 1 0
github.com/claudioed/network-fulfillment/internal/application/usecases/reject_overdue_orders.go:53.2,54.31 2 0
github.com/claudioed/network-fulfillment/internal/application/usecases/reject_overdue_orders.go:55.3,55.37 1 0
github.com/claudioed/network-fulfillment/internal/application/usecases/reject_overdue_orders.go:56.4,56.12 1 0
github.com/claudioed/network-fulfillment/internal/application/usecases/reject_overdue_orders.go:58.3,58.46 1 0
github.com/claudioed/network-fulfillment/internal/application/usecases/reject_overdue_orders.go:64.4,64.12 1 0
github.com/claudioed/network-fulfillment/internal/application/usecases/reject_overdue_orders.go:66.3,66.17 1 0
github.com/claudioed/network-fulfillment/internal/application/usecases/reject_overdue_orders.go:68.2,68.17 1 0
github.com/claudioed/network-fulfillment/internal/application/usecases/reject_overdue_orders.go:75.2,75.45 1 0
github.com/claudioed/network-fulfillment/internal/application/usecases/reject_overdue_orders.go:76.3,76.65 1 0
github.com/claudioed/network-fulfillment/internal/application/usecases/reject_overdue_orders.go:77.4,78.1 1 0
github.com/claudioed/network-fulfillment/internal/application/usecases/reject_overdue_orders.go:80.2,80.35 1 0
github.com/claudioed/network-fulfillment/internal/application/usecases/reject_overdue_orders.go:81.3,82.1 1 0
github.com/claudioed/network-fulfillment/internal/application/usecases/reject_overdue_orders.go:86.2,86.72 1 0
github.com/claudioed/network-fulfillment/internal/application/usecases/reject_overdue_orders.go:87.3,87.48 1 0
github.com/claudioed/network-fulfillment/internal/application/usecases/reject_overdue_orders.go:88.4,89.1 1 0
github.com/claudioed/network-fulfillment/internal/application/usecases/reject_overdue_orders.go:90.3,95.5 1 0
github.com/claudioed/network-fulfillment/internal/application/usecases/sweep_acknowledgement_deadlines.go:39.2,40.1 3 0
github.com/claudioed/network-fulfillment/internal/application/usecases/sweep_acknowledgement_deadlines.go:41.2,42.16 3 0
github.com/claudioed/network-fulfillment/internal/application/usecases/sweep_acknowledgement_deadlines.go:43.3,44.1 1 0
github.com/claudioed/network-fulfillment/internal/application/usecases/sweep_acknowledgement_deadlines.go:46.2,47.31 2 0
github.com/claudioed/network-fulfillment/internal/application/usecases/sweep_acknowledgement_deadlines.go:48.3,48.37 1 0
github.com/claudioed/network-fulfillment/internal/application/usecases/sweep_acknowledgement_deadlines.go:49.4,49.12 1 0
github.com/claudioed/network-fulfillment/internal/application/usecases/sweep_acknowledgement_deadlines.go:54.3,59.18 1 0
github.com/claudioed/network-fulfillment/internal/application/usecases/sweep_acknowledgement_deadlines.go:60.4,60.12 1 0
github.com/claudioed/network-fulfillment/internal/application/usecases/sweep_acknowledgement_deadlines.go:62.3,62.15 1 0
github.com/claudioed/network-fulfillment/internal/application/usecases/sweep_acknowledgement_deadlines.go:64.2,64.17 1 0
github.com/claudioed/network-fulfillment/internal/application/usecases/unit_of_work.go:14.2,14.16 1 0
github.com/claudioed/network-fulfillment/internal/application/usecases/unit_of_work.go:15.3,16.1 1 0
github.com/claudioed/network-fulfillment/internal/application/usecases/unit_of_work.go:17.2,17.29 1 0
github.com/claudioed/network-fulfillment/internal/domain/capabilityoffer/capability_offer.go:83.2,83.15 1 4
github.com/claudioed/network-fulfillment/internal/domain/capabilityoffer/capability_offer.go:84.3,85.1 1 0
github.com/claudioed/network-fulfillment/internal/domain/capabilityoffer/capability_offer.go:86.2,86.18 1 4
github.com/claudioed/network-fulfillment/internal/domain/capabilityoffer/capability_offer.go:87.3,88.1 1 0
github.com/claudioed/network-fulfillment/internal/domain/capabilityoffer/capability_offer.go:89.2,89.28 1 4
github.com/claudioed/network-fulfillment/internal/domain/capabilityoffer/capability_offer.go:90.3,91.1 1 0
github.com/claudioed/network-fulfillment/internal/domain/capabilityoffer/capability_offer.go:92.2,92.44 1 4
github.com/claudioed/network-fulfillment/internal/domain/capabilityoffer/capability_offer.go:93.3,94.1 1 0
github.com/claudioed/network-fulfillment/internal/domain/capabilityoffer/capability_offer.go:95.2,95.15 1 4
github.com/claudioed/network-fulfillment/internal/domain/capabilityoffer/capability_offer.go:96.49,96.49 0 4
github.com/claudioed/network-fulfillment/internal/domain/capabilityoffer/capability_offer.go:98.3,98.44 1 0
github.com/claudioed/network-fulfillment/internal/domain/capabilityoffer/capability_offer.go:100.2,106.8 1 4
github.com/claudioed/network-fulfillment/internal/domain/capabilityoffer/capability_offer.go:122.2,122.65 1 0
github.com/claudioed/network-fulfillment/internal/domain/capabilityoffer/capability_offer.go:123.3,124.1 1 0
github.com/claudioed/network-fulfillment/internal/domain/capabilityoffer/capability_offer.go:125.2,126.13 2 0
github.com/claudioed/network-fulfillment/internal/domain/capabilityoffer/capability_offer.go:127.3,128.1 1 0
github.com/claudioed/network-fulfillment/internal/domain/capabilityoffer/capability_offer.go:129.2,129.89 1 0
github.com/claudioed/network-fulfillment/internal/domain/capabilityoffer/capability_offer.go:132.53,132.67 1 4
github.com/claudioed/network-fulfillment/internal/domain/capabilityoffer/capability_offer.go:133.53,133.70 1 4
github.com/claudioed/network-fulfillment/internal/domain/capabilityoffer/capability_offer.go:134.53,134.82 1 1
github.com/claudioed/network-fulfillment/internal/domain/capabilityoffer/capability_offer.go:135.53,135.69 1 0
github.com/claudioed/network-fulfillment/internal/domain/capabilityoffer/capability_offer.go:136.53,136.74 1 0
github.com/claudioed/network-fulfillment/internal/domain/networkorder/network_order.go:96.2,96.15 1 0
github.com/claudioed/network-fulfillment/internal/domain/networkorder/network_order.go:97.3,98.1 1 0
github.com/claudioed/network-fulfillment/internal/domain/networkorder/network_order.go:99.2,99.21 1 0
github.com/claudioed/network-fulfillment/internal/domain/networkorder/network_order.go:100.3,101.1 1 0
github.com/claudioed/network-fulfillment/internal/domain/networkorder/network_order.go:102.2,102.15 1 0
github.com/claudioed/network-fulfillment/internal/domain/networkorder/network_order.go:103.3,104.1 1 0
github.com/claudioed/network-fulfillment/internal/domain/networkorder/network_order.go:105.2,105.19 1 0
github.com/claudioed/network-fulfillment/internal/domain/networkorder/network_order.go:106.3,107.1 1 0
github.com/claudioed/network-fulfillment/internal/domain/networkorder/network_order.go:108.2,108.98 1 0
github.com/claudioed/network-fulfillment/internal/domain/networkorder/network_order.go:111.60,111.85 1 0
github.com/claudioed/network-fulfillment/internal/domain/networkorder/network_order.go:112.60,112.87 1 0
github.com/claudioed/network-fulfillment/internal/domain/networkorder/network_order.go:113.60,113.74 1 0
github.com/claudioed/network-fulfillment/internal/domain/networkorder/network_order.go:114.60,114.79 1 0
github.com/claudioed/network-fulfillment/internal/domain/networkorder/network_order.go:156.2,156.15 1 0
github.com/claudioed/network-fulfillment/internal/domain/networkorder/network_order.go:157.3,158.1 1 0
github.com/claudioed/network-fulfillment/internal/domain/networkorder/network_order.go:159.2,159.21 1 0
github.com/claudioed/network-fulfillment/internal/domain/networkorder/network_order.go:160.3,161.1 1 0
github.com/claudioed/network-fulfillment/internal/domain/networkorder/network_order.go:162.2,170.8 1 0
github.com/claudioed/network-fulfillment/internal/domain/networkorder/network_order.go:192.2,192.15 1 0
github.com/claudioed/network-fulfillment/internal/domain/networkorder/network_order.go:193.3,194.1 1 0
github.com/claudioed/network-fulfillment/internal/domain/networkorder/network_order.go:195.2,202.8 1 0
github.com/claudioed/network-fulfillment/internal/domain/networkorder/network_order.go:211.2,211.25 1 0
github.com/claudioed/network-fulfillment/internal/domain/networkorder/network_order.go:212.3,213.1 1 0
github.com/claudioed/network-fulfillment/internal/domain/networkorder/network_order.go:214.2,215.12 2 0
github.com/claudioed/network-fulfillment/internal/domain/networkorder/network_order.go:224.2,224.31 1 0
github.com/claudioed/network-fulfillment/internal/domain/networkorder/network_order.go:225.3,226.1 1 0
github.com/claudioed/network-fulfillment/internal/domain/networkorder/network_order.go:227.2,228.12 2 0
github.com/claudioed/network-fulfillment/internal/domain/networkorder/network_order.go:238.2,238.35 1 0
github.com/claudioed/network-fulfillment/internal/domain/networkorder/network_order.go:239.3,240.1 1 0
github.com/claudioed/network-fulfillment/internal/domain/networkorder/network_order.go:241.2,241.35 1 0
github.com/claudioed/network-fulfillment/internal/domain/networkorder/network_order.go:250.2,250.54 1 0
github.com/claudioed/network-fulfillment/internal/domain/networkorder/network_order.go:251.3,252.1 1 0
github.com/claudioed/network-fulfillment/internal/domain/networkorder/network_order.go:253.2,254.12 2 0
github.com/claudioed/network-fulfillment/internal/domain/networkorder/network_order.go:263.2,263.63 1 0
github.com/claudioed/network-fulfillment/internal/domain/networkorder/network_order.go:264.3,265.1 1 0
github.com/claudioed/network-fulfillment/internal/domain/networkorder/network_order.go:266.2,266.27 1 0
github.com/claudioed/network-fulfillment/internal/domain/networkorder/network_order.go:267.3,268.1 1 0
github.com/claudioed/network-fulfillment/internal/domain/networkorder/network_order.go:269.2,270.12 2 0
github.com/claudioed/network-fulfillment/internal/domain/networkorder/network_order.go:276.2,276.34 1 0
github.com/claudioed/network-fulfillment/internal/domain/networkorder/network_order.go:277.3,278.1 1 0
github.com/claudioed/network-fulfillment/internal/domain/networkorder/network_order.go:279.2,280.12 2 0
github.com/claudioed/network-fulfillment/internal/domain/networkorder/network_order.go:287.2,288.1 1 0
github.com/claudioed/network-fulfillment/internal/domain/networkorder/network_order.go:296.2,297.28 2 0
github.com/claudioed/network-fulfillment/internal/domain/networkorder/network_order.go:298.3,299.1 1 0
github.com/claudioed/network-fulfillment/internal/domain/networkorder/network_order.go:300.2,300.12 1 0
github.com/claudioed/network-fulfillment/internal/domain/networkorder/network_order.go:303.57,303.78 1 0
github.com/claudioed/network-fulfillment/internal/domain/networkorder/network_order.go:304.57,304.74 1 0
github.com/claudioed/network-fulfillment/internal/domain/networkorder/network_order.go:305.57,305.82 1 0
github.com/claudioed/network-fulfillment/internal/domain/networkorder/network_order.go:306.57,306.81 1 0
github.com/claudioed/network-fulfillment/internal/domain/networkorder/network_order.go:307.57,307.73 1 0
github.com/claudioed/network-fulfillment/internal/domain/networkorder/network_order.go:308.57,308.78 1 0
github.com/claudioed/network-fulfillment/internal/domain/networkorder/network_order.go:310.2,311.1 1 0
github.com/claudioed/network-fulfillment/internal/domain/networkorder/network_order.go:317.2,320.1 3 0
github.com/claudioed/network-fulfillment/internal/domain/networkorder/network_order.go:333.2,342.1 1 0
github.com/claudioed/network-fulfillment/internal/domain/shared/events.go:32.56,32.87 1 0
github.com/claudioed/network-fulfillment/internal/domain/shared/events.go:33.56,33.69 1 0
github.com/claudioed/network-fulfillment/internal/domain/shared/events.go:49.60,49.95 1 0
github.com/claudioed/network-fulfillment/internal/domain/shared/events.go:50.60,50.73 1 0
github.com/claudioed/network-fulfillment/internal/domain/shared/events.go:92.56,92.87 1 0
github.com/claudioed/network-fulfillment/internal/domain/shared/events.go:93.56,93.69 1 0
github.com/claudioed/network-fulfillment/internal/domain/shared/events.go:112.65,112.105 1 0
github.com/claudioed/network-fulfillment/internal/domain/shared/events.go:113.65,113.78 1 0
github.com/claudioed/network-fulfillment/internal/domain/shared/events.go:130.65,130.105 1 0
github.com/claudioed/network-fulfillment/internal/domain/shared/events.go:131.65,131.78 1 0
github.com/claudioed/network-fulfillment/internal/application/usecases/confirm_network_order_shipment.go:47.2,48.16 2 0
github.com/claudioed/network-fulfillment/internal/application/usecases/confirm_network_order_shipment.go:49.3,50.1 1 0
github.com/claudioed/network-fulfillment/internal/application/usecases/confirm_network_order_shipment.go:51.2,51.14 1 0
github.com/claudioed/network-fulfillment/internal/application/usecases/confirm_network_order_shipment.go:52.3,53.1 1 0
github.com/claudioed/network-fulfillment/internal/application/usecases/confirm_network_order_shipment.go:54.2,54.46 1 0
github.com/claudioed/network-fulfillment/internal/application/usecases/confirm_network_order_shipment.go:55.3,56.1 1 0
github.com/claudioed/network-fulfillment/internal/application/usecases/confirm_network_order_shipment.go:58.2,58.44 1 0
github.com/claudioed/network-fulfillment/internal/application/usecases/confirm_network_order_shipment.go:59.3,60.1 1 0
github.com/claudioed/network-fulfillment/internal/application/usecases/confirm_network_order_shipment.go:62.2,64.39 3 0
github.com/claudioed/network-fulfillment/internal/application/usecases/confirm_network_order_shipment.go:65.3,66.1 1 0
github.com/claudioed/network-fulfillment/internal/application/usecases/confirm_network_order_shipment.go:68.2,68.75 1 0
github.com/claudioed/network-fulfillment/internal/application/usecases/confirm_network_order_shipment.go:69.3,69.48 1 0
github.com/claudioed/network-fulfillment/internal/application/usecases/confirm_network_order_shipment.go:70.4,71.1 1 0
github.com/claudioed/network-fulfillment/internal/application/usecases/confirm_network_order_shipment.go:72.3,77.5 1 0
github.com/claudioed/network-fulfillment/internal/application/usecases/confirm_network_order_shipment.go:79.3,80.1 1 0
github.com/claudioed/network-fulfillment/internal/application/usecases/confirm_network_order_shipment.go:82.2,82.83 1 0
github.com/claudioed/network-fulfillment/internal/application/usecases/confirm_network_order_shipment.go:83.3,84.1 1 0
github.com/claudioed/network-fulfillment/internal/application/usecases/confirm_network_order_shipment.go:85.2,85.15 1 0
github.com/claudioed/network-fulfillment/internal/application/usecases/receive_network_demand.go:67.2,68.1 2 0
github.com/claudioed/network-fulfillment/internal/application/usecases/receive_network_demand.go:74.2,74.78 2 0
github.com/claudioed/network-fulfillment/internal/application/usecases/receive_network_demand.go:75.3,76.1 1 0
github.com/claudioed/network-fulfillment/internal/application/usecases/receive_network_demand.go:76.9,76.28 1 0
github.com/claudioed/network-fulfillment/internal/application/usecases/receive_network_demand.go:77.3,78.1 1 0
github.com/claudioed/network-fulfillment/internal/application/usecases/receive_network_demand.go:80.2,81.1 2 0
github.com/claudioed/network-fulfillment/internal/application/usecases/receive_network_demand.go:86.2,86.27 2 0
github.com/claudioed/network-fulfillment/internal/application/usecases/receive_network_demand.go:87.3,87.59 1 0
github.com/claudioed/network-fulfillment/internal/application/usecases/receive_network_demand.go:88.4,89.1 1 0
github.com/claudioed/network-fulfillment/internal/application/usecases/receive_network_demand.go:90.3,90.51 1 0
github.com/claudioed/network-fulfillment/internal/application/usecases/receive_network_demand.go:93.2,94.16 2 0
github.com/claudioed/network-fulfillment/internal/application/usecases/receive_network_demand.go:95.3,96.1 1 0
github.com/claudioed/network-fulfillment/internal/application/usecases/receive_network_demand.go:97.2,97.75 1 0
github.com/claudioed/network-fulfillment/internal/application/usecases/receive_network_demand.go:98.3,99.1 1 0
github.com/claudioed/network-fulfillment/internal/application/usecases/receive_network_demand.go:101.2,106.16 2 0
github.com/claudioed/network-fulfillment/internal/application/usecases/receive_network_demand.go:107.3,108.1 1 0
github.com/claudioed/network-fulfillment/internal/application/usecases/receive_network_demand.go:110.2,110.22 1 0
github.com/claudioed/network-fulfillment/internal/application/usecases/receive_network_demand.go:111.3,112.1 1 0
github.com/claudioed/network-fulfillment/internal/application/usecases/receive_network_demand.go:113.2,113.39 1 0
github.com/claudioed/network-fulfillment/internal/application/usecases/receive_network_demand.go:125.2,125.72 1 0
github.com/claudioed/network-fulfillment/internal/application/usecases/receive_network_demand.go:126.3,126.48 1 0
github.com/claudioed/network-fulfillment/internal/application/usecases/receive_network_demand.go:127.4,128.1 1 0
github.com/claudioed/network-fulfillment/internal/application/usecases/receive_network_demand.go:129.3,136.5 1 0
github.com/claudioed/network-fulfillment/internal/application/usecases/receive_network_demand.go:143.2,144.33 2 0
github.com/claudioed/network-fulfillment/internal/application/usecases/receive_network_demand.go:145.3,146.17 2 0
github.com/claudioed/network-fulfillment/internal/application/usecases/receive_network_demand.go:147.4,148.1 1 0
github.com/claudioed/network-fulfillment/internal/application/usecases/receive_network_demand.go:149.3,150.17 2 0
github.com/claudioed/network-fulfillment/internal/application/usecases/receive_network_demand.go:151.4,152.1 1 0
github.com/claudioed/network-fulfillment/internal/application/usecases/receive_network_demand.go:153.3,153.30 1 0
github.com/claudioed/network-fulfillment/internal/application/usecases/receive_network_demand.go:155.2,155.19 1 0
github.com/claudioed/network-fulfillment/internal/application/usecases/receive_network_demand.go:163.2,164.16 2 0
github.com/claudioed/network-fulfillment/internal/application/usecases/receive_network_demand.go:165.3,166.1 1 0
github.com/claudioed/network-fulfillment/internal/application/usecases/receive_network_demand.go:167.2,167.66 1 0
github.com/claudioed/network-fulfillment/internal/application/usecases/receive_network_demand.go:168.3,169.1 1 0
github.com/claudioed/network-fulfillment/internal/application/usecases/receive_network_demand.go:170.2,170.72 1 0
github.com/claudioed/network-fulfillment/internal/application/usecases/receive_network_demand.go:186.2,186.18 1 0
github.com/claudioed/network-fulfillment/internal/application/usecases/receive_network_demand.go:187.3,187.65 1 0
github.com/claudioed/network-fulfillment/internal/application/usecases/receive_network_demand.go:188.4,189.1 1 0
github.com/claudioed/network-fulfillment/internal/application/usecases/receive_network_demand.go:191.2,191.35 1 0
github.com/claudioed/network-fulfillment/internal/application/usecases/receive_network_demand.go:192.3,193.1 1 0
github.com/claudioed/network-fulfillment/internal/application/usecases/receive_network_demand.go:194.2,194.75 1 0
github.com/claudioed/network-fulfillment/internal/application/usecases/receive_network_demand.go:195.3,195.48 1 0
github.com/claudioed/network-fulfillment/internal/application/usecases/receive_network_demand.go:196.4,197.1 1 0
github.com/claudioed/network-fulfillment/internal/application/usecases/receive_network_demand.go:198.3,203.5 1 0
github.com/claudioed/network-fulfillment/internal/application/usecases/receive_network_demand.go:205.3,206.1 1 0
github.com/claudioed/network-fulfillment/internal/application/usecases/receive_network_demand.go:207.2,207.85 1 0
github.com/claudioed/network-fulfillment/internal/application/usecases/receive_network_demand.go:208.3,209.1 1 0
github.com/claudioed/network-fulfillment/internal/application/usecases/receive_network_demand.go:210.2,210.15 1 0
github.com/claudioed/network-fulfillment/internal/application/usecases/receive_network_demand.go:224.2,224.35 1 0
github.com/claudioed/network-fulfillment/internal/application/usecases/receive_network_demand.go:225.3,226.1 1 0
github.com/claudioed/network-fulfillment/internal/application/usecases/receive_network_demand.go:227.2,227.62 1 0
github.com/claudioed/network-fulfillment/internal/application/usecases/receive_network_demand.go:228.3,229.1 1 0
github.com/claudioed/network-fulfillment/internal/application/usecases/receive_network_demand.go:230.2,230.75 1 0
github.com/claudioed/network-fulfillment/internal/application/usecases/receive_network_demand.go:231.3,231.48 1 0
github.com/claudioed/network-fulfillment/internal/application/usecases/receive_network_demand.go:232.4,233.1 1 0
github.com/claudioed/network-fulfillment/internal/application/usecases/receive_network_demand.go:234.3,240.5 1 0
github.com/claudioed/network-fulfillment/internal/application/usecases/receive_network_demand.go:242.3,243.1 1 0
github.com/claudioed/network-fulfillment/internal/application/usecases/receive_network_demand.go:244.2,244.84 1 0
github.com/claudioed/network-fulfillment/internal/application/usecases/receive_network_demand.go:245.3,246.1 1 0
github.com/claudioed/network-fulfillment/internal/application/usecases/receive_network_demand.go:253.2,253.15 1 0
github.com/claudioed/network-fulfillment/internal/application/usecases/recompute_capability_offers.go:64.2,65.16 2 0
github.com/claudioed/network-fulfillment/internal/application/usecases/recompute_capability_offers.go:66.3,67.1 1 0
github.com/claudioed/network-fulfillment/internal/application/usecases/recompute_capability_offers.go:69.2,71.1 4 0
github.com/claudioed/network-fulfillment/internal/application/usecases/recompute_capability_offers.go:72.2,73.27 4 0
github.com/claudioed/network-fulfillment/internal/application/usecases/recompute_capability_offers.go:74.3,75.1 3 0
github.com/claudioed/network-fulfillment/internal/application/usecases/recompute_capability_offers.go:76.3,77.17 3 0
github.com/claudioed/network-fulfillment/internal/application/usecases/recompute_capability_offers.go:78.4,78.23 1 0
github.com/claudioed/network-fulfillment/internal/application/usecases/recompute_capability_offers.go:79.5,81.1 1 0
github.com/claudioed/network-fulfillment/internal/application/usecases/recompute_capability_offers.go:82.4,82.12 1 0
github.com/claudioed/network-fulfillment/internal/application/usecases/recompute_capability_offers.go:85.3,86.1 3 0
github.com/claudioed/network-fulfillment/internal/application/usecases/recompute_capability_offers.go:87.3,88.17 3 0
github.com/claudioed/network-fulfillment/internal/application/usecases/recompute_capability_offers.go:89.4,89.23 1 0
github.com/claudioed/network-fulfillment/internal/application/usecases/recompute_capability_offers.go:90.5,92.1 1 0
github.com/claudioed/network-fulfillment/internal/application/usecases/recompute_capability_offers.go:93.4,93.12 1 0
github.com/claudioed/network-fulfillment/internal/application/usecases/recompute_capability_offers.go:95.3,95.66 1 0
github.com/claudioed/network-fulfillment/internal/application/usecases/recompute_capability_offers.go:96.4,97.1 1 0
github.com/claudioed/network-fulfillment/internal/application/usecases/recompute_capability_offers.go:98.3,98.51 1 0
github.com/claudioed/network-fulfillment/internal/application/usecases/recompute_capability_offers.go:99.4,99.23 1 0
github.com/claudioed/network-fulfillment/internal/application/usecases/recompute_capability_offers.go:100.5,102.1 1 0
github.com/claudioed/network-fulfillment/internal/application/usecases/recompute_capability_offers.go:103.4,103.12 1 0
github.com/claudioed/network-fulfillment/internal/application/usecases/recompute_capability_offers.go:106.2,106.17 1 0
github.com/claudioed/network-fulfillment/internal/application/usecases/recompute_capability_offers.go:116.2,116.18 1 0
github.com/claudioed/network-fulfillment/internal/application/usecases/recompute_capability_offers.go:117.3,118.1 1 0
github.com/claudioed/network-fulfillment/internal/application/usecases/recompute_capability_offers.go:119.2,121.31 3 0
github.com/claudioed/network-fulfillment/internal/application/usecases/recompute_capability_offers.go:122.3,123.13 2 0
github.com/claudioed/network-fulfillment/internal/application/usecases/recompute_capability_offers.go:124.4,124.12 1 0
github.com/claudioed/network-fulfillment/internal/application/usecases/recompute_capability_offers.go:126.3,127.17 2 0
github.com/claudioed/network-fulfillment/internal/application/usecases/recompute_capability_offers.go:129.2,129.24 1 0
github.com/claudioed/network-fulfillment/internal/application/usecases/reconcile_submitted_orders.go:43.2,44.16 2 0
github.com/claudioed/network-fulfillment/internal/application/usecases/reconcile_submitted_orders.go:45.3,46.1 1 0
github.com/claudioed/network-fulfillment/internal/application/usecases/reconcile_submitted_orders.go:48.2,49.30 2 0
github.com/claudioed/network-fulfillment/internal/application/usecases/reconcile_submitted_orders.go:50.3,51.17 2 0
github.com/claudioed/network-fulfillment/internal/application/usecases/reconcile_submitted_orders.go:56.4,56.12 1 0
github.com/claudioed/network-fulfillment/internal/application/usecases/reconcile_submitted_orders.go:58.3,58.17 1 0
github.com/claudioed/network-fulfillment/internal/application/usecases/reconcile_submitted_orders.go:60.4,60.45 1 0
github.com/claudioed/network-fulfillment/internal/application/usecases/reconcile_submitted_orders.go:61.5,61.13 1 0
github.com/claudioed/network-fulfillment/internal/application/usecases/reconcile_submitted_orders.go:63.4,63.19 1 0
github.com/claudioed/network-fulfillment/internal/application/usecases/reconcile_submitted_orders.go:65.4,65.42 1 0
github.com/claudioed/network-fulfillment/internal/application/usecases/reconcile_submitted_orders.go:66.5,66.13 1 0
github.com/claudioed/network-fulfillment/internal/application/usecases/reconcile_submitted_orders.go:68.4,68.16 1 0
github.com/claudioed/network-fulfillment/internal/application/usecases/reconcile_submitted_orders.go:70.4,70.17 1 0
github.com/claudioed/network-fulfillment/internal/application/usecases/reconcile_submitted_orders.go:73.2,73.17 1 0
github.com/claudioed/network-fulfillment/internal/application/usecases/reconcile_submitted_orders.go:81.2,81.51 1 0
github.com/claudioed/network-fulfillment/internal/application/usecases/reconcile_submitted_orders.go:82.3,83.1 1 0
github.com/claudioed/network-fulfillment/internal/application/usecases/reconcile_submitted_orders.go:84.2,84.75 1 0
github.com/claudioed/network-fulfillment/internal/application/usecases/reconcile_submitted_orders.go:85.3,86.1 1 0
github.com/claudioed/network-fulfillment/internal/application/usecases/reconcile_submitted_orders.go:87.3,88.1 1 0
github.com/claudioed/network-fulfillment/internal/application/usecases/reconcile_submitted_orders.go:89.2,89.45 1 0
github.com/claudioed/network-fulfillment/internal/application/usecases/reconcile_submitted_orders.go:90.3,91.1 1 0
github.com/claudioed/network-fulfillment/internal/application/usecases/reconcile_submitted_orders.go:92.2,92.12 1 0
github.com/claudioed/network-fulfillment/internal/application/usecases/reconcile_submitted_orders.go:101.2,101.45 1 0
github.com/claudioed/network-fulfillment/internal/application/usecases/reconcile_submitted_orders.go:102.3,102.65 1 0
github.com/claudioed/network-fulfillment/internal/application/usecases/reconcile_submitted_orders.go:103.4,104.1 1 0
github.com/claudioed/network-fulfillment/internal/application/usecases/reconcile_submitted_orders.go:106.2,106.35 1 0
github.com/claudioed/network-fulfillment/internal/application/usecases/reconcile_submitted_orders.go:107.3,108.1 1 0
github.com/claudioed/network-fulfillment/internal/application/usecases/reconcile_submitted_orders.go:109.2,109.72 1 0
github.com/claudioed/network-fulfillment/internal/application/usecases/reconcile_submitted_orders.go:110.3,110.48 1 0
github.com/claudioed/network-fulfillment/internal/application/usecases/reconcile_submitted_orders.go:111.4,112.1 1 0
github.com/claudioed/network-fulfillment/internal/application/usecases/reconcile_submitted_orders.go:113.3,118.5 1 0
github.com/claudioed/network-fulfillment/internal/application/usecases/reject_overdue_orders.go:46.2,47.1 3 0
github.com/claudioed/network-fulfillment/internal/application/usecases/reject_overdue_orders.go:48.2,49.16 3 0
github.com/claudioed/network-fulfillment/internal/application/usecases/reject_overdue_orders.go:50.3,51.1 1 0
github.com/claudioed/network-fulfillment/internal/application/usecases/reject_overdue_orders.go:53.2,54.31 2 0
github.com/claudioed/network-fulfillment/internal/application/usecases/reject_overdue_orders.go:55.3,55.37 1 0
github.com/claudioed/network-fulfillment/internal/application/usecases/reject_overdue_orders.go:56.4,56.12 1 0
github.com/claudioed/network-fulfillment/internal/application/usecases/reject_overdue_orders.go:58.3,58.46 1 0
github.com/claudioed/network-fulfillment/internal/application/usecases/reject_overdue_orders.go:64.4,64.12 1 0
github.com/claudioed/network-fulfillment/internal/application/usecases/reject_overdue_orders.go:66.3,66.17 1 0
github.com/claudioed/network-fulfillment/internal/application/usecases/reject_overdue_orders.go:68.2,68.17 1 0
github.com/claudioed/network-fulfillment/internal/application/usecases/reject_overdue_orders.go:75.2,75.45 1 0
github.com/claudioed/network-fulfillment/internal/application/usecases/reject_overdue_orders.go:76.3,76.65 1 0
github.com/claudioed/network-fulfillment/internal/application/usecases/reject_overdue_orders.go:77.4,78.1 1 0
github.com/claudioed/network-fulfillment/internal/application/usecases/reject_overdue_orders.go:80.2,80.35 1 0
github.com/claudioed/network-fulfillment/internal/application/usecases/reject_overdue_orders.go:81.3,82.1 1 0
github.com/claudioed/network-fulfillment/internal/application/usecases/reject_overdue_orders.go:86.2,86.72 1 0
github.com/claudioed/network-fulfillment/internal/application/usecases/reject_overdue_orders.go:87.3,87.48 1 0
github.com/claudioed/network-fulfillment/internal/application/usecases/reject_overdue_orders.go:88.4,89.1 1 0
github.com/claudioed/network-fulfillment/internal/application/usecases/reject_overdue_orders.go:90.3,95.5 1 0
github.com/claudioed/network-fulfillment/internal/application/usecases/sweep_acknowledgement_deadlines.go:39.2,40.1 3 0
github.com/claudioed/network-fulfillment/internal/application/usecases/sweep_acknowledgement_deadlines.go:41.2,42.16 3 0
github.com/claudioed/network-fulfillment/internal/application/usecases/sweep_acknowledgement_deadlines.go:43.3,44.1 1 0
github.com/claudioed/network-fulfillment/internal/application/usecases/sweep_acknowledgement_deadlines.go:46.2,47.31 2 0
github.com/claudioed/network-fulfillment/internal/application/usecases/sweep_acknowledgement_deadlines.go:48.3,48.37 1 0
github.com/claudioed/network-fulfillment/internal/application/usecases/sweep_acknowledgement_deadlines.go:49.4,49.12 1 0
github.com/claudioed/network-fulfillment/internal/application/usecases/sweep_acknowledgement_deadlines.go:54.3,59.18 1 0
github.com/claudioed/network-fulfillment/internal/application/usecases/sweep_acknowledgement_deadlines.go:60.4,60.12 1 0
github.com/claudioed/network-fulfillment/internal/application/usecases/sweep_acknowledgement_deadlines.go:62.3,62.15 1 0
github.com/claudioed/network-fulfillment/internal/application/usecases/sweep_acknowledgement_deadlines.go:64.2,64.17 1 0
github.com/claudioed/network-fulfillment/internal/application/usecases/unit_of_work.go:14.2,14.16 1 0
github.com/claudioed/network-fulfillment/internal/application/usecases/unit_of_work.go:15.3,16.1 1 0
github.com/claudioed/network-fulfillment/internal/application/usecases/unit_of_work.go:17.2,17.29 1 0
github.com/claudioed/network-fulfillment/internal/domain/capabilityoffer/capability_offer.go:83.2,83.15 1 0
github.com/claudioed/network-fulfillment/internal/domain/capabilityoffer/capability_offer.go:84.3,85.1 1 0
github.com/claudioed/network-fulfillment/internal/domain/capabilityoffer/capability_offer.go:86.2,86.18 1 0
github.com/claudioed/network-fulfillment/internal/domain/capabilityoffer/capability_offer.go:87.3,88.1 1 0
github.com/claudioed/network-fulfillment/internal/domain/capabilityoffer/capability_offer.go:89.2,89.28 1 0
github.com/claudioed/network-fulfillment/internal/domain/capabilityoffer/capability_offer.go:90.3,91.1 1 0
github.com/claudioed/network-fulfillment/internal/domain/capabilityoffer/capability_offer.go:92.2,92.44 1 0
github.com/claudioed/network-fulfillment/internal/domain/capabilityoffer/capability_offer.go:93.3,94.1 1 0
github.com/claudioed/network-fulfillment/internal/domain/capabilityoffer/capability_offer.go:95.2,95.15 1 0
github.com/claudioed/network-fulfillment/internal/domain/capabilityoffer/capability_offer.go:96.49,96.49 0 0
github.com/claudioed/network-fulfillment/internal/domain/capabilityoffer/capability_offer.go:98.3,98.44 1 0
github.com/claudioed/network-fulfillment/internal/domain/capabilityoffer/capability_offer.go:100.2,106.8 1 0
github.com/claudioed/network-fulfillment/internal/domain/capabilityoffer/capability_offer.go:122.2,122.65 1 0
github.com/claudioed/network-fulfillment/internal/domain/capabilityoffer/capability_offer.go:123.3,124.1 1 0
github.com/claudioed/network-fulfillment/internal/domain/capabilityoffer/capability_offer.go:125.2,126.13 2 0
github.com/claudioed/network-fulfillment/internal/domain/capabilityoffer/capability_offer.go:127.3,128.1 1 0
github.com/claudioed/network-fulfillment/internal/domain/capabilityoffer/capability_offer.go:129.2,129.89 1 0
github.com/claudioed/network-fulfillment/internal/domain/capabilityoffer/capability_offer.go:132.53,132.67 1 0
github.com/claudioed/network-fulfillment/internal/domain/capabilityoffer/capability_offer.go:133.53,133.70 1 0
github.com/claudioed/network-fulfillment/internal/domain/capabilityoffer/capability_offer.go:134.53,134.82 1 0
github.com/claudioed/network-fulfillment/internal/domain/capabilityoffer/capability_offer.go:135.53,135.69 1 0
github.com/claudioed/network-fulfillment/internal/domain/capabilityoffer/capability_offer.go:136.53,136.74 1 0
github.com/claudioed/network-fulfillment/internal/domain/networkorder/network_order.go:96.2,96.15 1 0
github.com/claudioed/network-fulfillment/internal/domain/networkorder/network_order.go:97.3,98.1 1 0
github.com/claudioed/network-fulfillment/internal/domain/networkorder/network_order.go:99.2,99.21 1 0
github.com/claudioed/network-fulfillment/internal/domain/networkorder/network_order.go:100.3,101.1 1 0
github.com/claudioed/network-fulfillment/internal/domain/networkorder/network_order.go:102.2,102.15 1 0
github.com/claudioed/network-fulfillment/internal/domain/networkorder/network_order.go:103.3,104.1 1 0
github.com/claudioed/network-fulfillment/internal/domain/networkorder/network_order.go:105.2,105.19 1 0
github.com/claudioed/network-fulfillment/internal/domain/networkorder/network_order.go:106.3,107.1 1 0
github.com/claudioed/network-fulfillment/internal/domain/networkorder/network_order.go:108.2,108.98 1 0
github.com/claudioed/network-fulfillment/internal/domain/networkorder/network_order.go:111.60,111.85 1 0
github.com/claudioed/network-fulfillment/internal/domain/networkorder/network_order.go:112.60,112.87 1 0
github.com/claudioed/network-fulfillment/internal/domain/networkorder/network_order.go:113.60,113.74 1 0
github.com/claudioed/network-fulfillment/internal/domain/networkorder/network_order.go:114.60,114.79 1 0
github.com/claudioed/network-fulfillment/internal/domain/networkorder/network_order.go:156.2,156.15 1 0
github.com/claudioed/network-fulfillment/internal/domain/networkorder/network_order.go:157.3,158.1 1 0
github.com/claudioed/network-fulfillment/internal/domain/networkorder/network_order.go:159.2,159.21 1 0
github.com/claudioed/network-fulfillment/internal/domain/networkorder/network_order.go:160.3,161.1 1 0
github.com/claudioed/network-fulfillment/internal/domain/networkorder/network_order.go:162.2,170.8 1 0
github.com/claudioed/network-fulfillment/internal/domain/networkorder/network_order.go:192.2,192.15 1 0
github.com/claudioed/network-fulfillment/internal/domain/networkorder/network_order.go:193.3,194.1 1 0
github.com/claudioed/network-fulfillment/internal/domain/networkorder/network_order.go:195.2,202.8 1 0
github.com/claudioed/network-fulfillment/internal/domain/networkorder/network_order.go:211.2,211.25 1 0
github.com/claudioed/network-fulfillment/internal/domain/networkorder/network_order.go:212.3,213.1 1 0
github.com/claudioed/network-fulfillment/internal/domain/networkorder/network_order.go:214.2,215.12 2 0
github.com/claudioed/network-fulfillment/internal/domain/networkorder/network_order.go:224.2,224.31 1 0
github.com/claudioed/network-fulfillment/internal/domain/networkorder/network_order.go:225.3,226.1 1 0
github.com/claudioed/network-fulfillment/internal/domain/networkorder/network_order.go:227.2,228.12 2 0
github.com/claudioed/network-fulfillment/internal/domain/networkorder/network_order.go:238.2,238.35 1 0
github.com/claudioed/network-fulfillment/internal/domain/networkorder/network_order.go:239.3,240.1 1 0
github.com/claudioed/network-fulfillment/internal/domain/networkorder/network_order.go:241.2,241.35 1 0
github.com/claudioed/network-fulfillment/internal/domain/networkorder/network_order.go:250.2,250.54 1 0
github.com/claudioed/network-fulfillment/internal/domain/networkorder/network_order.go:251.3,252.1 1 0
github.com/claudioed/network-fulfillment/internal/domain/networkorder/network_order.go:253.2,254.12 2 0
github.com/claudioed/network-fulfillment/internal/domain/networkorder/network_order.go:263.2,263.63 1 0
github.com/claudioed/network-fulfillment/internal/domain/networkorder/network_order.go:264.3,265.1 1 0
github.com/claudioed/network-fulfillment/internal/domain/networkorder/network_order.go:266.2,266.27 1 0
github.com/claudioed/network-fulfillment/internal/domain/networkorder/network_order.go:267.3,268.1 1 0
github.com/claudioed/network-fulfillment/internal/domain/networkorder/network_order.go:269.2,270.12 2 0
github.com/claudioed/network-fulfillment/internal/domain/networkorder/network_order.go:276.2,276.34 1 0
github.com/claudioed/network-fulfillment/internal/domain/networkorder/network_order.go:277.3,278.1 1 0
github.com/claudioed/network-fulfillment/internal/domain/networkorder/network_order.go:279.2,280.12 2 0
github.com/claudioed/network-fulfillment/internal/domain/networkorder/network_order.go:287.2,288.1 1 0
github.com/claudioed/network-fulfillment/internal/domain/networkorder/network_order.go:296.2,297.28 2 0
github.com/claudioed/network-fulfillment/internal/domain/networkorder/network_order.go:298.3,299.1 1 0
github.com/claudioed/network-fulfillment/internal/domain/networkorder/network_order.go:300.2,300.12 1 0
github.com/claudioed/network-fulfillment/internal/domain/networkorder/network_order.go:303.57,303.78 1 0
github.com/claudioed/network-fulfillment/internal/domain/networkorder/network_order.go:304.57,304.74 1 0
github.com/claudioed/network-fulfillment/internal/domain/networkorder/network_order.go:305.57,305.82 1 0
github.com/claudioed/network-fulfillment/internal/domain/networkorder/network_order.go:306.57,306.81 1 0
github.com/claudioed/network-fulfillment/internal/domain/networkorder/network_order.go:307.57,307.73 1 0
github.com/claudioed/network-fulfillment/internal/domain/networkorder/network_order.go:308.57,308.78 1 0
github.com/claudioed/network-fulfillment/internal/domain/networkorder/network_order.go:310.2,311.1 1 0
github.com/claudioed/network-fulfillment/internal/domain/networkorder/network_order.go:317.2,320.1 3 0
github.com/claudioed/network-fulfillment/internal/domain/networkorder/network_order.go:333.2,342.1 1 0
github.com/claudioed/network-fulfillment/internal/domain/shared/events.go:32.56,32.87 1 0
github.com/claudioed/network-fulfillment/internal/domain/shared/events.go:33.56,33.69 1 0
github.com/claudioed/network-fulfillment/internal/domain/shared/events.go:49.60,49.95 1 0
github.com/claudioed/network-fulfillment/internal/domain/shared/events.go:50.60,50.73 1 0
github.com/claudioed/network-fulfillment/internal/domain/shared/events.go:92.56,92.87 1 0
github.com/claudioed/network-fulfillment/internal/domain/shared/events.go:93.56,93.69 1 0
github.com/claudioed/network-fulfillment/internal/domain/shared/events.go:112.65,112.105 1 0
github.com/claudioed/network-fulfillment/internal/domain/shared/events.go:113.65,113.78 1 0
github.com/claudioed/network-fulfillment/internal/domain/shared/events.go:130.65,130.105 1 0
github.com/claudioed/network-fulfillment/internal/domain/shared/events.go:131.65,131.78 1 0
github.com/claudioed/network-fulfillment/internal/application/usecases/confirm_network_order_shipment.go:47.2,48.16 2 0
github.com/claudioed/network-fulfillment/internal/application/usecases/confirm_network_order_shipment.go:49.3,50.1 1 0
github.com/claudioed/network-fulfillment/internal/application/usecases/confirm_network_order_shipment.go:51.2,51.14 1 0
github.com/claudioed/network-fulfillment/internal/application/usecases/confirm_network_order_shipment.go:52.3,53.1 1 0
github.com/claudioed/network-fulfillment/internal/application/usecases/confirm_network_order_shipment.go:54.2,54.46 1 0
github.com/claudioed/network-fulfillment/internal/application/usecases/confirm_network_order_shipment.go:55.3,56.1 1 0
github.com/claudioed/network-fulfillment/internal/application/usecases/confirm_network_order_shipment.go:58.2,58.44 1 0
github.com/claudioed/network-fulfillment/internal/application/usecases/confirm_network_order_shipment.go:59.3,60.1 1 0
github.com/claudioed/network-fulfillment/internal/application/usecases/confirm_network_order_shipment.go:62.2,64.39 3 0
github.com/claudioed/network-fulfillment/internal/application/usecases/confirm_network_order_shipment.go:65.3,66.1 1 0
github.com/claudioed/network-fulfillment/internal/application/usecases/confirm_network_order_shipment.go:68.2,68.75 1 0
github.com/claudioed/network-fulfillment/internal/application/usecases/confirm_network_order_shipment.go:69.3,69.48 1 0
github.com/claudioed/network-fulfillment/internal/application/usecases/confirm_network_order_shipment.go:70.4,71.1 1 0
github.com/claudioed/network-fulfillment/internal/application/usecases/confirm_network_order_shipment.go:72.3,77.5 1 0
github.com/claudioed/network-fulfillment/internal/application/usecases/confirm_network_order_shipment.go:79.3,80.1 1 0
github.com/claudioed/network-fulfillment/internal/application/usecases/confirm_network_order_shipment.go:82.2,82.83 1 0
github.com/claudioed/network-fulfillment/internal/application/usecases/confirm_network_order_shipment.go:83.3,84.1 1 0
github.com/claudioed/network-fulfillment/internal/application/usecases/confirm_network_order_shipment.go:85.2,85.15 1 0
github.com/claudioed/network-fulfillment/internal/application/usecases/receive_network_demand.go:67.2,68.1 2 0
github.com/claudioed/network-fulfillment/internal/application/usecases/receive_network_demand.go:74.2,74.78 2 0
github.com/claudioed/network-fulfillment/internal/application/usecases/receive_network_demand.go:75.3,76.1 1 0
github.com/claudioed/network-fulfillment/internal/application/usecases/receive_network_demand.go:76.9,76.28 1 0
github.com/claudioed/network-fulfillment/internal/application/usecases/receive_network_demand.go:77.3,78.1 1 0
github.com/claudioed/network-fulfillment/internal/application/usecases/receive_network_demand.go:80.2,81.1 2 0
github.com/claudioed/network-fulfillment/internal/application/usecases/receive_network_demand.go:86.2,86.27 2 0
github.com/claudioed/network-fulfillment/internal/application/usecases/receive_network_demand.go:87.3,87.59 1 0
github.com/claudioed/network-fulfillment/internal/application/usecases/receive_network_demand.go:88.4,89.1 1 0
github.com/claudioed/network-fulfillment/internal/application/usecases/receive_network_demand.go:90.3,90.51 1 0
github.com/claudioed/network-fulfillment/internal/application/usecases/receive_network_demand.go:93.2,94.16 2 0
github.com/claudioed/network-fulfillment/internal/application/usecases/receive_network_demand.go:95.3,96.1 1 0
github.com/claudioed/network-fulfillment/internal/application/usecases/receive_network_demand.go:97.2,97.75 1 0
github.com/claudioed/network-fulfillment/internal/application/usecases/receive_network_demand.go:98.3,99.1 1 0
github.com/claudioed/network-fulfillment/internal/application/usecases/receive_network_demand.go:101.2,106.16 2 0
github.com/claudioed/network-fulfillment/internal/application/usecases/receive_network_demand.go:107.3,108.1 1 0
github.com/claudioed/network-fulfillment/internal/application/usecases/receive_network_demand.go:110.2,110.22 1 0
github.com/claudioed/network-fulfillment/internal/application/usecases/receive_network_demand.go:111.3,112.1 1 0
github.com/claudioed/network-fulfillment/internal/application/usecases/receive_network_demand.go:113.2,113.39 1 0
github.com/claudioed/network-fulfillment/internal/application/usecases/receive_network_demand.go:125.2,125.72 1 0
github.com/claudioed/network-fulfillment/internal/application/usecases/receive_network_demand.go:126.3,126.48 1 0
github.com/claudioed/network-fulfillment/internal/application/usecases/receive_network_demand.go:127.4,128.1 1 0
github.com/claudioed/network-fulfillment/internal/application/usecases/receive_network_demand.go:129.3,136.5 1 0
github.com/claudioed/network-fulfillment/internal/application/usecases/receive_network_demand.go:143.2,144.33 2 0
github.com/claudioed/network-fulfillment/internal/application/usecases/receive_network_demand.go:145.3,146.17 2 0
github.com/claudioed/network-fulfillment/internal/application/usecases/receive_network_demand.go:147.4,148.1 1 0
github.com/claudioed/network-fulfillment/internal/application/usecases/receive_network_demand.go:149.3,150.17 2 0
github.com/claudioed/network-fulfillment/internal/application/usecases/receive_network_demand.go:151.4,152.1 1 0
github.com/claudioed/network-fulfillment/internal/application/usecases/receive_network_demand.go:153.3,153.30 1 0
github.com/claudioed/network-fulfillment/internal/application/usecases/receive_network_demand.go:155.2,155.19 1 0
github.com/claudioed/network-fulfillment/internal/application/usecases/receive_network_demand.go:163.2,164.16 2 0
github.com/claudioed/network-fulfillment/internal/application/usecases/receive_network_demand.go:165.3,166.1 1 0
github.com/claudioed/network-fulfillment/internal/application/usecases/receive_network_demand.go:167.2,167.66 1 0
github.com/claudioed/network-fulfillment/internal/application/usecases/receive_network_demand.go:168.3,169.1 1 0
github.com/claudioed/network-fulfillment/internal/application/usecases/receive_network_demand.go:170.2,170.72 1 0
github.com/claudioed/network-fulfillment/internal/application/usecases/receive_network_demand.go:186.2,186.18 1 0
github.com/claudioed/network-fulfillment/internal/application/usecases/receive_network_demand.go:187.3,187.65 1 0
github.com/claudioed/network-fulfillment/internal/application/usecases/receive_network_demand.go:188.4,189.1 1 0
github.com/claudioed/network-fulfillment/internal/application/usecases/receive_network_demand.go:191.2,191.35 1 0
github.com/claudioed/network-fulfillment/internal/application/usecases/receive_network_demand.go:192.3,193.1 1 0
github.com/claudioed/network-fulfillment/internal/application/usecases/receive_network_demand.go:194.2,194.75 1 0
github.com/claudioed/network-fulfillment/internal/application/usecases/receive_network_demand.go:195.3,195.48 1 0
github.com/claudioed/network-fulfillment/internal/application/usecases/receive_network_demand.go:196.4,197.1 1 0
github.com/claudioed/network-fulfillment/internal/application/usecases/receive_network_demand.go:198.3,203.5 1 0
github.com/claudioed/network-fulfillment/internal/application/usecases/receive_network_demand.go:205.3,206.1 1 0
github.com/claudioed/network-fulfillment/internal/application/usecases/receive_network_demand.go:207.2,207.85 1 0
github.com/claudioed/network-fulfillment/internal/application/usecases/receive_network_demand.go:208.3,209.1 1 0
github.com/claudioed/network-fulfillment/internal/application/usecases/receive_network_demand.go:210.2,210.15 1 0
github.com/claudioed/network-fulfillment/internal/application/usecases/receive_network_demand.go:224.2,224.35 1 0
github.com/claudioed/network-fulfillment/internal/application/usecases/receive_network_demand.go:225.3,226.1 1 0
github.com/claudioed/network-fulfillment/internal/application/usecases/receive_network_demand.go:227.2,227.62 1 0
github.com/claudioed/network-fulfillment/internal/application/usecases/receive_network_demand.go:228.3,229.1 1 0
github.com/claudioed/network-fulfillment/internal/application/usecases/receive_network_demand.go:230.2,230.75 1 0
github.com/claudioed/network-fulfillment/internal/application/usecases/receive_network_demand.go:231.3,231.48 1 0
github.com/claudioed/network-fulfillment/internal/application/usecases/receive_network_demand.go:232.4,233.1 1 0
github.com/claudioed/network-fulfillment/internal/application/usecases/receive_network_demand.go:234.3,240.5 1 0
github.com/claudioed/network-fulfillment/internal/application/usecases/receive_network_demand.go:242.3,243.1 1 0
github.com/claudioed/network-fulfillment/internal/application/usecases/receive_network_demand.go:244.2,244.84 1 0
github.com/claudioed/network-fulfillment/internal/application/usecases/receive_network_demand.go:245.3,246.1 1 0
github.com/claudioed/network-fulfillment/internal/application/usecases/receive_network_demand.go:253.2,253.15 1 0
github.com/claudioed/network-fulfillment/internal/application/usecases/recompute_capability_offers.go:64.2,65.16 2 0
github.com/claudioed/network-fulfillment/internal/application/usecases/recompute_capability_offers.go:66.3,67.1 1 0
github.com/claudioed/network-fulfillment/internal/application/usecases/recompute_capability_offers.go:69.2,71.1 4 0
github.com/claudioed/network-fulfillment/internal/application/usecases/recompute_capability_offers.go:72.2,73.27 4 0
github.com/claudioed/network-fulfillment/internal/application/usecases/recompute_capability_offers.go:74.3,75.1 3 0
github.com/claudioed/network-fulfillment/internal/application/usecases/recompute_capability_offers.go:76.3,77.17 3 0
github.com/claudioed/network-fulfillment/internal/application/usecases/recompute_capability_offers.go:78.4,78.23 1 0
github.com/claudioed/network-fulfillment/internal/application/usecases/recompute_capability_offers.go:79.5,81.1 1 0
github.com/claudioed/network-fulfillment/internal/application/usecases/recompute_capability_offers.go:82.4,82.12 1 0
github.com/claudioed/network-fulfillment/internal/application/usecases/recompute_capability_offers.go:85.3,86.1 3 0
github.com/claudioed/network-fulfillment/internal/application/usecases/recompute_capability_offers.go:87.3,88.17 3 0
github.com/claudioed/network-fulfillment/internal/application/usecases/recompute_capability_offers.go:89.4,89.23 1 0
github.com/claudioed/network-fulfillment/internal/application/usecases/recompute_capability_offers.go:90.5,92.1 1 0
github.com/claudioed/network-fulfillment/internal/application/usecases/recompute_capability_offers.go:93.4,93.12 1 0
github.com/claudioed/network-fulfillment/internal/application/usecases/recompute_capability_offers.go:95.3,95.66 1 0
github.com/claudioed/network-fulfillment/internal/application/usecases/recompute_capability_offers.go:96.4,97.1 1 0
github.com/claudioed/network-fulfillment/internal/application/usecases/recompute_capability_offers.go:98.3,98.51 1 0
github.com/claudioed/network-fulfillment/internal/application/usecases/recompute_capability_offers.go:99.4,99.23 1 0
github.com/claudioed/network-fulfillment/internal/application/usecases/recompute_capability_offers.go:100.5,102.1 1 0
github.com/claudioed/network-fulfillment/internal/application/usecases/recompute_capability_offers.go:103.4,103.12 1 0
github.com/claudioed/network-fulfillment/internal/application/usecases/recompute_capability_offers.go:106.2,106.17 1 0
github.com/claudioed/network-fulfillment/internal/application/usecases/recompute_capability_offers.go:116.2,116.18 1 0
github.com/claudioed/network-fulfillment/internal/application/usecases/recompute_capability_offers.go:117.3,118.1 1 0
github.com/claudioed/network-fulfillment/internal/application/usecases/recompute_capability_offers.go:119.2,121.31 3 0
github.com/claudioed/network-fulfillment/internal/application/usecases/recompute_capability_offers.go:122.3,123.13 2 0
github.com/claudioed/network-fulfillment/internal/application/usecases/recompute_capability_offers.go:124.4,124.12 1 0
github.com/claudioed/network-fulfillment/internal/application/usecases/recompute_capability_offers.go:126.3,127.17 2 0
github.com/claudioed/network-fulfillment/internal/application/usecases/recompute_capability_offers.go:129.2,129.24 1 0
github.com/claudioed/network-fulfillment/internal/application/usecases/reconcile_submitted_orders.go:43.2,44.16 2 0
github.com/claudioed/network-fulfillment/internal/application/usecases/reconcile_submitted_orders.go:45.3,46.1 1 0
github.com/claudioed/network-fulfillment/internal/application/usecases/reconcile_submitted_orders.go:48.2,49.30 2 0
github.com/claudioed/network-fulfillment/internal/application/usecases/reconcile_submitted_orders.go:50.3,51.17 2 0
github.com/claudioed/network-fulfillment/internal/application/usecases/reconcile_submitted_orders.go:56.4,56.12 1 0
github.com/claudioed/network-fulfillment/internal/application/usecases/reconcile_submitted_orders.go:58.3,58.17 1 0
github.com/claudioed/network-fulfillment/internal/application/usecases/reconcile_submitted_orders.go:60.4,60.45 1 0
github.com/claudioed/network-fulfillment/internal/application/usecases/reconcile_submitted_orders.go:61.5,61.13 1 0
github.com/claudioed/network-fulfillment/internal/application/usecases/reconcile_submitted_orders.go:63.4,63.19 1 0
github.com/claudioed/network-fulfillment/internal/application/usecases/reconcile_submitted_orders.go:65.4,65.42 1 0
github.com/claudioed/network-fulfillment/internal/application/usecases/reconcile_submitted_orders.go:66.5,66.13 1 0
github.com/claudioed/network-fulfillment/internal/application/usecases/reconcile_submitted_orders.go:68.4,68.16 1 0
github.com/claudioed/network-fulfillment/internal/application/usecases/reconcile_submitted_orders.go:70.4,70.17 1 0
github.com/claudioed/network-fulfillment/internal/application/usecases/reconcile_submitted_orders.go:73.2,73.17 1 0
github.com/claudioed/network-fulfillment/internal/application/usecases/reconcile_submitted_orders.go:81.2,81.51 1 0
github.com/claudioed/network-fulfillment/internal/application/usecases/reconcile_submitted_orders.go:82.3,83.1 1 0
github.com/claudioed/network-fulfillment/internal/application/usecases/reconcile_submitted_orders.go:84.2,84.75 1 0
github.com/claudioed/network-fulfillment/internal/application/usecases/reconcile_submitted_orders.go:85.3,86.1 1 0
github.com/claudioed/network-fulfillment/internal/application/usecases/reconcile_submitted_orders.go:87.3,88.1 1 0
github.com/claudioed/network-fulfillment/internal/application/usecases/reconcile_submitted_orders.go:89.2,89.45 1 0
github.com/claudioed/network-fulfillment/internal/application/usecases/reconcile_submitted_orders.go:90.3,91.1 1 0
github.com/claudioed/network-fulfillment/internal/application/usecases/reconcile_submitted_orders.go:92.2,92.12 1 0
github.com/claudioed/network-fulfillment/internal/application/usecases/reconcile_submitted_orders.go:101.2,101.45 1 0
github.com/claudioed/network-fulfillment/internal/application/usecases/reconcile_submitted_orders.go:102.3,102.65 1 0
github.com/claudioed/network-fulfillment/internal/application/usecases/reconcile_submitted_orders.go:103.4,104.1 1 0
github.com/claudioed/network-fulfillment/internal/application/usecases/reconcile_submitted_orders.go:106.2,106.35 1 0
github.com/claudioed/network-fulfillment/internal/application/usecases/reconcile_submitted_orders.go:107.3,108.1 1 0
github.com/claudioed/network-fulfillment/internal/application/usecases/reconcile_submitted_orders.go:109.2,109.72 1 0
github.com/claudioed/network-fulfillment/internal/application/usecases/reconcile_submitted_orders.go:110.3,110.48 1 0
github.com/claudioed/network-fulfillment/internal/application/usecases/reconcile_submitted_orders.go:111.4,112.1 1 0
github.com/claudioed/network-fulfillment/internal/application/usecases/reconcile_submitted_orders.go:113.3,118.5 1 0
github.com/claudioed/network-fulfillment/internal/application/usecases/reject_overdue_orders.go:46.2,47.1 3 0
github.com/claudioed/network-fulfillment/internal/application/usecases/reject_overdue_orders.go:48.2,49.16 3 0
github.com/claudioed/network-fulfillment/internal/application/usecases/reject_overdue_orders.go:50.3,51.1 1 0
github.com/claudioed/network-fulfillment/internal/application/usecases/reject_overdue_orders.go:53.2,54.31 2 0
github.com/claudioed/network-fulfillment/internal/application/usecases/reject_overdue_orders.go:55.3,55.37 1 0
github.com/claudioed/network-fulfillment/internal/application/usecases/reject_overdue_orders.go:56.4,56.12 1 0
github.com/claudioed/network-fulfillment/internal/application/usecases/reject_overdue_orders.go:58.3,58.46 1 0
github.com/claudioed/network-fulfillment/internal/application/usecases/reject_overdue_orders.go:64.4,64.12 1 0
github.com/claudioed/network-fulfillment/internal/application/usecases/reject_overdue_orders.go:66.3,66.17 1 0
github.com/claudioed/network-fulfillment/internal/application/usecases/reject_overdue_orders.go:68.2,68.17 1 0
github.com/claudioed/network-fulfillment/internal/application/usecases/reject_overdue_orders.go:75.2,75.45 1 0
github.com/claudioed/network-fulfillment/internal/application/usecases/reject_overdue_orders.go:76.3,76.65 1 0
github.com/claudioed/network-fulfillment/internal/application/usecases/reject_overdue_orders.go:77.4,78.1 1 0
github.com/claudioed/network-fulfillment/internal/application/usecases/reject_overdue_orders.go:80.2,80.35 1 0
github.com/claudioed/network-fulfillment/internal/application/usecases/reject_overdue_orders.go:81.3,82.1 1 0
github.com/claudioed/network-fulfillment/internal/application/usecases/reject_overdue_orders.go:86.2,86.72 1 0
github.com/claudioed/network-fulfillment/internal/application/usecases/reject_overdue_orders.go:87.3,87.48 1 0
github.com/claudioed/network-fulfillment/internal/application/usecases/reject_overdue_orders.go:88.4,89.1 1 0
github.com/claudioed/network-fulfillment/internal/application/usecases/reject_overdue_orders.go:90.3,95.5 1 0
github.com/claudioed/network-fulfillment/internal/application/usecases/sweep_acknowledgement_deadlines.go:39.2,40.1 3 0
github.com/claudioed/network-fulfillment/internal/application/usecases/sweep_acknowledgement_deadlines.go:41.2,42.16 3 0
github.com/claudioed/network-fulfillment/internal/application/usecases/sweep_acknowledgement_deadlines.go:43.3,44.1 1 0
github.com/claudioed/network-fulfillment/internal/application/usecases/sweep_acknowledgement_deadlines.go:46.2,47.31 2 0
github.com/claudioed/network-fulfillment/internal/application/usecases/sweep_acknowledgement_deadlines.go:48.3,48.37 1 0
github.com/claudioed/network-fulfillment/internal/application/usecases/sweep_acknowledgement_deadlines.go:49.4,49.12 1 0
github.com/claudioed/network-fulfillment/internal/application/usecases/sweep_acknowledgement_deadlines.go:54.3,59.18 1 0
github.com/claudioed/network-fulfillment/internal/application/usecases/sweep_acknowledgement_deadlines.go:60.4,60.12 1 0
github.com/claudioed/network-fulfillment/internal/application/usecases/sweep_acknowledgement_deadlines.go:62.3,62.15 1 0
github.com/claudioed/network-fulfillment/internal/application/usecases/sweep_acknowledgement_deadlines.go:64.2,64.17 1 0
github.com/claudioed/network-fulfillment/internal/application/usecases/unit_of_work.go:14.2,14.16 1 0
github.com/claudioed/network-fulfillment/internal/application/usecases/unit_of_work.go:15.3,16.1 1 0
github.com/claudioed/network-fulfillment/internal/application/usecases/unit_of_work.go:17.2,17.29 1 0
github.com/claudioed/network-fulfillment/internal/domain/capabilityoffer/capability_offer.go:83.2,83.15 1 0
github.com/claudioed/network-fulfillment/internal/domain/capabilityoffer/capability_offer.go:84.3,85.1 1 0
github.com/claudioed/network-fulfillment/internal/domain/capabilityoffer/capability_offer.go:86.2,86.18 1 0
github.com/claudioed/network-fulfillment/internal/domain/capabilityoffer/capability_offer.go:87.3,88.1 1 0
github.com/claudioed/network-fulfillment/internal/domain/capabilityoffer/capability_offer.go:89.2,89.28 1 0
github.com/claudioed/network-fulfillment/internal/domain/capabilityoffer/capability_offer.go:90.3,91.1 1 0
github.com/claudioed/network-fulfillment/internal/domain/capabilityoffer/capability_offer.go:92.2,92.44 1 0
github.com/claudioed/network-fulfillment/internal/domain/capabilityoffer/capability_offer.go:93.3,94.1 1 0
github.com/claudioed/network-fulfillment/internal/domain/capabilityoffer/capability_offer.go:95.2,95.15 1 0
github.com/claudioed/network-fulfillment/internal/domain/capabilityoffer/capability_offer.go:96.49,96.49 0 0
github.com/claudioed/network-fulfillment/internal/domain/capabilityoffer/capability_offer.go:98.3,98.44 1 0
github.com/claudioed/network-fulfillment/internal/domain/capabilityoffer/capability_offer.go:100.2,106.8 1 0
github.com/claudioed/network-fulfillment/internal/domain/capabilityoffer/capability_offer.go:122.2,122.65 1 0
github.com/claudioed/network-fulfillment/internal/domain/capabilityoffer/capability_offer.go:123.3,124.1 1 0
github.com/claudioed/network-fulfillment/internal/domain/capabilityoffer/capability_offer.go:125.2,126.13 2 0
github.com/claudioed/network-fulfillment/internal/domain/capabilityoffer/capability_offer.go:127.3,128.1 1 0
github.com/claudioed/network-fulfillment/internal/domain/capabilityoffer/capability_offer.go:129.2,129.89 1 0
github.com/claudioed/network-fulfillment/internal/domain/capabilityoffer/capability_offer.go:132.53,132.67 1 0
github.com/claudioed/network-fulfillment/internal/domain/capabilityoffer/capability_offer.go:133.53,133.70 1 0
github.com/claudioed/network-fulfillment/internal/domain/capabilityoffer/capability_offer.go:134.53,134.82 1 0
github.com/claudioed/network-fulfillment/internal/domain/capabilityoffer/capability_offer.go:135.53,135.69 1 0
github.com/claudioed/network-fulfillment/internal/domain/capabilityoffer/capability_offer.go:136.53,136.74 1 0
github.com/claudioed/network-fulfillment/internal/domain/networkorder/network_order.go:96.2,96.15 1 0
github.com/claudioed/network-fulfillment/internal/domain/networkorder/network_order.go:97.3,98.1 1 0
github.com/claudioed/network-fulfillment/internal/domain/networkorder/network_order.go:99.2,99.21 1 0
github.com/claudioed/network-fulfillment/internal/domain/networkorder/network_order.go:100.3,101.1 1 0
github.com/claudioed/network-fulfillment/internal/domain/networkorder/network_order.go:102.2,102.15 1 0
github.com/claudioed/network-fulfillment/internal/domain/networkorder/network_order.go:103.3,104.1 1 0
github.com/claudioed/network-fulfillment/internal/domain/networkorder/network_order.go:105.2,105.19 1 0
github.com/claudioed/network-fulfillment/internal/domain/networkorder/network_order.go:106.3,107.1 1 0
github.com/claudioed/network-fulfillment/internal/domain/networkorder/network_order.go:108.2,108.98 1 0
github.com/claudioed/network-fulfillment/internal/domain/networkorder/network_order.go:111.60,111.85 1 0
github.com/claudioed/network-fulfillment/internal/domain/networkorder/network_order.go:112.60,112.87 1 0
github.com/claudioed/network-fulfillment/internal/domain/networkorder/network_order.go:113.60,113.74 1 0
github.com/claudioed/network-fulfillment/internal/domain/networkorder/network_order.go:114.60,114.79 1 0
github.com/claudioed/network-fulfillment/internal/domain/networkorder/network_order.go:156.2,156.15 1 0
github.com/claudioed/network-fulfillment/internal/domain/networkorder/network_order.go:157.3,158.1 1 0
github.com/claudioed/network-fulfillment/internal/domain/networkorder/network_order.go:159.2,159.21 1 0
github.com/claudioed/network-fulfillment/internal/domain/networkorder/network_order.go:160.3,161.1 1 0
github.com/claudioed/network-fulfillment/internal/domain/networkorder/network_order.go:162.2,170.8 1 0
github.com/claudioed/network-fulfillment/internal/domain/networkorder/network_order.go:192.2,192.15 1 0
github.com/claudioed/network-fulfillment/internal/domain/networkorder/network_order.go:193.3,194.1 1 0
github.com/claudioed/network-fulfillment/internal/domain/networkorder/network_order.go:195.2,202.8 1 0
github.com/claudioed/network-fulfillment/internal/domain/networkorder/network_order.go:211.2,211.25 1 0
github.com/claudioed/network-fulfillment/internal/domain/networkorder/network_order.go:212.3,213.1 1 0
github.com/claudioed/network-fulfillment/internal/domain/networkorder/network_order.go:214.2,215.12 2 0
github.com/claudioed/network-fulfillment/internal/domain/networkorder/network_order.go:224.2,224.31 1 0
github.com/claudioed/network-fulfillment/internal/domain/networkorder/network_order.go:225.3,226.1 1 0
github.com/claudioed/network-fulfillment/internal/domain/networkorder/network_order.go:227.2,228.12 2 0
github.com/claudioed/network-fulfillment/internal/domain/networkorder/network_order.go:238.2,238.35 1 0
github.com/claudioed/network-fulfillment/internal/domain/networkorder/network_order.go:239.3,240.1 1 0
github.com/claudioed/network-fulfillment/internal/domain/networkorder/network_order.go:241.2,241.35 1 0
github.com/claudioed/network-fulfillment/internal/domain/networkorder/network_order.go:250.2,250.54 1 0
github.com/claudioed/network-fulfillment/internal/domain/networkorder/network_order.go:251.3,252.1 1 0
github.com/claudioed/network-fulfillment/internal/domain/networkorder/network_order.go:253.2,254.12 2 0
github.com/claudioed/network-fulfillment/internal/domain/networkorder/network_order.go:263.2,263.63 1 0
github.com/claudioed/network-fulfillment/internal/domain/networkorder/network_order.go:264.3,265.1 1 0
github.com/claudioed/network-fulfillment/internal/domain/networkorder/network_order.go:266.2,266.27 1 0
github.com/claudioed/network-fulfillment/internal/domain/networkorder/network_order.go:267.3,268.1 1 0
github.com/claudioed/network-fulfillment/internal/domain/networkorder/network_order.go:269.2,270.12 2 0
github.com/claudioed/network-fulfillment/internal/domain/networkorder/network_order.go:276.2,276.34 1 0
github.com/claudioed/network-fulfillment/internal/domain/networkorder/network_order.go:277.3,278.1 1 0
github.com/claudioed/network-fulfillment/internal/domain/networkorder/network_order.go:279.2,280.12 2 0
github.com/claudioed/network-fulfillment/internal/domain/networkorder/network_order.go:287.2,288.1 1 0
github.com/claudioed/network-fulfillment/internal/domain/networkorder/network_order.go:296.2,297.28 2 0
github.com/claudioed/network-fulfillment/internal/domain/networkorder/network_order.go:298.3,299.1 1 0
github.com/claudioed/network-fulfillment/internal/domain/networkorder/network_order.go:300.2,300.12 1 0
github.com/claudioed/network-fulfillment/internal/domain/networkorder/network_order.go:303.57,303.78 1 0
github.com/claudioed/network-fulfillment/internal/domain/networkorder/network_order.go:304.57,304.74 1 0
github.com/claudioed/network-fulfillment/internal/domain/networkorder/network_order.go:305.57,305.82 1 0
github.com/claudioed/network-fulfillment/internal/domain/networkorder/network_order.go:306.57,306.81 1 0
github.com/claudioed/network-fulfillment/internal/domain/networkorder/network_order.go:307.57,307.73 1 0
github.com/claudioed/network-fulfillment/internal/domain/networkorder/network_order.go:308.57,308.78 1 0
github.com/claudioed/network-fulfillment/internal/domain/networkorder/network_order.go:310.2,311.1 1 0
github.com/claudioed/network-fulfillment/internal/domain/networkorder/network_order.go:317.2,320.1 3 0
github.com/claudioed/network-fulfillment/internal/domain/networkorder/network_order.go:333.2,342.1 1 0
github.com/claudioed/network-fulfillment/internal/domain/shared/events.go:32.56,32.87 1 0
github.com/claudioed/network-fulfillment/internal/domain/shared/events.go:33.56,33.69 1 0
github.com/claudioed/network-fulfillment/internal/domain/shared/events.go:49.60,49.95 1 0
github.com/claudioed/network-fulfillment/internal/domain/shared/events.go:50.60,50.73 1 0
github.com/claudioed/network-fulfillment/internal/domain/shared/events.go:92.56,92.87 1 0
github.com/claudioed/network-fulfillment/internal/domain/shared/events.go:93.56,93.69 1 0
github.com/claudioed/network-fulfillment/internal/domain/shared/events.go:112.65,112.105 1 0
github.com/claudioed/network-fulfillment/internal/domain/shared/events.go:113.65,113.78 1 0
github.com/claudioed/network-fulfillment/internal/domain/shared/events.go:130.65,130.105 1 0
github.com/claudioed/network-fulfillment/internal/domain/shared/events.go:131.65,131.78 1 0
github.com/claudioed/network-fulfillment/internal/application/usecases/confirm_network_order_shipment.go:47.2,48.16 2 0
github.com/claudioed/network-fulfillment/internal/application/usecases/confirm_network_order_shipment.go:49.3,50.1 1 0
github.com/claudioed/network-fulfillment/internal/application/usecases/confirm_network_order_shipment.go:51.2,51.14 1 0
github.com/claudioed/network-fulfillment/internal/application/usecases/confirm_network_order_shipment.go:52.3,53.1 1 0
github.com/claudioed/network-fulfillment/internal/application/usecases/confirm_network_order_shipment.go:54.2,54.46 1 0
github.com/claudioed/network-fulfillment/internal/application/usecases/confirm_network_order_shipment.go:55.3,56.1 1 0
github.com/claudioed/network-fulfillment/internal/application/usecases/confirm_network_order_shipment.go:58.2,58.44 1 0
github.com/claudioed/network-fulfillment/internal/application/usecases/confirm_network_order_shipment.go:59.3,60.1 1 0
github.com/claudioed/network-fulfillment/internal/application/usecases/confirm_network_order_shipment.go:62.2,64.39 3 0
github.com/claudioed/network-fulfillment/internal/application/usecases/confirm_network_order_shipment.go:65.3,66.1 1 0
github.com/claudioed/network-fulfillment/internal/application/usecases/confirm_network_order_shipment.go:68.2,68.75 1 0
github.com/claudioed/network-fulfillment/internal/application/usecases/confirm_network_order_shipment.go:69.3,69.48 1 0
github.com/claudioed/network-fulfillment/internal/application/usecases/confirm_network_order_shipment.go:70.4,71.1 1 0
github.com/claudioed/network-fulfillment/internal/application/usecases/confirm_network_order_shipment.go:72.3,77.5 1 0
github.com/claudioed/network-fulfillment/internal/application/usecases/confirm_network_order_shipment.go:79.3,80.1 1 0
github.com/claudioed/network-fulfillment/internal/application/usecases/confirm_network_order_shipment.go:82.2,82.83 1 0
github.com/claudioed/network-fulfillment/internal/application/usecases/confirm_network_order_shipment.go:83.3,84.1 1 0
github.com/claudioed/network-fulfillment/internal/application/usecases/confirm_network_order_shipment.go:85.2,85.15 1 0
github.com/claudioed/network-fulfillment/internal/application/usecases/receive_network_demand.go:67.2,68.1 2 0
github.com/claudioed/network-fulfillment/internal/application/usecases/receive_network_demand.go:74.2,74.78 2 0
github.com/claudioed/network-fulfillment/internal/application/usecases/receive_network_demand.go:75.3,76.1 1 0
github.com/claudioed/network-fulfillment/internal/application/usecases/receive_network_demand.go:76.9,76.28 1 0
github.com/claudioed/network-fulfillment/internal/application/usecases/receive_network_demand.go:77.3,78.1 1 0
github.com/claudioed/network-fulfillment/internal/application/usecases/receive_network_demand.go:80.2,81.1 2 0
github.com/claudioed/network-fulfillment/internal/application/usecases/receive_network_demand.go:86.2,86.27 2 0
github.com/claudioed/network-fulfillment/internal/application/usecases/receive_network_demand.go:87.3,87.59 1 0
github.com/claudioed/network-fulfillment/internal/application/usecases/receive_network_demand.go:88.4,89.1 1 0
github.com/claudioed/network-fulfillment/internal/application/usecases/receive_network_demand.go:90.3,90.51 1 0
github.com/claudioed/network-fulfillment/internal/application/usecases/receive_network_demand.go:93.2,94.16 2 0
github.com/claudioed/network-fulfillment/internal/application/usecases/receive_network_demand.go:95.3,96.1 1 0
github.com/claudioed/network-fulfillment/internal/application/usecases/receive_network_demand.go:97.2,97.75 1 0
github.com/claudioed/network-fulfillment/internal/application/usecases/receive_network_demand.go:98.3,99.1 1 0
github.com/claudioed/network-fulfillment/internal/application/usecases/receive_network_demand.go:101.2,106.16 2 0
github.com/claudioed/network-fulfillment/internal/application/usecases/receive_network_demand.go:107.3,108.1 1 0
github.com/claudioed/network-fulfillment/internal/application/usecases/receive_network_demand.go:110.2,110.22 1 0
github.com/claudioed/network-fulfillment/internal/application/usecases/receive_network_demand.go:111.3,112.1 1 0
github.com/claudioed/network-fulfillment/internal/application/usecases/receive_network_demand.go:113.2,113.39 1 0
github.com/claudioed/network-fulfillment/internal/application/usecases/receive_network_demand.go:125.2,125.72 1 0
github.com/claudioed/network-fulfillment/internal/application/usecases/receive_network_demand.go:126.3,126.48 1 0
github.com/claudioed/network-fulfillment/internal/application/usecases/receive_network_demand.go:127.4,128.1 1 0
github.com/claudioed/network-fulfillment/internal/application/usecases/receive_network_demand.go:129.3,136.5 1 0
github.com/claudioed/network-fulfillment/internal/application/usecases/receive_network_demand.go:143.2,144.33 2 0
github.com/claudioed/network-fulfillment/internal/application/usecases/receive_network_demand.go:145.3,146.17 2 0
github.com/claudioed/network-fulfillment/internal/application/usecases/receive_network_demand.go:147.4,148.1 1 0
github.com/claudioed/network-fulfillment/internal/application/usecases/receive_network_demand.go:149.3,150.17 2 0
github.com/claudioed/network-fulfillment/internal/application/usecases/receive_network_demand.go:151.4,152.1 1 0
github.com/claudioed/network-fulfillment/internal/application/usecases/receive_network_demand.go:153.3,153.30 1 0
github.com/claudioed/network-fulfillment/internal/application/usecases/receive_network_demand.go:155.2,155.19 1 0
github.com/claudioed/network-fulfillment/internal/application/usecases/receive_network_demand.go:163.2,164.16 2 0
github.com/claudioed/network-fulfillment/internal/application/usecases/receive_network_demand.go:165.3,166.1 1 0
github.com/claudioed/network-fulfillment/internal/application/usecases/receive_network_demand.go:167.2,167.66 1 0
github.com/claudioed/network-fulfillment/internal/application/usecases/receive_network_demand.go:168.3,169.1 1 0
github.com/claudioed/network-fulfillment/internal/application/usecases/receive_network_demand.go:170.2,170.72 1 0
github.com/claudioed/network-fulfillment/internal/application/usecases/receive_network_demand.go:186.2,186.18 1 0
github.com/claudioed/network-fulfillment/internal/application/usecases/receive_network_demand.go:187.3,187.65 1 0
github.com/claudioed/network-fulfillment/internal/application/usecases/receive_network_demand.go:188.4,189.1 1 0
github.com/claudioed/network-fulfillment/internal/application/usecases/receive_network_demand.go:191.2,191.35 1 0
github.com/claudioed/network-fulfillment/internal/application/usecases/receive_network_demand.go:192.3,193.1 1 0
github.com/claudioed/network-fulfillment/internal/application/usecases/receive_network_demand.go:194.2,194.75 1 0
github.com/claudioed/network-fulfillment/internal/application/usecases/receive_network_demand.go:195.3,195.48 1 0
github.com/claudioed/network-fulfillment/internal/application/usecases/receive_network_demand.go:196.4,197.1 1 0
github.com/claudioed/network-fulfillment/internal/application/usecases/receive_network_demand.go:198.3,203.5 1 0
github.com/claudioed/network-fulfillment/internal/application/usecases/receive_network_demand.go:205.3,206.1 1 0
github.com/claudioed/network-fulfillment/internal/application/usecases/receive_network_demand.go:207.2,207.85 1 0
github.com/claudioed/network-fulfillment/internal/application/usecases/receive_network_demand.go:208.3,209.1 1 0
github.com/claudioed/network-fulfillment/internal/application/usecases/receive_network_demand.go:210.2,210.15 1 0
github.com/claudioed/network-fulfillment/internal/application/usecases/receive_network_demand.go:224.2,224.35 1 0
github.com/claudioed/network-fulfillment/internal/application/usecases/receive_network_demand.go:225.3,226.1 1 0
github.com/claudioed/network-fulfillment/internal/application/usecases/receive_network_demand.go:227.2,227.62 1 0
github.com/claudioed/network-fulfillment/internal/application/usecases/receive_network_demand.go:228.3,229.1 1 0
github.com/claudioed/network-fulfillment/internal/application/usecases/receive_network_demand.go:230.2,230.75 1 0
github.com/claudioed/network-fulfillment/internal/application/usecases/receive_network_demand.go:231.3,231.48 1 0
github.com/claudioed/network-fulfillment/internal/application/usecases/receive_network_demand.go:232.4,233.1 1 0
github.com/claudioed/network-fulfillment/internal/application/usecases/receive_network_demand.go:234.3,240.5 1 0
github.com/claudioed/network-fulfillment/internal/application/usecases/receive_network_demand.go:242.3,243.1 1 0
github.com/claudioed/network-fulfillment/internal/application/usecases/receive_network_demand.go:244.2,244.84 1 0
github.com/claudioed/network-fulfillment/internal/application/usecases/receive_network_demand.go:245.3,246.1 1 0
github.com/claudioed/network-fulfillment/internal/application/usecases/receive_network_demand.go:253.2,253.15 1 0
github.com/claudioed/network-fulfillment/internal/application/usecases/recompute_capability_offers.go:64.2,65.16 2 0
github.com/claudioed/network-fulfillment/internal/application/usecases/recompute_capability_offers.go:66.3,67.1 1 0
github.com/claudioed/network-fulfillment/internal/application/usecases/recompute_capability_offers.go:69.2,71.1 4 0
github.com/claudioed/network-fulfillment/internal/application/usecases/recompute_capability_offers.go:72.2,73.27 4 0
github.com/claudioed/network-fulfillment/internal/application/usecases/recompute_capability_offers.go:74.3,75.1 3 0
github.com/claudioed/network-fulfillment/internal/application/usecases/recompute_capability_offers.go:76.3,77.17 3 0
github.com/claudioed/network-fulfillment/internal/application/usecases/recompute_capability_offers.go:78.4,78.23 1 0
github.com/claudioed/network-fulfillment/internal/application/usecases/recompute_capability_offers.go:79.5,81.1 1 0
github.com/claudioed/network-fulfillment/internal/application/usecases/recompute_capability_offers.go:82.4,82.12 1 0
github.com/claudioed/network-fulfillment/internal/application/usecases/recompute_capability_offers.go:85.3,86.1 3 0
github.com/claudioed/network-fulfillment/internal/application/usecases/recompute_capability_offers.go:87.3,88.17 3 0
github.com/claudioed/network-fulfillment/internal/application/usecases/recompute_capability_offers.go:89.4,89.23 1 0
github.com/claudioed/network-fulfillment/internal/application/usecases/recompute_capability_offers.go:90.5,92.1 1 0
github.com/claudioed/network-fulfillment/internal/application/usecases/recompute_capability_offers.go:93.4,93.12 1 0
github.com/claudioed/network-fulfillment/internal/application/usecases/recompute_capability_offers.go:95.3,95.66 1 0
github.com/claudioed/network-fulfillment/internal/application/usecases/recompute_capability_offers.go:96.4,97.1 1 0
github.com/claudioed/network-fulfillment/internal/application/usecases/recompute_capability_offers.go:98.3,98.51 1 0
github.com/claudioed/network-fulfillment/internal/application/usecases/recompute_capability_offers.go:99.4,99.23 1 0
github.com/claudioed/network-fulfillment/internal/application/usecases/recompute_capability_offers.go:100.5,102.1 1 0
github.com/claudioed/network-fulfillment/internal/application/usecases/recompute_capability_offers.go:103.4,103.12 1 0
github.com/claudioed/network-fulfillment/internal/application/usecases/recompute_capability_offers.go:106.2,106.17 1 0
github.com/claudioed/network-fulfillment/internal/application/usecases/recompute_capability_offers.go:116.2,116.18 1 0
github.com/claudioed/network-fulfillment/internal/application/usecases/recompute_capability_offers.go:117.3,118.1 1 0
github.com/claudioed/network-fulfillment/internal/application/usecases/recompute_capability_offers.go:119.2,121.31 3 0
github.com/claudioed/network-fulfillment/internal/application/usecases/recompute_capability_offers.go:122.3,123.13 2 0
github.com/claudioed/network-fulfillment/internal/application/usecases/recompute_capability_offers.go:124.4,124.12 1 0
github.com/claudioed/network-fulfillment/internal/application/usecases/recompute_capability_offers.go:126.3,127.17 2 0
github.com/claudioed/network-fulfillment/internal/application/usecases/recompute_capability_offers.go:129.2,129.24 1 0
github.com/claudioed/network-fulfillment/internal/application/usecases/reconcile_submitted_orders.go:43.2,44.16 2 0
github.com/claudioed/network-fulfillment/internal/application/usecases/reconcile_submitted_orders.go:45.3,46.1 1 0
github.com/claudioed/network-fulfillment/internal/application/usecases/reconcile_submitted_orders.go:48.2,49.30 2 0
github.com/claudioed/network-fulfillment/internal/application/usecases/reconcile_submitted_orders.go:50.3,51.17 2 0
github.com/claudioed/network-fulfillment/internal/application/usecases/reconcile_submitted_orders.go:56.4,56.12 1 0
github.com/claudioed/network-fulfillment/internal/application/usecases/reconcile_submitted_orders.go:58.3,58.17 1 0
github.com/claudioed/network-fulfillment/internal/application/usecases/reconcile_submitted_orders.go:60.4,60.45 1 0
github.com/claudioed/network-fulfillment/internal/application/usecases/reconcile_submitted_orders.go:61.5,61.13 1 0
github.com/claudioed/network-fulfillment/internal/application/usecases/reconcile_submitted_orders.go:63.4,63.19 1 0
github.com/claudioed/network-fulfillment/internal/application/usecases/reconcile_submitted_orders.go:65.4,65.42 1 0
github.com/claudioed/network-fulfillment/internal/application/usecases/reconcile_submitted_orders.go:66.5,66.13 1 0
github.com/claudioed/network-fulfillment/internal/application/usecases/reconcile_submitted_orders.go:68.4,68.16 1 0
github.com/claudioed/network-fulfillment/internal/application/usecases/reconcile_submitted_orders.go:70.4,70.17 1 0
github.com/claudioed/network-fulfillment/internal/application/usecases/reconcile_submitted_orders.go:73.2,73.17 1 0
github.com/claudioed/network-fulfillment/internal/application/usecases/reconcile_submitted_orders.go:81.2,81.51 1 0
github.com/claudioed/network-fulfillment/internal/application/usecases/reconcile_submitted_orders.go:82.3,83.1 1 0
github.com/claudioed/network-fulfillment/internal/application/usecases/reconcile_submitted_orders.go:84.2,84.75 1 0
github.com/claudioed/network-fulfillment/internal/application/usecases/reconcile_submitted_orders.go:85.3,86.1 1 0
github.com/claudioed/network-fulfillment/internal/application/usecases/reconcile_submitted_orders.go:87.3,88.1 1 0
github.com/claudioed/network-fulfillment/internal/application/usecases/reconcile_submitted_orders.go:89.2,89.45 1 0
github.com/claudioed/network-fulfillment/internal/application/usecases/reconcile_submitted_orders.go:90.3,91.1 1 0
github.com/claudioed/network-fulfillment/internal/application/usecases/reconcile_submitted_orders.go:92.2,92.12 1 0
github.com/claudioed/network-fulfillment/internal/application/usecases/reconcile_submitted_orders.go:101.2,101.45 1 0
github.com/claudioed/network-fulfillment/internal/application/usecases/reconcile_submitted_orders.go:102.3,102.65 1 0
github.com/claudioed/network-fulfillment/internal/application/usecases/reconcile_submitted_orders.go:103.4,104.1 1 0
github.com/claudioed/network-fulfillment/internal/application/usecases/reconcile_submitted_orders.go:106.2,106.35 1 0
github.com/claudioed/network-fulfillment/internal/application/usecases/reconcile_submitted_orders.go:107.3,108.1 1 0
github.com/claudioed/network-fulfillment/internal/application/usecases/reconcile_submitted_orders.go:109.2,109.72 1 0
github.com/claudioed/network-fulfillment/internal/application/usecases/reconcile_submitted_orders.go:110.3,110.48 1 0
github.com/claudioed/network-fulfillment/internal/application/usecases/reconcile_submitted_orders.go:111.4,112.1 1 0
github.com/claudioed/network-fulfillment/internal/application/usecases/reconcile_submitted_orders.go:113.3,118.5 1 0
github.com/claudioed/network-fulfillment/internal/application/usecases/reject_overdue_orders.go:46.2,47.1 3 0
github.com/claudioed/network-fulfillment/internal/application/usecases/reject_overdue_orders.go:48.2,49.16 3 0
github.com/claudioed/network-fulfillment/internal/application/usecases/reject_overdue_orders.go:50.3,51.1 1 0
github.com/claudioed/network-fulfillment/internal/application/usecases/reject_overdue_orders.go:53.2,54.31 2 0
github.com/claudioed/network-fulfillment/internal/application/usecases/reject_overdue_orders.go:55.3,55.37 1 0
github.com/claudioed/network-fulfillment/internal/application/usecases/reject_overdue_orders.go:56.4,56.12 1 0
github.com/claudioed/network-fulfillment/internal/application/usecases/reject_overdue_orders.go:58.3,58.46 1 0
github.com/claudioed/network-fulfillment/internal/application/usecases/reject_overdue_orders.go:64.4,64.12 1 0
github.com/claudioed/network-fulfillment/internal/application/usecases/reject_overdue_orders.go:66.3,66.17 1 0
github.com/claudioed/network-fulfillment/internal/application/usecases/reject_overdue_orders.go:68.2,68.17 1 0
github.com/claudioed/network-fulfillment/internal/application/usecases/reject_overdue_orders.go:75.2,75.45 1 0
github.com/claudioed/network-fulfillment/internal/application/usecases/reject_overdue_orders.go:76.3,76.65 1 0
github.com/claudioed/network-fulfillment/internal/application/usecases/reject_overdue_orders.go:77.4,78.1 1 0
github.com/claudioed/network-fulfillment/internal/application/usecases/reject_overdue_orders.go:80.2,80.35 1 0
github.com/claudioed/network-fulfillment/internal/application/usecases/reject_overdue_orders.go:81.3,82.1 1 0
github.com/claudioed/network-fulfillment/internal/application/usecases/reject_overdue_orders.go:86.2,86.72 1 0
github.com/claudioed/network-fulfillment/internal/application/usecases/reject_overdue_orders.go:87.3,87.48 1 0
github.com/claudioed/network-fulfillment/internal/application/usecases/reject_overdue_orders.go:88.4,89.1 1 0
github.com/claudioed/network-fulfillment/internal/application/usecases/reject_overdue_orders.go:90.3,95.5 1 0
github.com/claudioed/network-fulfillment/internal/application/usecases/sweep_acknowledgement_deadlines.go:39.2,40.1 3 0
github.com/claudioed/network-fulfillment/internal/application/usecases/sweep_acknowledgement_deadlines.go:41.2,42.16 3 0
github.com/claudioed/network-fulfillment/internal/application/usecases/sweep_acknowledgement_deadlines.go:43.3,44.1 1 0
github.com/claudioed/network-fulfillment/internal/application/usecases/sweep_acknowledgement_deadlines.go:46.2,47.31 2 0
github.com/claudioed/network-fulfillment/internal/application/usecases/sweep_acknowledgement_deadlines.go:48.3,48.37 1 0
github.com/claudioed/network-fulfillment/internal/application/usecases/sweep_acknowledgement_deadlines.go:49.4,49.12 1 0
github.com/claudioed/network-fulfillment/internal/application/usecases/sweep_acknowledgement_deadlines.go:54.3,59.18 1 0
github.com/claudioed/network-fulfillment/internal/application/usecases/sweep_acknowledgement_deadlines.go:60.4,60.12 1 0
github.com/claudioed/network-fulfillment/internal/application/usecases/sweep_acknowledgement_deadlines.go:62.3,62.15 1 0
github.com/claudioed/network-fulfillment/internal/application/usecases/sweep_acknowledgement_deadlines.go:64.2,64.17 1 0
github.com/claudioed/network-fulfillment/internal/application/usecases/unit_of_work.go:14.2,14.16 1 0
github.com/claudioed/network-fulfillment/internal/application/usecases/unit_of_work.go:15.3,16.1 1 0
github.com/claudioed/network-fulfillment/internal/application/usecases/unit_of_work.go:17.2,17.29 1 0
github.com/claudioed/network-fulfillment/internal/domain/capabilityoffer/capability_offer.go:83.2,83.15 1 0
github.com/claudioed/network-fulfillment/internal/domain/capabilityoffer/capability_offer.go:84.3,85.1 1 0
github.com/claudioed/network-fulfillment/internal/domain/capabilityoffer/capability_offer.go:86.2,86.18 1 0
github.com/claudioed/network-fulfillment/internal/domain/capabilityoffer/capability_offer.go:87.3,88.1 1 0
github.com/claudioed/network-fulfillment/internal/domain/capabilityoffer/capability_offer.go:89.2,89.28 1 0
github.com/claudioed/network-fulfillment/internal/domain/capabilityoffer/capability_offer.go:90.3,91.1 1 0
github.com/claudioed/network-fulfillment/internal/domain/capabilityoffer/capability_offer.go:92.2,92.44 1 0
github.com/claudioed/network-fulfillment/internal/domain/capabilityoffer/capability_offer.go:93.3,94.1 1 0
github.com/claudioed/network-fulfillment/internal/domain/capabilityoffer/capability_offer.go:95.2,95.15 1 0
github.com/claudioed/network-fulfillment/internal/domain/capabilityoffer/capability_offer.go:96.49,96.49 0 0
github.com/claudioed/network-fulfillment/internal/domain/capabilityoffer/capability_offer.go:98.3,98.44 1 0
github.com/claudioed/network-fulfillment/internal/domain/capabilityoffer/capability_offer.go:100.2,106.8 1 0
github.com/claudioed/network-fulfillment/internal/domain/capabilityoffer/capability_offer.go:122.2,122.65 1 0
github.com/claudioed/network-fulfillment/internal/domain/capabilityoffer/capability_offer.go:123.3,124.1 1 0
github.com/claudioed/network-fulfillment/internal/domain/capabilityoffer/capability_offer.go:125.2,126.13 2 0
github.com/claudioed/network-fulfillment/internal/domain/capabilityoffer/capability_offer.go:127.3,128.1 1 0
github.com/claudioed/network-fulfillment/internal/domain/capabilityoffer/capability_offer.go:129.2,129.89 1 0
github.com/claudioed/network-fulfillment/internal/domain/capabilityoffer/capability_offer.go:132.53,132.67 1 0
github.com/claudioed/network-fulfillment/internal/domain/capabilityoffer/capability_offer.go:133.53,133.70 1 0
github.com/claudioed/network-fulfillment/internal/domain/capabilityoffer/capability_offer.go:134.53,134.82 1 0
github.com/claudioed/network-fulfillment/internal/domain/capabilityoffer/capability_offer.go:135.53,135.69 1 0
github.com/claudioed/network-fulfillment/internal/domain/capabilityoffer/capability_offer.go:136.53,136.74 1 0
github.com/claudioed/network-fulfillment/internal/domain/networkorder/network_order.go:96.2,96.15 1 0
github.com/claudioed/network-fulfillment/internal/domain/networkorder/network_order.go:97.3,98.1 1 0
github.com/claudioed/network-fulfillment/internal/domain/networkorder/network_order.go:99.2,99.21 1 0
github.com/claudioed/network-fulfillment/internal/domain/networkorder/network_order.go:100.3,101.1 1 0
github.com/claudioed/network-fulfillment/internal/domain/networkorder/network_order.go:102.2,102.15 1 0
github.com/claudioed/network-fulfillment/internal/domain/networkorder/network_order.go:103.3,104.1 1 0
github.com/claudioed/network-fulfillment/internal/domain/networkorder/network_order.go:105.2,105.19 1 0
github.com/claudioed/network-fulfillment/internal/domain/networkorder/network_order.go:106.3,107.1 1 0
github.com/claudioed/network-fulfillment/internal/domain/networkorder/network_order.go:108.2,108.98 1 0
github.com/claudioed/network-fulfillment/internal/domain/networkorder/network_order.go:111.60,111.85 1 0
github.com/claudioed/network-fulfillment/internal/domain/networkorder/network_order.go:112.60,112.87 1 0
github.com/claudioed/network-fulfillment/internal/domain/networkorder/network_order.go:113.60,113.74 1 0
github.com/claudioed/network-fulfillment/internal/domain/networkorder/network_order.go:114.60,114.79 1 0
github.com/claudioed/network-fulfillment/internal/domain/networkorder/network_order.go:156.2,156.15 1 0
github.com/claudioed/network-fulfillment/internal/domain/networkorder/network_order.go:157.3,158.1 1 0
github.com/claudioed/network-fulfillment/internal/domain/networkorder/network_order.go:159.2,159.21 1 0
github.com/claudioed/network-fulfillment/internal/domain/networkorder/network_order.go:160.3,161.1 1 0
github.com/claudioed/network-fulfillment/internal/domain/networkorder/network_order.go:162.2,170.8 1 0
github.com/claudioed/network-fulfillment/internal/domain/networkorder/network_order.go:192.2,192.15 1 0
github.com/claudioed/network-fulfillment/internal/domain/networkorder/network_order.go:193.3,194.1 1 0
github.com/claudioed/network-fulfillment/internal/domain/networkorder/network_order.go:195.2,202.8 1 0
github.com/claudioed/network-fulfillment/internal/domain/networkorder/network_order.go:211.2,211.25 1 0
github.com/claudioed/network-fulfillment/internal/domain/networkorder/network_order.go:212.3,213.1 1 0
github.com/claudioed/network-fulfillment/internal/domain/networkorder/network_order.go:214.2,215.12 2 0
github.com/claudioed/network-fulfillment/internal/domain/networkorder/network_order.go:224.2,224.31 1 0
github.com/claudioed/network-fulfillment/internal/domain/networkorder/network_order.go:225.3,226.1 1 0
github.com/claudioed/network-fulfillment/internal/domain/networkorder/network_order.go:227.2,228.12 2 0
github.com/claudioed/network-fulfillment/internal/domain/networkorder/network_order.go:238.2,238.35 1 0
github.com/claudioed/network-fulfillment/internal/domain/networkorder/network_order.go:239.3,240.1 1 0
github.com/claudioed/network-fulfillment/internal/domain/networkorder/network_order.go:241.2,241.35 1 0
github.com/claudioed/network-fulfillment/internal/domain/networkorder/network_order.go:250.2,250.54 1 0
github.com/claudioed/network-fulfillment/internal/domain/networkorder/network_order.go:251.3,252.1 1 0
github.com/claudioed/network-fulfillment/internal/domain/networkorder/network_order.go:253.2,254.12 2 0
github.com/claudioed/network-fulfillment/internal/domain/networkorder/network_order.go:263.2,263.63 1 0
github.com/claudioed/network-fulfillment/internal/domain/networkorder/network_order.go:264.3,265.1 1 0
github.com/claudioed/network-fulfillment/internal/domain/networkorder/network_order.go:266.2,266.27 1 0
github.com/claudioed/network-fulfillment/internal/domain/networkorder/network_order.go:267.3,268.1 1 0
github.com/claudioed/network-fulfillment/internal/domain/networkorder/network_order.go:269.2,270.12 2 0
github.com/claudioed/network-fulfillment/internal/domain/networkorder/network_order.go:276.2,276.34 1 0
github.com/claudioed/network-fulfillment/internal/domain/networkorder/network_order.go:277.3,278.1 1 0
github.com/claudioed/network-fulfillment/internal/domain/networkorder/network_order.go:279.2,280.12 2 0
github.com/claudioed/network-fulfillment/internal/domain/networkorder/network_order.go:287.2,288.1 1 0
github.com/claudioed/network-fulfillment/internal/domain/networkorder/network_order.go:296.2,297.28 2 0
github.com/claudioed/network-fulfillment/internal/domain/networkorder/network_order.go:298.3,299.1 1 0
github.com/claudioed/network-fulfillment/internal/domain/networkorder/network_order.go:300.2,300.12 1 0
github.com/claudioed/network-fulfillment/internal/domain/networkorder/network_order.go:303.57,303.78 1 0
github.com/claudioed/network-fulfillment/internal/domain/networkorder/network_order.go:304.57,304.74 1 0
github.com/claudioed/network-fulfillment/internal/domain/networkorder/network_order.go:305.57,305.82 1 0
github.com/claudioed/network-fulfillment/internal/domain/networkorder/network_order.go:306.57,306.81 1 0
github.com/claudioed/network-fulfillment/internal/domain/networkorder/network_order.go:307.57,307.73 1 0
github.com/claudioed/network-fulfillment/internal/domain/networkorder/network_order.go:308.57,308.78 1 0
github.com/claudioed/network-fulfillment/internal/domain/networkorder/network_order.go:310.2,311.1 1 0
github.com/claudioed/network-fulfillment/internal/domain/networkorder/network_order.go:317.2,320.1 3 0
github.com/claudioed/network-fulfillment/internal/domain/networkorder/network_order.go:333.2,342.1 1 0
github.com/claudioed/network-fulfillment/internal/domain/shared/events.go:32.56,32.87 1 0
github.com/claudioed/network-fulfillment/internal/domain/shared/events.go:33.56,33.69 1 0
github.com/claudioed/network-fulfillment/internal/domain/shared/events.go:49.60,49.95 1 0
github.com/claudioed/network-fulfillment/internal/domain/shared/events.go:50.60,50.73 1 0
github.com/claudioed/network-fulfillment/internal/domain/shared/events.go:92.56,92.87 1 0
github.com/claudioed/network-fulfillment/internal/domain/shared/events.go:93.56,93.69 1 0
github.com/claudioed/network-fulfillment/internal/domain/shared/events.go:112.65,112.105 1 0
github.com/claudioed/network-fulfillment/internal/domain/shared/events.go:113.65,113.78 1 0
github.com/claudioed/network-fulfillment/internal/domain/shared/events.go:130.65,130.105 1 0
github.com/claudioed/network-fulfillment/internal/domain/shared/events.go:131.65,131.78 1 0
github.com/claudioed/network-fulfillment/internal/application/usecases/confirm_network_order_shipment.go:47.2,48.16 2 0
github.com/claudioed/network-fulfillment/internal/application/usecases/confirm_network_order_shipment.go:49.3,50.1 1 0
github.com/claudioed/network-fulfillment/internal/application/usecases/confirm_network_order_shipment.go:51.2,51.14 1 0
github.com/claudioed/network-fulfillment/internal/application/usecases/confirm_network_order_shipment.go:52.3,53.1 1 0
github.com/claudioed/network-fulfillment/internal/application/usecases/confirm_network_order_shipment.go:54.2,54.46 1 0
github.com/claudioed/network-fulfillment/internal/application/usecases/confirm_network_order_shipment.go:55.3,56.1 1 0
github.com/claudioed/network-fulfillment/internal/application/usecases/confirm_network_order_shipment.go:58.2,58.44 1 0
github.com/claudioed/network-fulfillment/internal/application/usecases/confirm_network_order_shipment.go:59.3,60.1 1 0
github.com/claudioed/network-fulfillment/internal/application/usecases/confirm_network_order_shipment.go:62.2,64.39 3 0
github.com/claudioed/network-fulfillment/internal/application/usecases/confirm_network_order_shipment.go:65.3,66.1 1 0
github.com/claudioed/network-fulfillment/internal/application/usecases/confirm_network_order_shipment.go:68.2,68.75 1 0
github.com/claudioed/network-fulfillment/internal/application/usecases/confirm_network_order_shipment.go:69.3,69.48 1 0
github.com/claudioed/network-fulfillment/internal/application/usecases/confirm_network_order_shipment.go:70.4,71.1 1 0
github.com/claudioed/network-fulfillment/internal/application/usecases/confirm_network_order_shipment.go:72.3,77.5 1 0
github.com/claudioed/network-fulfillment/internal/application/usecases/confirm_network_order_shipment.go:79.3,80.1 1 0
github.com/claudioed/network-fulfillment/internal/application/usecases/confirm_network_order_shipment.go:82.2,82.83 1 0
github.com/claudioed/network-fulfillment/internal/application/usecases/confirm_network_order_shipment.go:83.3,84.1 1 0
github.com/claudioed/network-fulfillment/internal/application/usecases/confirm_network_order_shipment.go:85.2,85.15 1 0
github.com/claudioed/network-fulfillment/internal/application/usecases/receive_network_demand.go:67.2,68.1 2 0
github.com/claudioed/network-fulfillment/internal/application/usecases/receive_network_demand.go:74.2,74.78 2 0
github.com/claudioed/network-fulfillment/internal/application/usecases/receive_network_demand.go:75.3,76.1 1 0
github.com/claudioed/network-fulfillment/internal/application/usecases/receive_network_demand.go:76.9,76.28 1 0
github.com/claudioed/network-fulfillment/internal/application/usecases/receive_network_demand.go:77.3,78.1 1 0
github.com/claudioed/network-fulfillment/internal/application/usecases/receive_network_demand.go:80.2,81.1 2 0
github.com/claudioed/network-fulfillment/internal/application/usecases/receive_network_demand.go:86.2,86.27 2 0
github.com/claudioed/network-fulfillment/internal/application/usecases/receive_network_demand.go:87.3,87.59 1 0
github.com/claudioed/network-fulfillment/internal/application/usecases/receive_network_demand.go:88.4,89.1 1 0
github.com/claudioed/network-fulfillment/internal/application/usecases/receive_network_demand.go:90.3,90.51 1 0
github.com/claudioed/network-fulfillment/internal/application/usecases/receive_network_demand.go:93.2,94.16 2 0
github.com/claudioed/network-fulfillment/internal/application/usecases/receive_network_demand.go:95.3,96.1 1 0
github.com/claudioed/network-fulfillment/internal/application/usecases/receive_network_demand.go:97.2,97.75 1 0
github.com/claudioed/network-fulfillment/internal/application/usecases/receive_network_demand.go:98.3,99.1 1 0
github.com/claudioed/network-fulfillment/internal/application/usecases/receive_network_demand.go:101.2,106.16 2 0
github.com/claudioed/network-fulfillment/internal/application/usecases/receive_network_demand.go:107.3,108.1 1 0
github.com/claudioed/network-fulfillment/internal/application/usecases/receive_network_demand.go:110.2,110.22 1 0
github.com/claudioed/network-fulfillment/internal/application/usecases/receive_network_demand.go:111.3,112.1 1 0
github.com/claudioed/network-fulfillment/internal/application/usecases/receive_network_demand.go:113.2,113.39 1 0
github.com/claudioed/network-fulfillment/internal/application/usecases/receive_network_demand.go:125.2,125.72 1 0
github.com/claudioed/network-fulfillment/internal/application/usecases/receive_network_demand.go:126.3,126.48 1 0
github.com/claudioed/network-fulfillment/internal/application/usecases/receive_network_demand.go:127.4,128.1 1 0
github.com/claudioed/network-fulfillment/internal/application/usecases/receive_network_demand.go:129.3,136.5 1 0
github.com/claudioed/network-fulfillment/internal/application/usecases/receive_network_demand.go:143.2,144.33 2 0
github.com/claudioed/network-fulfillment/internal/application/usecases/receive_network_demand.go:145.3,146.17 2 0
github.com/claudioed/network-fulfillment/internal/application/usecases/receive_network_demand.go:147.4,148.1 1 0
github.com/claudioed/network-fulfillment/internal/application/usecases/receive_network_demand.go:149.3,150.17 2 0
github.com/claudioed/network-fulfillment/internal/application/usecases/receive_network_demand.go:151.4,152.1 1 0
github.com/claudioed/network-fulfillment/internal/application/usecases/receive_network_demand.go:153.3,153.30 1 0
github.com/claudioed/network-fulfillment/internal/application/usecases/receive_network_demand.go:155.2,155.19 1 0
github.com/claudioed/network-fulfillment/internal/application/usecases/receive_network_demand.go:163.2,164.16 2 0
github.com/claudioed/network-fulfillment/internal/application/usecases/receive_network_demand.go:165.3,166.1 1 0
github.com/claudioed/network-fulfillment/internal/application/usecases/receive_network_demand.go:167.2,167.66 1 0
github.com/claudioed/network-fulfillment/internal/application/usecases/receive_network_demand.go:168.3,169.1 1 0
github.com/claudioed/network-fulfillment/internal/application/usecases/receive_network_demand.go:170.2,170.72 1 0
github.com/claudioed/network-fulfillment/internal/application/usecases/receive_network_demand.go:186.2,186.18 1 0
github.com/claudioed/network-fulfillment/internal/application/usecases/receive_network_demand.go:187.3,187.65 1 0
github.com/claudioed/network-fulfillment/internal/application/usecases/receive_network_demand.go:188.4,189.1 1 0
github.com/claudioed/network-fulfillment/internal/application/usecases/receive_network_demand.go:191.2,191.35 1 0
github.com/claudioed/network-fulfillment/internal/application/usecases/receive_network_demand.go:192.3,193.1 1 0
github.com/claudioed/network-fulfillment/internal/application/usecases/receive_network_demand.go:194.2,194.75 1 0
github.com/claudioed/network-fulfillment/internal/application/usecases/receive_network_demand.go:195.3,195.48 1 0
github.com/claudioed/network-fulfillment/internal/application/usecases/receive_network_demand.go:196.4,197.1 1 0
github.com/claudioed/network-fulfillment/internal/application/usecases/receive_network_demand.go:198.3,203.5 1 0
github.com/claudioed/network-fulfillment/internal/application/usecases/receive_network_demand.go:205.3,206.1 1 0
github.com/claudioed/network-fulfillment/internal/application/usecases/receive_network_demand.go:207.2,207.85 1 0
github.com/claudioed/network-fulfillment/internal/application/usecases/receive_network_demand.go:208.3,209.1 1 0
github.com/claudioed/network-fulfillment/internal/application/usecases/receive_network_demand.go:210.2,210.15 1 0
github.com/claudioed/network-fulfillment/internal/application/usecases/receive_network_demand.go:224.2,224.35 1 0
github.com/claudioed/network-fulfillment/internal/application/usecases/receive_network_demand.go:225.3,226.1 1 0
github.com/claudioed/network-fulfillment/internal/application/usecases/receive_network_demand.go:227.2,227.62 1 0
github.com/claudioed/network-fulfillment/internal/application/usecases/receive_network_demand.go:228.3,229.1 1 0
github.com/claudioed/network-fulfillment/internal/application/usecases/receive_network_demand.go:230.2,230.75 1 0
github.com/claudioed/network-fulfillment/internal/application/usecases/receive_network_demand.go:231.3,231.48 1 0
github.com/claudioed/network-fulfillment/internal/application/usecases/receive_network_demand.go:232.4,233.1 1 0
github.com/claudioed/network-fulfillment/internal/application/usecases/receive_network_demand.go:234.3,240.5 1 0
github.com/claudioed/network-fulfillment/internal/application/usecases/receive_network_demand.go:242.3,243.1 1 0
github.com/claudioed/network-fulfillment/internal/application/usecases/receive_network_demand.go:244.2,244.84 1 0
github.com/claudioed/network-fulfillment/internal/application/usecases/receive_network_demand.go:245.3,246.1 1 0
github.com/claudioed/network-fulfillment/internal/application/usecases/receive_network_demand.go:253.2,253.15 1 0
github.com/claudioed/network-fulfillment/internal/application/usecases/recompute_capability_offers.go:64.2,65.16 2 0
github.com/claudioed/network-fulfillment/internal/application/usecases/recompute_capability_offers.go:66.3,67.1 1 0
github.com/claudioed/network-fulfillment/internal/application/usecases/recompute_capability_offers.go:69.2,71.1 4 0
github.com/claudioed/network-fulfillment/internal/application/usecases/recompute_capability_offers.go:72.2,73.27 4 0
github.com/claudioed/network-fulfillment/internal/application/usecases/recompute_capability_offers.go:74.3,75.1 3 0
github.com/claudioed/network-fulfillment/internal/application/usecases/recompute_capability_offers.go:76.3,77.17 3 0
github.com/claudioed/network-fulfillment/internal/application/usecases/recompute_capability_offers.go:78.4,78.23 1 0
github.com/claudioed/network-fulfillment/internal/application/usecases/recompute_capability_offers.go:79.5,81.1 1 0
github.com/claudioed/network-fulfillment/internal/application/usecases/recompute_capability_offers.go:82.4,82.12 1 0
github.com/claudioed/network-fulfillment/internal/application/usecases/recompute_capability_offers.go:85.3,86.1 3 0
github.com/claudioed/network-fulfillment/internal/application/usecases/recompute_capability_offers.go:87.3,88.17 3 0
github.com/claudioed/network-fulfillment/internal/application/usecases/recompute_capability_offers.go:89.4,89.23 1 0
github.com/claudioed/network-fulfillment/internal/application/usecases/recompute_capability_offers.go:90.5,92.1 1 0
github.com/claudioed/network-fulfillment/internal/application/usecases/recompute_capability_offers.go:93.4,93.12 1 0
github.com/claudioed/network-fulfillment/internal/application/usecases/recompute_capability_offers.go:95.3,95.66 1 0
github.com/claudioed/network-fulfillment/internal/application/usecases/recompute_capability_offers.go:96.4,97.1 1 0
github.com/claudioed/network-fulfillment/internal/application/usecases/recompute_capability_offers.go:98.3,98.51 1 0
github.com/claudioed/network-fulfillment/internal/application/usecases/recompute_capability_offers.go:99.4,99.23 1 0
github.com/claudioed/network-fulfillment/internal/application/usecases/recompute_capability_offers.go:100.5,102.1 1 0
github.com/claudioed/network-fulfillment/internal/application/usecases/recompute_capability_offers.go:103.4,103.12 1 0
github.com/claudioed/network-fulfillment/internal/application/usecases/recompute_capability_offers.go:106.2,106.17 1 0
github.com/claudioed/network-fulfillment/internal/application/usecases/recompute_capability_offers.go:116.2,116.18 1 0
github.com/claudioed/network-fulfillment/internal/application/usecases/recompute_capability_offers.go:117.3,118.1 1 0
github.com/claudioed/network-fulfillment/internal/application/usecases/recompute_capability_offers.go:119.2,121.31 3 0
github.com/claudioed/network-fulfillment/internal/application/usecases/recompute_capability_offers.go:122.3,123.13 2 0
github.com/claudioed/network-fulfillment/internal/application/usecases/recompute_capability_offers.go:124.4,124.12 1 0
github.com/claudioed/network-fulfillment/internal/application/usecases/recompute_capability_offers.go:126.3,127.17 2 0
github.com/claudioed/network-fulfillment/internal/application/usecases/recompute_capability_offers.go:129.2,129.24 1 0
github.com/claudioed/network-fulfillment/internal/application/usecases/reconcile_submitted_orders.go:43.2,44.16 2 0
github.com/claudioed/network-fulfillment/internal/application/usecases/reconcile_submitted_orders.go:45.3,46.1 1 0
github.com/claudioed/network-fulfillment/internal/application/usecases/reconcile_submitted_orders.go:48.2,49.30 2 0
github.com/claudioed/network-fulfillment/internal/application/usecases/reconcile_submitted_orders.go:50.3,51.17 2 0
github.com/claudioed/network-fulfillment/internal/application/usecases/reconcile_submitted_orders.go:56.4,56.12 1 0
github.com/claudioed/network-fulfillment/internal/application/usecases/reconcile_submitted_orders.go:58.3,58.17 1 0
github.com/claudioed/network-fulfillment/internal/application/usecases/reconcile_submitted_orders.go:60.4,60.45 1 0
github.com/claudioed/network-fulfillment/internal/application/usecases/reconcile_submitted_orders.go:61.5,61.13 1 0
github.com/claudioed/network-fulfillment/internal/application/usecases/reconcile_submitted_orders.go:63.4,63.19 1 0
github.com/claudioed/network-fulfillment/internal/application/usecases/reconcile_submitted_orders.go:65.4,65.42 1 0
github.com/claudioed/network-fulfillment/internal/application/usecases/reconcile_submitted_orders.go:66.5,66.13 1 0
github.com/claudioed/network-fulfillment/internal/application/usecases/reconcile_submitted_orders.go:68.4,68.16 1 0
github.com/claudioed/network-fulfillment/internal/application/usecases/reconcile_submitted_orders.go:70.4,70.17 1 0
github.com/claudioed/network-fulfillment/internal/application/usecases/reconcile_submitted_orders.go:73.2,73.17 1 0
github.com/claudioed/network-fulfillment/internal/application/usecases/reconcile_submitted_orders.go:81.2,81.51 1 0
github.com/claudioed/network-fulfillment/internal/application/usecases/reconcile_submitted_orders.go:82.3,83.1 1 0
github.com/claudioed/network-fulfillment/internal/application/usecases/reconcile_submitted_orders.go:84.2,84.75 1 0
github.com/claudioed/network-fulfillment/internal/application/usecases/reconcile_submitted_orders.go:85.3,86.1 1 0
github.com/claudioed/network-fulfillment/internal/application/usecases/reconcile_submitted_orders.go:87.3,88.1 1 0
github.com/claudioed/network-fulfillment/internal/application/usecases/reconcile_submitted_orders.go:89.2,89.45 1 0
github.com/claudioed/network-fulfillment/internal/application/usecases/reconcile_submitted_orders.go:90.3,91.1 1 0
github.com/claudioed/network-fulfillment/internal/application/usecases/reconcile_submitted_orders.go:92.2,92.12 1 0
github.com/claudioed/network-fulfillment/internal/application/usecases/reconcile_submitted_orders.go:101.2,101.45 1 0
github.com/claudioed/network-fulfillment/internal/application/usecases/reconcile_submitted_orders.go:102.3,102.65 1 0
github.com/claudioed/network-fulfillment/internal/application/usecases/reconcile_submitted_orders.go:103.4,104.1 1 0
github.com/claudioed/network-fulfillment/internal/application/usecases/reconcile_submitted_orders.go:106.2,106.35 1 0
github.com/claudioed/network-fulfillment/internal/application/usecases/reconcile_submitted_orders.go:107.3,108.1 1 0
github.com/claudioed/network-fulfillment/internal/application/usecases/reconcile_submitted_orders.go:109.2,109.72 1 0
github.com/claudioed/network-fulfillment/internal/application/usecases/reconcile_submitted_orders.go:110.3,110.48 1 0
github.com/claudioed/network-fulfillment/internal/application/usecases/reconcile_submitted_orders.go:111.4,112.1 1 0
github.com/claudioed/network-fulfillment/internal/application/usecases/reconcile_submitted_orders.go:113.3,118.5 1 0
github.com/claudioed/network-fulfillment/internal/application/usecases/reject_overdue_orders.go:46.2,47.1 3 0
github.com/claudioed/network-fulfillment/internal/application/usecases/reject_overdue_orders.go:48.2,49.16 3 0
github.com/claudioed/network-fulfillment/internal/application/usecases/reject_overdue_orders.go:50.3,51.1 1 0
github.com/claudioed/network-fulfillment/internal/application/usecases/reject_overdue_orders.go:53.2,54.31 2 0
github.com/claudioed/network-fulfillment/internal/application/usecases/reject_overdue_orders.go:55.3,55.37 1 0
github.com/claudioed/network-fulfillment/internal/application/usecases/reject_overdue_orders.go:56.4,56.12 1 0
github.com/claudioed/network-fulfillment/internal/application/usecases/reject_overdue_orders.go:58.3,58.46 1 0
github.com/claudioed/network-fulfillment/internal/application/usecases/reject_overdue_orders.go:64.4,64.12 1 0
github.com/claudioed/network-fulfillment/internal/application/usecases/reject_overdue_orders.go:66.3,66.17 1 0
github.com/claudioed/network-fulfillment/internal/application/usecases/reject_overdue_orders.go:68.2,68.17 1 0
github.com/claudioed/network-fulfillment/internal/application/usecases/reject_overdue_orders.go:75.2,75.45 1 0
github.com/claudioed/network-fulfillment/internal/application/usecases/reject_overdue_orders.go:76.3,76.65 1 0
github.com/claudioed/network-fulfillment/internal/application/usecases/reject_overdue_orders.go:77.4,78.1 1 0
github.com/claudioed/network-fulfillment/internal/application/usecases/reject_overdue_orders.go:80.2,80.35 1 0
github.com/claudioed/network-fulfillment/internal/application/usecases/reject_overdue_orders.go:81.3,82.1 1 0
github.com/claudioed/network-fulfillment/internal/application/usecases/reject_overdue_orders.go:86.2,86.72 1 0
github.com/claudioed/network-fulfillment/internal/application/usecases/reject_overdue_orders.go:87.3,87.48 1 0
github.com/claudioed/network-fulfillment/internal/application/usecases/reject_overdue_orders.go:88.4,89.1 1 0
github.com/claudioed/network-fulfillment/internal/application/usecases/reject_overdue_orders.go:90.3,95.5 1 0
github.com/claudioed/network-fulfillment/internal/application/usecases/sweep_acknowledgement_deadlines.go:39.2,40.1 3 0
github.com/claudioed/network-fulfillment/internal/application/usecases/sweep_acknowledgement_deadlines.go:41.2,42.16 3 0
github.com/claudioed/network-fulfillment/internal/application/usecases/sweep_acknowledgement_deadlines.go:43.3,44.1 1 0
github.com/claudioed/network-fulfillment/internal/application/usecases/sweep_acknowledgement_deadlines.go:46.2,47.31 2 0
github.com/claudioed/network-fulfillment/internal/application/usecases/sweep_acknowledgement_deadlines.go:48.3,48.37 1 0
github.com/claudioed/network-fulfillment/internal/application/usecases/sweep_acknowledgement_deadlines.go:49.4,49.12 1 0
github.com/claudioed/network-fulfillment/internal/application/usecases/sweep_acknowledgement_deadlines.go:54.3,59.18 1 0
github.com/claudioed/network-fulfillment/internal/application/usecases/sweep_acknowledgement_deadlines.go:60.4,60.12 1 0
github.com/claudioed/network-fulfillment/internal/application/usecases/sweep_acknowledgement_deadlines.go:62.3,62.15 1 0
github.com/claudioed/network-fulfillment/internal/application/usecases/sweep_acknowledgement_deadlines.go:64.2,64.17 1 0
github.com/claudioed/network-fulfillment/internal/application/usecases/unit_of_work.go:14.2,14.16 1 0
github.com/claudioed/network-fulfillment/internal/application/usecases/unit_of_work.go:15.3,16.1 1 0
github.com/claudioed/network-fulfillment/internal/application/usecases/unit_of_work.go:17.2,17.29 1 0
github.com/claudioed/network-fulfillment/internal/domain/capabilityoffer/capability_offer.go:83.2,83.15 1 0
github.com/claudioed/network-fulfillment/internal/domain/capabilityoffer/capability_offer.go:84.3,85.1 1 0
github.com/claudioed/network-fulfillment/internal/domain/capabilityoffer/capability_offer.go:86.2,86.18 1 0
github.com/claudioed/network-fulfillment/internal/domain/capabilityoffer/capability_offer.go:87.3,88.1 1 0
github.com/claudioed/network-fulfillment/internal/domain/capabilityoffer/capability_offer.go:89.2,89.28 1 0
github.com/claudioed/network-fulfillment/internal/domain/capabilityoffer/capability_offer.go:90.3,91.1 1 0
github.com/claudioed/network-fulfillment/internal/domain/capabilityoffer/capability_offer.go:92.2,92.44 1 0
github.com/claudioed/network-fulfillment/internal/domain/capabilityoffer/capability_offer.go:93.3,94.1 1 0
github.com/claudioed/network-fulfillment/internal/domain/capabilityoffer/capability_offer.go:95.2,95.15 1 0
github.com/claudioed/network-fulfillment/internal/domain/capabilityoffer/capability_offer.go:96.49,96.49 0 0
github.com/claudioed/network-fulfillment/internal/domain/capabilityoffer/capability_offer.go:98.3,98.44 1 0
github.com/claudioed/network-fulfillment/internal/domain/capabilityoffer/capability_offer.go:100.2,106.8 1 0
github.com/claudioed/network-fulfillment/internal/domain/capabilityoffer/capability_offer.go:122.2,122.65 1 0
github.com/claudioed/network-fulfillment/internal/domain/capabilityoffer/capability_offer.go:123.3,124.1 1 0
github.com/claudioed/network-fulfillment/internal/domain/capabilityoffer/capability_offer.go:125.2,126.13 2 0
github.com/claudioed/network-fulfillment/internal/domain/capabilityoffer/capability_offer.go:127.3,128.1 1 0
github.com/claudioed/network-fulfillment/internal/domain/capabilityoffer/capability_offer.go:129.2,129.89 1 0
github.com/claudioed/network-fulfillment/internal/domain/capabilityoffer/capability_offer.go:132.53,132.67 1 0
github.com/claudioed/network-fulfillment/internal/domain/capabilityoffer/capability_offer.go:133.53,133.70 1 0
github.com/claudioed/network-fulfillment/internal/domain/capabilityoffer/capability_offer.go:134.53,134.82 1 0
github.com/claudioed/network-fulfillment/internal/domain/capabilityoffer/capability_offer.go:135.53,135.69 1 0
github.com/claudioed/network-fulfillment/internal/domain/capabilityoffer/capability_offer.go:136.53,136.74 1 0
github.com/claudioed/network-fulfillment/internal/domain/networkorder/network_order.go:96.2,96.15 1 0
github.com/claudioed/network-fulfillment/internal/domain/networkorder/network_order.go:97.3,98.1 1 0
github.com/claudioed/network-fulfillment/internal/domain/networkorder/network_order.go:99.2,99.21 1 0
github.com/claudioed/network-fulfillment/internal/domain/networkorder/network_order.go:100.3,101.1 1 0
github.com/claudioed/network-fulfillment/internal/domain/networkorder/network_order.go:102.2,102.15 1 0
github.com/claudioed/network-fulfillment/internal/domain/networkorder/network_order.go:103.3,104.1 1 0
github.com/claudioed/network-fulfillment/internal/domain/networkorder/network_order.go:105.2,105.19 1 0
github.com/claudioed/network-fulfillment/internal/domain/networkorder/network_order.go:106.3,107.1 1 0
github.com/claudioed/network-fulfillment/internal/domain/networkorder/network_order.go:108.2,108.98 1 0
github.com/claudioed/network-fulfillment/internal/domain/networkorder/network_order.go:111.60,111.85 1 0
github.com/claudioed/network-fulfillment/internal/domain/networkorder/network_order.go:112.60,112.87 1 0
github.com/claudioed/network-fulfillment/internal/domain/networkorder/network_order.go:113.60,113.74 1 0
github.com/claudioed/network-fulfillment/internal/domain/networkorder/network_order.go:114.60,114.79 1 0
github.com/claudioed/network-fulfillment/internal/domain/networkorder/network_order.go:156.2,156.15 1 0
github.com/claudioed/network-fulfillment/internal/domain/networkorder/network_order.go:157.3,158.1 1 0
github.com/claudioed/network-fulfillment/internal/domain/networkorder/network_order.go:159.2,159.21 1 0
github.com/claudioed/network-fulfillment/internal/domain/networkorder/network_order.go:160.3,161.1 1 0
github.com/claudioed/network-fulfillment/internal/domain/networkorder/network_order.go:162.2,170.8 1 0
github.com/claudioed/network-fulfillment/internal/domain/networkorder/network_order.go:192.2,192.15 1 0
github.com/claudioed/network-fulfillment/internal/domain/networkorder/network_order.go:193.3,194.1 1 0
github.com/claudioed/network-fulfillment/internal/domain/networkorder/network_order.go:195.2,202.8 1 0
github.com/claudioed/network-fulfillment/internal/domain/networkorder/network_order.go:211.2,211.25 1 0
github.com/claudioed/network-fulfillment/internal/domain/networkorder/network_order.go:212.3,213.1 1 0
github.com/claudioed/network-fulfillment/internal/domain/networkorder/network_order.go:214.2,215.12 2 0
github.com/claudioed/network-fulfillment/internal/domain/networkorder/network_order.go:224.2,224.31 1 0
github.com/claudioed/network-fulfillment/internal/domain/networkorder/network_order.go:225.3,226.1 1 0
github.com/claudioed/network-fulfillment/internal/domain/networkorder/network_order.go:227.2,228.12 2 0
github.com/claudioed/network-fulfillment/internal/domain/networkorder/network_order.go:238.2,238.35 1 0
github.com/claudioed/network-fulfillment/internal/domain/networkorder/network_order.go:239.3,240.1 1 0
github.com/claudioed/network-fulfillment/internal/domain/networkorder/network_order.go:241.2,241.35 1 0
github.com/claudioed/network-fulfillment/internal/domain/networkorder/network_order.go:250.2,250.54 1 0
github.com/claudioed/network-fulfillment/internal/domain/networkorder/network_order.go:251.3,252.1 1 0
github.com/claudioed/network-fulfillment/internal/domain/networkorder/network_order.go:253.2,254.12 2 0
github.com/claudioed/network-fulfillment/internal/domain/networkorder/network_order.go:263.2,263.63 1 0
github.com/claudioed/network-fulfillment/internal/domain/networkorder/network_order.go:264.3,265.1 1 0
github.com/claudioed/network-fulfillment/internal/domain/networkorder/network_order.go:266.2,266.27 1 0
github.com/claudioed/network-fulfillment/internal/domain/networkorder/network_order.go:267.3,268.1 1 0
github.com/claudioed/network-fulfillment/internal/domain/networkorder/network_order.go:269.2,270.12 2 0
github.com/claudioed/network-fulfillment/internal/domain/networkorder/network_order.go:276.2,276.34 1 0
github.com/claudioed/network-fulfillment/internal/domain/networkorder/network_order.go:277.3,278.1 1 0
github.com/claudioed/network-fulfillment/internal/domain/networkorder/network_order.go:279.2,280.12 2 0
github.com/claudioed/network-fulfillment/internal/domain/networkorder/network_order.go:287.2,288.1 1 0
github.com/claudioed/network-fulfillment/internal/domain/networkorder/network_order.go:296.2,297.28 2 0
github.com/claudioed/network-fulfillment/internal/domain/networkorder/network_order.go:298.3,299.1 1 0
github.com/claudioed/network-fulfillment/internal/domain/networkorder/network_order.go:300.2,300.12 1 0
github.com/claudioed/network-fulfillment/internal/domain/networkorder/network_order.go:303.57,303.78 1 0
github.com/claudioed/network-fulfillment/internal/domain/networkorder/network_order.go:304.57,304.74 1 0
github.com/claudioed/network-fulfillment/internal/domain/networkorder/network_order.go:305.57,305.82 1 0
github.com/claudioed/network-fulfillment/internal/domain/networkorder/network_order.go:306.57,306.81 1 0
github.com/claudioed/network-fulfillment/internal/domain/networkorder/network_order.go:307.57,307.73 1 0
github.com/claudioed/network-fulfillment/internal/domain/networkorder/network_order.go:308.57,308.78 1 0
github.com/claudioed/network-fulfillment/internal/domain/networkorder/network_order.go:310.2,311.1 1 0
github.com/claudioed/network-fulfillment/internal/domain/networkorder/network_order.go:317.2,320.1 3 0
github.com/claudioed/network-fulfillment/internal/domain/networkorder/network_order.go:333.2,342.1 1 0
github.com/claudioed/network-fulfillment/internal/domain/shared/events.go:32.56,32.87 1 0
github.com/claudioed/network-fulfillment/internal/domain/shared/events.go:33.56,33.69 1 0
github.com/claudioed/network-fulfillment/internal/domain/shared/events.go:49.60,49.95 1 0
github.com/claudioed/network-fulfillment/internal/domain/shared/events.go:50.60,50.73 1 0
github.com/claudioed/network-fulfillment/internal/domain/shared/events.go:92.56,92.87 1 0
github.com/claudioed/network-fulfillment/internal/domain/shared/events.go:93.56,93.69 1 0
github.com/claudioed/network-fulfillment/internal/domain/shared/events.go:112.65,112.105 1 0
github.com/claudioed/network-fulfillment/internal/domain/shared/events.go:113.65,113.78 1 0
github.com/claudioed/network-fulfillment/internal/domain/shared/events.go:130.65,130.105 1 0
github.com/claudioed/network-fulfillment/internal/domain/shared/events.go:131.65,131.78 1 0
github.com/claudioed/network-fulfillment/internal/application/usecases/confirm_network_order_shipment.go:47.2,48.16 2 0
github.com/claudioed/network-fulfillment/internal/application/usecases/confirm_network_order_shipment.go:49.3,50.1 1 0
github.com/claudioed/network-fulfillment/internal/application/usecases/confirm_network_order_shipment.go:51.2,51.14 1 0
github.com/claudioed/network-fulfillment/internal/application/usecases/confirm_network_order_shipment.go:52.3,53.1 1 0
github.com/claudioed/network-fulfillment/internal/application/usecases/confirm_network_order_shipment.go:54.2,54.46 1 0
github.com/claudioed/network-fulfillment/internal/application/usecases/confirm_network_order_shipment.go:55.3,56.1 1 0
github.com/claudioed/network-fulfillment/internal/application/usecases/confirm_network_order_shipment.go:58.2,58.44 1 0
github.com/claudioed/network-fulfillment/internal/application/usecases/confirm_network_order_shipment.go:59.3,60.1 1 0
github.com/claudioed/network-fulfillment/internal/application/usecases/confirm_network_order_shipment.go:62.2,64.39 3 0
github.com/claudioed/network-fulfillment/internal/application/usecases/confirm_network_order_shipment.go:65.3,66.1 1 0
github.com/claudioed/network-fulfillment/internal/application/usecases/confirm_network_order_shipment.go:68.2,68.75 1 0
github.com/claudioed/network-fulfillment/internal/application/usecases/confirm_network_order_shipment.go:69.3,69.48 1 0
github.com/claudioed/network-fulfillment/internal/application/usecases/confirm_network_order_shipment.go:70.4,71.1 1 0
github.com/claudioed/network-fulfillment/internal/application/usecases/confirm_network_order_shipment.go:72.3,77.5 1 0
github.com/claudioed/network-fulfillment/internal/application/usecases/confirm_network_order_shipment.go:79.3,80.1 1 0
github.com/claudioed/network-fulfillment/internal/application/usecases/confirm_network_order_shipment.go:82.2,82.83 1 0
github.com/claudioed/network-fulfillment/internal/application/usecases/confirm_network_order_shipment.go:83.3,84.1 1 0
github.com/claudioed/network-fulfillment/internal/application/usecases/confirm_network_order_shipment.go:85.2,85.15 1 0
github.com/claudioed/network-fulfillment/internal/application/usecases/receive_network_demand.go:67.2,68.1 2 0
github.com/claudioed/network-fulfillment/internal/application/usecases/receive_network_demand.go:74.2,74.78 2 0
github.com/claudioed/network-fulfillment/internal/application/usecases/receive_network_demand.go:75.3,76.1 1 0
github.com/claudioed/network-fulfillment/internal/application/usecases/receive_network_demand.go:76.9,76.28 1 0
github.com/claudioed/network-fulfillment/internal/application/usecases/receive_network_demand.go:77.3,78.1 1 0
github.com/claudioed/network-fulfillment/internal/application/usecases/receive_network_demand.go:80.2,81.1 2 0
github.com/claudioed/network-fulfillment/internal/application/usecases/receive_network_demand.go:86.2,86.27 2 0
github.com/claudioed/network-fulfillment/internal/application/usecases/receive_network_demand.go:87.3,87.59 1 0
github.com/claudioed/network-fulfillment/internal/application/usecases/receive_network_demand.go:88.4,89.1 1 0
github.com/claudioed/network-fulfillment/internal/application/usecases/receive_network_demand.go:90.3,90.51 1 0
github.com/claudioed/network-fulfillment/internal/application/usecases/receive_network_demand.go:93.2,94.16 2 0
github.com/claudioed/network-fulfillment/internal/application/usecases/receive_network_demand.go:95.3,96.1 1 0
github.com/claudioed/network-fulfillment/internal/application/usecases/receive_network_demand.go:97.2,97.75 1 0
github.com/claudioed/network-fulfillment/internal/application/usecases/receive_network_demand.go:98.3,99.1 1 0
github.com/claudioed/network-fulfillment/internal/application/usecases/receive_network_demand.go:101.2,106.16 2 0
github.com/claudioed/network-fulfillment/internal/application/usecases/receive_network_demand.go:107.3,108.1 1 0
github.com/claudioed/network-fulfillment/internal/application/usecases/receive_network_demand.go:110.2,110.22 1 0
github.com/claudioed/network-fulfillment/internal/application/usecases/receive_network_demand.go:111.3,112.1 1 0
github.com/claudioed/network-fulfillment/internal/application/usecases/receive_network_demand.go:113.2,113.39 1 0
github.com/claudioed/network-fulfillment/internal/application/usecases/receive_network_demand.go:125.2,125.72 1 0
github.com/claudioed/network-fulfillment/internal/application/usecases/receive_network_demand.go:126.3,126.48 1 0
github.com/claudioed/network-fulfillment/internal/application/usecases/receive_network_demand.go:127.4,128.1 1 0
github.com/claudioed/network-fulfillment/internal/application/usecases/receive_network_demand.go:129.3,136.5 1 0
github.com/claudioed/network-fulfillment/internal/application/usecases/receive_network_demand.go:143.2,144.33 2 0
github.com/claudioed/network-fulfillment/internal/application/usecases/receive_network_demand.go:145.3,146.17 2 0
github.com/claudioed/network-fulfillment/internal/application/usecases/receive_network_demand.go:147.4,148.1 1 0
github.com/claudioed/network-fulfillment/internal/application/usecases/receive_network_demand.go:149.3,150.17 2 0
github.com/claudioed/network-fulfillment/internal/application/usecases/receive_network_demand.go:151.4,152.1 1 0
github.com/claudioed/network-fulfillment/internal/application/usecases/receive_network_demand.go:153.3,153.30 1 0
github.com/claudioed/network-fulfillment/internal/application/usecases/receive_network_demand.go:155.2,155.19 1 0
github.com/claudioed/network-fulfillment/internal/application/usecases/receive_network_demand.go:163.2,164.16 2 0
github.com/claudioed/network-fulfillment/internal/application/usecases/receive_network_demand.go:165.3,166.1 1 0
github.com/claudioed/network-fulfillment/internal/application/usecases/receive_network_demand.go:167.2,167.66 1 0
github.com/claudioed/network-fulfillment/internal/application/usecases/receive_network_demand.go:168.3,169.1 1 0
github.com/claudioed/network-fulfillment/internal/application/usecases/receive_network_demand.go:170.2,170.72 1 0
github.com/claudioed/network-fulfillment/internal/application/usecases/receive_network_demand.go:186.2,186.18 1 0
github.com/claudioed/network-fulfillment/internal/application/usecases/receive_network_demand.go:187.3,187.65 1 0
github.com/claudioed/network-fulfillment/internal/application/usecases/receive_network_demand.go:188.4,189.1 1 0
github.com/claudioed/network-fulfillment/internal/application/usecases/receive_network_demand.go:191.2,191.35 1 0
github.com/claudioed/network-fulfillment/internal/application/usecases/receive_network_demand.go:192.3,193.1 1 0
github.com/claudioed/network-fulfillment/internal/application/usecases/receive_network_demand.go:194.2,194.75 1 0
github.com/claudioed/network-fulfillment/internal/application/usecases/receive_network_demand.go:195.3,195.48 1 0
github.com/claudioed/network-fulfillment/internal/application/usecases/receive_network_demand.go:196.4,197.1 1 0
github.com/claudioed/network-fulfillment/internal/application/usecases/receive_network_demand.go:198.3,203.5 1 0
github.com/claudioed/network-fulfillment/internal/application/usecases/receive_network_demand.go:205.3,206.1 1 0
github.com/claudioed/network-fulfillment/internal/application/usecases/receive_network_demand.go:207.2,207.85 1 0
github.com/claudioed/network-fulfillment/internal/application/usecases/receive_network_demand.go:208.3,209.1 1 0
github.com/claudioed/network-fulfillment/internal/application/usecases/receive_network_demand.go:210.2,210.15 1 0
github.com/claudioed/network-fulfillment/internal/application/usecases/receive_network_demand.go:224.2,224.35 1 0
github.com/claudioed/network-fulfillment/internal/application/usecases/receive_network_demand.go:225.3,226.1 1 0
github.com/claudioed/network-fulfillment/internal/application/usecases/receive_network_demand.go:227.2,227.62 1 0
github.com/claudioed/network-fulfillment/internal/application/usecases/receive_network_demand.go:228.3,229.1 1 0
github.com/claudioed/network-fulfillment/internal/application/usecases/receive_network_demand.go:230.2,230.75 1 0
github.com/claudioed/network-fulfillment/internal/application/usecases/receive_network_demand.go:231.3,231.48 1 0
github.com/claudioed/network-fulfillment/internal/application/usecases/receive_network_demand.go:232.4,233.1 1 0
github.com/claudioed/network-fulfillment/internal/application/usecases/receive_network_demand.go:234.3,240.5 1 0
github.com/claudioed/network-fulfillment/internal/application/usecases/receive_network_demand.go:242.3,243.1 1 0
github.com/claudioed/network-fulfillment/internal/application/usecases/receive_network_demand.go:244.2,244.84 1 0
github.com/claudioed/network-fulfillment/internal/application/usecases/receive_network_demand.go:245.3,246.1 1 0
github.com/claudioed/network-fulfillment/internal/application/usecases/receive_network_demand.go:253.2,253.15 1 0
github.com/claudioed/network-fulfillment/internal/application/usecases/recompute_capability_offers.go:64.2,65.16 2 0
github.com/claudioed/network-fulfillment/internal/application/usecases/recompute_capability_offers.go:66.3,67.1 1 0
github.com/claudioed/network-fulfillment/internal/application/usecases/recompute_capability_offers.go:69.2,71.1 4 0
github.com/claudioed/network-fulfillment/internal/application/usecases/recompute_capability_offers.go:72.2,73.27 4 0
github.com/claudioed/network-fulfillment/internal/application/usecases/recompute_capability_offers.go:74.3,75.1 3 0
github.com/claudioed/network-fulfillment/internal/application/usecases/recompute_capability_offers.go:76.3,77.17 3 0
github.com/claudioed/network-fulfillment/internal/application/usecases/recompute_capability_offers.go:78.4,78.23 1 0
github.com/claudioed/network-fulfillment/internal/application/usecases/recompute_capability_offers.go:79.5,81.1 1 0
github.com/claudioed/network-fulfillment/internal/application/usecases/recompute_capability_offers.go:82.4,82.12 1 0
github.com/claudioed/network-fulfillment/internal/application/usecases/recompute_capability_offers.go:85.3,86.1 3 0
github.com/claudioed/network-fulfillment/internal/application/usecases/recompute_capability_offers.go:87.3,88.17 3 0
github.com/claudioed/network-fulfillment/internal/application/usecases/recompute_capability_offers.go:89.4,89.23 1 0
github.com/claudioed/network-fulfillment/internal/application/usecases/recompute_capability_offers.go:90.5,92.1 1 0
github.com/claudioed/network-fulfillment/internal/application/usecases/recompute_capability_offers.go:93.4,93.12 1 0
github.com/claudioed/network-fulfillment/internal/application/usecases/recompute_capability_offers.go:95.3,95.66 1 0
github.com/claudioed/network-fulfillment/internal/application/usecases/recompute_capability_offers.go:96.4,97.1 1 0
github.com/claudioed/network-fulfillment/internal/application/usecases/recompute_capability_offers.go:98.3,98.51 1 0
github.com/claudioed/network-fulfillment/internal/application/usecases/recompute_capability_offers.go:99.4,99.23 1 0
github.com/claudioed/network-fulfillment/internal/application/usecases/recompute_capability_offers.go:100.5,102.1 1 0
github.com/claudioed/network-fulfillment/internal/application/usecases/recompute_capability_offers.go:103.4,103.12 1 0
github.com/claudioed/network-fulfillment/internal/application/usecases/recompute_capability_offers.go:106.2,106.17 1 0
github.com/claudioed/network-fulfillment/internal/application/usecases/recompute_capability_offers.go:116.2,116.18 1 0
github.com/claudioed/network-fulfillment/internal/application/usecases/recompute_capability_offers.go:117.3,118.1 1 0
github.com/claudioed/network-fulfillment/internal/application/usecases/recompute_capability_offers.go:119.2,121.31 3 0
github.com/claudioed/network-fulfillment/internal/application/usecases/recompute_capability_offers.go:122.3,123.13 2 0
github.com/claudioed/network-fulfillment/internal/application/usecases/recompute_capability_offers.go:124.4,124.12 1 0
github.com/claudioed/network-fulfillment/internal/application/usecases/recompute_capability_offers.go:126.3,127.17 2 0
github.com/claudioed/network-fulfillment/internal/application/usecases/recompute_capability_offers.go:129.2,129.24 1 0
github.com/claudioed/network-fulfillment/internal/application/usecases/reconcile_submitted_orders.go:43.2,44.16 2 0
github.com/claudioed/network-fulfillment/internal/application/usecases/reconcile_submitted_orders.go:45.3,46.1 1 0
github.com/claudioed/network-fulfillment/internal/application/usecases/reconcile_submitted_orders.go:48.2,49.30 2 0
github.com/claudioed/network-fulfillment/internal/application/usecases/reconcile_submitted_orders.go:50.3,51.17 2 0
github.com/claudioed/network-fulfillment/internal/application/usecases/reconcile_submitted_orders.go:56.4,56.12 1 0
github.com/claudioed/network-fulfillment/internal/application/usecases/reconcile_submitted_orders.go:58.3,58.17 1 0
github.com/claudioed/network-fulfillment/internal/application/usecases/reconcile_submitted_orders.go:60.4,60.45 1 0
github.com/claudioed/network-fulfillment/internal/application/usecases/reconcile_submitted_orders.go:61.5,61.13 1 0
github.com/claudioed/network-fulfillment/internal/application/usecases/reconcile_submitted_orders.go:63.4,63.19 1 0
github.com/claudioed/network-fulfillment/internal/application/usecases/reconcile_submitted_orders.go:65.4,65.42 1 0
github.com/claudioed/network-fulfillment/internal/application/usecases/reconcile_submitted_orders.go:66.5,66.13 1 0
github.com/claudioed/network-fulfillment/internal/application/usecases/reconcile_submitted_orders.go:68.4,68.16 1 0
github.com/claudioed/network-fulfillment/internal/application/usecases/reconcile_submitted_orders.go:70.4,70.17 1 0
github.com/claudioed/network-fulfillment/internal/application/usecases/reconcile_submitted_orders.go:73.2,73.17 1 0
github.com/claudioed/network-fulfillment/internal/application/usecases/reconcile_submitted_orders.go:81.2,81.51 1 0
github.com/claudioed/network-fulfillment/internal/application/usecases/reconcile_submitted_orders.go:82.3,83.1 1 0
github.com/claudioed/network-fulfillment/internal/application/usecases/reconcile_submitted_orders.go:84.2,84.75 1 0
github.com/claudioed/network-fulfillment/internal/application/usecases/reconcile_submitted_orders.go:85.3,86.1 1 0
github.com/claudioed/network-fulfillment/internal/application/usecases/reconcile_submitted_orders.go:87.3,88.1 1 0
github.com/claudioed/network-fulfillment/internal/application/usecases/reconcile_submitted_orders.go:89.2,89.45 1 0
github.com/claudioed/network-fulfillment/internal/application/usecases/reconcile_submitted_orders.go:90.3,91.1 1 0
github.com/claudioed/network-fulfillment/internal/application/usecases/reconcile_submitted_orders.go:92.2,92.12 1 0
github.com/claudioed/network-fulfillment/internal/application/usecases/reconcile_submitted_orders.go:101.2,101.45 1 0
github.com/claudioed/network-fulfillment/internal/application/usecases/reconcile_submitted_orders.go:102.3,102.65 1 0
github.com/claudioed/network-fulfillment/internal/application/usecases/reconcile_submitted_orders.go:103.4,104.1 1 0
github.com/claudioed/network-fulfillment/internal/application/usecases/reconcile_submitted_orders.go:106.2,106.35 1 0
github.com/claudioed/network-fulfillment/internal/application/usecases/reconcile_submitted_orders.go:107.3,108.1 1 0
github.com/claudioed/network-fulfillment/internal/application/usecases/reconcile_submitted_orders.go:109.2,109.72 1 0
github.com/claudioed/network-fulfillment/internal/application/usecases/reconcile_submitted_orders.go:110.3,110.48 1 0
github.com/claudioed/network-fulfillment/internal/application/usecases/reconcile_submitted_orders.go:111.4,112.1 1 0
github.com/claudioed/network-fulfillment/internal/application/usecases/reconcile_submitted_orders.go:113.3,118.5 1 0
github.com/claudioed/network-fulfillment/internal/application/usecases/reject_overdue_orders.go:46.2,47.1 3 0
github.com/claudioed/network-fulfillment/internal/application/usecases/reject_overdue_orders.go:48.2,49.16 3 0
github.com/claudioed/network-fulfillment/internal/application/usecases/reject_overdue_orders.go:50.3,51.1 1 0
github.com/claudioed/network-fulfillment/internal/application/usecases/reject_overdue_orders.go:53.2,54.31 2 0
github.com/claudioed/network-fulfillment/internal/application/usecases/reject_overdue_orders.go:55.3,55.37 1 0
github.com/claudioed/network-fulfillment/internal/application/usecases/reject_overdue_orders.go:56.4,56.12 1 0
github.com/claudioed/network-fulfillment/internal/application/usecases/reject_overdue_orders.go:58.3,58.46 1 0
github.com/claudioed/network-fulfillment/internal/application/usecases/reject_overdue_orders.go:64.4,64.12 1 0
github.com/claudioed/network-fulfillment/internal/application/usecases/reject_overdue_orders.go:66.3,66.17 1 0
github.com/claudioed/network-fulfillment/internal/application/usecases/reject_overdue_orders.go:68.2,68.17 1 0
github.com/claudioed/network-fulfillment/internal/application/usecases/reject_overdue_orders.go:75.2,75.45 1 0
github.com/claudioed/network-fulfillment/internal/application/usecases/reject_overdue_orders.go:76.3,76.65 1 0
github.com/claudioed/network-fulfillment/internal/application/usecases/reject_overdue_orders.go:77.4,78.1 1 0
github.com/claudioed/network-fulfillment/internal/application/usecases/reject_overdue_orders.go:80.2,80.35 1 0
github.com/claudioed/network-fulfillment/internal/application/usecases/reject_overdue_orders.go:81.3,82.1 1 0
github.com/claudioed/network-fulfillment/internal/application/usecases/reject_overdue_orders.go:86.2,86.72 1 0
github.com/claudioed/network-fulfillment/internal/application/usecases/reject_overdue_orders.go:87.3,87.48 1 0
github.com/claudioed/network-fulfillment/internal/application/usecases/reject_overdue_orders.go:88.4,89.1 1 0
github.com/claudioed/network-fulfillment/internal/application/usecases/reject_overdue_orders.go:90.3,95.5 1 0
github.com/claudioed/network-fulfillment/internal/application/usecases/sweep_acknowledgement_deadlines.go:39.2,40.1 3 0
github.com/claudioed/network-fulfillment/internal/application/usecases/sweep_acknowledgement_deadlines.go:41.2,42.16 3 0
github.com/claudioed/network-fulfillment/internal/application/usecases/sweep_acknowledgement_deadlines.go:43.3,44.1 1 0
github.com/claudioed/network-fulfillment/internal/application/usecases/sweep_acknowledgement_deadlines.go:46.2,47.31 2 0
github.com/claudioed/network-fulfillment/internal/application/usecases/sweep_acknowledgement_deadlines.go:48.3,48.37 1 0
github.com/claudioed/network-fulfillment/internal/application/usecases/sweep_acknowledgement_deadlines.go:49.4,49.12 1 0
github.com/claudioed/network-fulfillment/internal/application/usecases/sweep_acknowledgement_deadlines.go:54.3,59.18 1 0
github.com/claudioed/network-fulfillment/internal/application/usecases/sweep_acknowledgement_deadlines.go:60.4,60.12 1 0
github.com/claudioed/network-fulfillment/internal/application/usecases/sweep_acknowledgement_deadlines.go:62.3,62.15 1 0
github.com/claudioed/network-fulfillment/internal/application/usecases/sweep_acknowledgement_deadlines.go:64.2,64.17 1 0
github.com/claudioed/network-fulfillment/internal/application/usecases/unit_of_work.go:14.2,14.16 1 0
github.com/claudioed/network-fulfillment/internal/application/usecases/unit_of_work.go:15.3,16.1 1 0
github.com/claudioed/network-fulfillment/internal/application/usecases/unit_of_work.go:17.2,17.29 1 0
github.com/claudioed/network-fulfillment/internal/domain/capabilityoffer/capability_offer.go:83.2,83.15 1 0
github.com/claudioed/network-fulfillment/internal/domain/capabilityoffer/capability_offer.go:84.3,85.1 1 0
github.com/claudioed/network-fulfillment/internal/domain/capabilityoffer/capability_offer.go:86.2,86.18 1 0
github.com/claudioed/network-fulfillment/internal/domain/capabilityoffer/capability_offer.go:87.3,88.1 1 0
github.com/claudioed/network-fulfillment/internal/domain/capabilityoffer/capability_offer.go:89.2,89.28 1 0
github.com/claudioed/network-fulfillment/internal/domain/capabilityoffer/capability_offer.go:90.3,91.1 1 0
github.com/claudioed/network-fulfillment/internal/domain/capabilityoffer/capability_offer.go:92.2,92.44 1 0
github.com/claudioed/network-fulfillment/internal/domain/capabilityoffer/capability_offer.go:93.3,94.1 1 0
github.com/claudioed/network-fulfillment/internal/domain/capabilityoffer/capability_offer.go:95.2,95.15 1 0
github.com/claudioed/network-fulfillment/internal/domain/capabilityoffer/capability_offer.go:96.49,96.49 0 0
github.com/claudioed/network-fulfillment/internal/domain/capabilityoffer/capability_offer.go:98.3,98.44 1 0
github.com/claudioed/network-fulfillment/internal/domain/capabilityoffer/capability_offer.go:100.2,106.8 1 0
github.com/claudioed/network-fulfillment/internal/domain/capabilityoffer/capability_offer.go:122.2,122.65 1 0
github.com/claudioed/network-fulfillment/internal/domain/capabilityoffer/capability_offer.go:123.3,124.1 1 0
github.com/claudioed/network-fulfillment/internal/domain/capabilityoffer/capability_offer.go:125.2,126.13 2 0
github.com/claudioed/network-fulfillment/internal/domain/capabilityoffer/capability_offer.go:127.3,128.1 1 0
github.com/claudioed/network-fulfillment/internal/domain/capabilityoffer/capability_offer.go:129.2,129.89 1 0
github.com/claudioed/network-fulfillment/internal/domain/capabilityoffer/capability_offer.go:132.53,132.67 1 0
github.com/claudioed/network-fulfillment/internal/domain/capabilityoffer/capability_offer.go:133.53,133.70 1 0
github.com/claudioed/network-fulfillment/internal/domain/capabilityoffer/capability_offer.go:134.53,134.82 1 0
github.com/claudioed/network-fulfillment/internal/domain/capabilityoffer/capability_offer.go:135.53,135.69 1 0
github.com/claudioed/network-fulfillment/internal/domain/capabilityoffer/capability_offer.go:136.53,136.74 1 0
github.com/claudioed/network-fulfillment/internal/domain/networkorder/network_order.go:96.2,96.15 1 0
github.com/claudioed/network-fulfillment/internal/domain/networkorder/network_order.go:97.3,98.1 1 0
github.com/claudioed/network-fulfillment/internal/domain/networkorder/network_order.go:99.2,99.21 1 0
github.com/claudioed/network-fulfillment/internal/domain/networkorder/network_order.go:100.3,101.1 1 0
github.com/claudioed/network-fulfillment/internal/domain/networkorder/network_order.go:102.2,102.15 1 0
github.com/claudioed/network-fulfillment/internal/domain/networkorder/network_order.go:103.3,104.1 1 0
github.com/claudioed/network-fulfillment/internal/domain/networkorder/network_order.go:105.2,105.19 1 0
github.com/claudioed/network-fulfillment/internal/domain/networkorder/network_order.go:106.3,107.1 1 0
github.com/claudioed/network-fulfillment/internal/domain/networkorder/network_order.go:108.2,108.98 1 0
github.com/claudioed/network-fulfillment/internal/domain/networkorder/network_order.go:111.60,111.85 1 0
github.com/claudioed/network-fulfillment/internal/domain/networkorder/network_order.go:112.60,112.87 1 0
github.com/claudioed/network-fulfillment/internal/domain/networkorder/network_order.go:113.60,113.74 1 0
github.com/claudioed/network-fulfillment/internal/domain/networkorder/network_order.go:114.60,114.79 1 0
github.com/claudioed/network-fulfillment/internal/domain/networkorder/network_order.go:156.2,156.15 1 0
github.com/claudioed/network-fulfillment/internal/domain/networkorder/network_order.go:157.3,158.1 1 0
github.com/claudioed/network-fulfillment/internal/domain/networkorder/network_order.go:159.2,159.21 1 0
github.com/claudioed/network-fulfillment/internal/domain/networkorder/network_order.go:160.3,161.1 1 0
github.com/claudioed/network-fulfillment/internal/domain/networkorder/network_order.go:162.2,170.8 1 0
github.com/claudioed/network-fulfillment/internal/domain/networkorder/network_order.go:192.2,192.15 1 0
github.com/claudioed/network-fulfillment/internal/domain/networkorder/network_order.go:193.3,194.1 1 0
github.com/claudioed/network-fulfillment/internal/domain/networkorder/network_order.go:195.2,202.8 1 0
github.com/claudioed/network-fulfillment/internal/domain/networkorder/network_order.go:211.2,211.25 1 0
github.com/claudioed/network-fulfillment/internal/domain/networkorder/network_order.go:212.3,213.1 1 0
github.com/claudioed/network-fulfillment/internal/domain/networkorder/network_order.go:214.2,215.12 2 0
github.com/claudioed/network-fulfillment/internal/domain/networkorder/network_order.go:224.2,224.31 1 0
github.com/claudioed/network-fulfillment/internal/domain/networkorder/network_order.go:225.3,226.1 1 0
github.com/claudioed/network-fulfillment/internal/domain/networkorder/network_order.go:227.2,228.12 2 0
github.com/claudioed/network-fulfillment/internal/domain/networkorder/network_order.go:238.2,238.35 1 0
github.com/claudioed/network-fulfillment/internal/domain/networkorder/network_order.go:239.3,240.1 1 0
github.com/claudioed/network-fulfillment/internal/domain/networkorder/network_order.go:241.2,241.35 1 0
github.com/claudioed/network-fulfillment/internal/domain/networkorder/network_order.go:250.2,250.54 1 0
github.com/claudioed/network-fulfillment/internal/domain/networkorder/network_order.go:251.3,252.1 1 0
github.com/claudioed/network-fulfillment/internal/domain/networkorder/network_order.go:253.2,254.12 2 0
github.com/claudioed/network-fulfillment/internal/domain/networkorder/network_order.go:263.2,263.63 1 0
github.com/claudioed/network-fulfillment/internal/domain/networkorder/network_order.go:264.3,265.1 1 0
github.com/claudioed/network-fulfillment/internal/domain/networkorder/network_order.go:266.2,266.27 1 0
github.com/claudioed/network-fulfillment/internal/domain/networkorder/network_order.go:267.3,268.1 1 0
github.com/claudioed/network-fulfillment/internal/domain/networkorder/network_order.go:269.2,270.12 2 0
github.com/claudioed/network-fulfillment/internal/domain/networkorder/network_order.go:276.2,276.34 1 0
github.com/claudioed/network-fulfillment/internal/domain/networkorder/network_order.go:277.3,278.1 1 0
github.com/claudioed/network-fulfillment/internal/domain/networkorder/network_order.go:279.2,280.12 2 0
github.com/claudioed/network-fulfillment/internal/domain/networkorder/network_order.go:287.2,288.1 1 0
github.com/claudioed/network-fulfillment/internal/domain/networkorder/network_order.go:296.2,297.28 2 0
github.com/claudioed/network-fulfillment/internal/domain/networkorder/network_order.go:298.3,299.1 1 0
github.com/claudioed/network-fulfillment/internal/domain/networkorder/network_order.go:300.2,300.12 1 0
github.com/claudioed/network-fulfillment/internal/domain/networkorder/network_order.go:303.57,303.78 1 0
github.com/claudioed/network-fulfillment/internal/domain/networkorder/network_order.go:304.57,304.74 1 0
github.com/claudioed/network-fulfillment/internal/domain/networkorder/network_order.go:305.57,305.82 1 0
github.com/claudioed/network-fulfillment/internal/domain/networkorder/network_order.go:306.57,306.81 1 0
github.com/claudioed/network-fulfillment/internal/domain/networkorder/network_order.go:307.57,307.73 1 0
github.com/claudioed/network-fulfillment/internal/domain/networkorder/network_order.go:308.57,308.78 1 0
github.com/claudioed/network-fulfillment/internal/domain/networkorder/network_order.go:310.2,311.1 1 0
github.com/claudioed/network-fulfillment/internal/domain/networkorder/network_order.go:317.2,320.1 3 0
github.com/claudioed/network-fulfillment/internal/domain/networkorder/network_order.go:333.2,342.1 1 0
github.com/claudioed/network-fulfillment/internal/domain/shared/events.go:32.56,32.87 1 14
github.com/claudioed/network-fulfillment/internal/domain/shared/events.go:33.56,33.69 1 6
github.com/claudioed/network-fulfillment/internal/domain/shared/events.go:49.60,49.95 1 4
github.com/claudioed/network-fulfillment/internal/domain/shared/events.go:50.60,50.73 1 2
github.com/claudioed/network-fulfillment/internal/domain/shared/events.go:92.56,92.87 1 4
github.com/claudioed/network-fulfillment/internal/domain/shared/events.go:93.56,93.69 1 2
github.com/claudioed/network-fulfillment/internal/domain/shared/events.go:112.65,112.105 1 4
github.com/claudioed/network-fulfillment/internal/domain/shared/events.go:113.65,113.78 1 2
github.com/claudioed/network-fulfillment/internal/domain/shared/events.go:130.65,130.105 1 4
github.com/claudioed/network-fulfillment/internal/domain/shared/events.go:131.65,131.78 1 2
github.com/claudioed/network-fulfillment/internal/application/usecases/confirm_network_order_shipment.go:47.2,48.16 2 2
github.com/claudioed/network-fulfillment/internal/application/usecases/confirm_network_order_shipment.go:49.3,50.1 1 0
github.com/claudioed/network-fulfillment/internal/application/usecases/confirm_network_order_shipment.go:51.2,51.14 1 2
github.com/claudioed/network-fulfillment/internal/application/usecases/confirm_network_order_shipment.go:52.3,53.1 1 1
github.com/claudioed/network-fulfillment/internal/application/usecases/confirm_network_order_shipment.go:54.2,54.46 1 1
github.com/claudioed/network-fulfillment/internal/application/usecases/confirm_network_order_shipment.go:55.3,56.1 1 0
github.com/claudioed/network-fulfillment/internal/application/usecases/confirm_network_order_shipment.go:58.2,58.44 1 1
github.com/claudioed/network-fulfillment/internal/application/usecases/confirm_network_order_shipment.go:59.3,60.1 1 0
github.com/claudioed/network-fulfillment/internal/application/usecases/confirm_network_order_shipment.go:62.2,64.39 3 1
github.com/claudioed/network-fulfillment/internal/application/usecases/confirm_network_order_shipment.go:65.3,66.1 1 0
github.com/claudioed/network-fulfillment/internal/application/usecases/confirm_network_order_shipment.go:68.2,68.75 1 1
github.com/claudioed/network-fulfillment/internal/application/usecases/confirm_network_order_shipment.go:69.3,69.48 1 1
github.com/claudioed/network-fulfillment/internal/application/usecases/confirm_network_order_shipment.go:70.4,71.1 1 0
github.com/claudioed/network-fulfillment/internal/application/usecases/confirm_network_order_shipment.go:72.3,77.5 1 1
github.com/claudioed/network-fulfillment/internal/application/usecases/confirm_network_order_shipment.go:79.3,80.1 1 0
github.com/claudioed/network-fulfillment/internal/application/usecases/confirm_network_order_shipment.go:82.2,82.83 1 1
github.com/claudioed/network-fulfillment/internal/application/usecases/confirm_network_order_shipment.go:83.3,84.1 1 0
github.com/claudioed/network-fulfillment/internal/application/usecases/confirm_network_order_shipment.go:85.2,85.15 1 1
github.com/claudioed/network-fulfillment/internal/application/usecases/receive_network_demand.go:67.2,68.1 2 0
github.com/claudioed/network-fulfillment/internal/application/usecases/receive_network_demand.go:74.2,74.78 2 0
github.com/claudioed/network-fulfillment/internal/application/usecases/receive_network_demand.go:75.3,76.1 1 0
github.com/claudioed/network-fulfillment/internal/application/usecases/receive_network_demand.go:76.9,76.28 1 0
github.com/claudioed/network-fulfillment/internal/application/usecases/receive_network_demand.go:77.3,78.1 1 0
github.com/claudioed/network-fulfillment/internal/application/usecases/receive_network_demand.go:80.2,81.1 2 0
github.com/claudioed/network-fulfillment/internal/application/usecases/receive_network_demand.go:86.2,86.27 2 0
github.com/claudioed/network-fulfillment/internal/application/usecases/receive_network_demand.go:87.3,87.59 1 0
github.com/claudioed/network-fulfillment/internal/application/usecases/receive_network_demand.go:88.4,89.1 1 0
github.com/claudioed/network-fulfillment/internal/application/usecases/receive_network_demand.go:90.3,90.51 1 0
github.com/claudioed/network-fulfillment/internal/application/usecases/receive_network_demand.go:93.2,94.16 2 0
github.com/claudioed/network-fulfillment/internal/application/usecases/receive_network_demand.go:95.3,96.1 1 0
github.com/claudioed/network-fulfillment/internal/application/usecases/receive_network_demand.go:97.2,97.75 1 0
github.com/claudioed/network-fulfillment/internal/application/usecases/receive_network_demand.go:98.3,99.1 1 0
github.com/claudioed/network-fulfillment/internal/application/usecases/receive_network_demand.go:101.2,106.16 2 0
github.com/claudioed/network-fulfillment/internal/application/usecases/receive_network_demand.go:107.3,108.1 1 0
github.com/claudioed/network-fulfillment/internal/application/usecases/receive_network_demand.go:110.2,110.22 1 0
github.com/claudioed/network-fulfillment/internal/application/usecases/receive_network_demand.go:111.3,112.1 1 0
github.com/claudioed/network-fulfillment/internal/application/usecases/receive_network_demand.go:113.2,113.39 1 0
github.com/claudioed/network-fulfillment/internal/application/usecases/receive_network_demand.go:125.2,125.72 1 0
github.com/claudioed/network-fulfillment/internal/application/usecases/receive_network_demand.go:126.3,126.48 1 0
github.com/claudioed/network-fulfillment/internal/application/usecases/receive_network_demand.go:127.4,128.1 1 0
github.com/claudioed/network-fulfillment/internal/application/usecases/receive_network_demand.go:129.3,136.5 1 0
github.com/claudioed/network-fulfillment/internal/application/usecases/receive_network_demand.go:143.2,144.33 2 0
github.com/claudioed/network-fulfillment/internal/application/usecases/receive_network_demand.go:145.3,146.17 2 0
github.com/claudioed/network-fulfillment/internal/application/usecases/receive_network_demand.go:147.4,148.1 1 0
github.com/claudioed/network-fulfillment/internal/application/usecases/receive_network_demand.go:149.3,150.17 2 0
github.com/claudioed/network-fulfillment/internal/application/usecases/receive_network_demand.go:151.4,152.1 1 0
github.com/claudioed/network-fulfillment/internal/application/usecases/receive_network_demand.go:153.3,153.30 1 0
github.com/claudioed/network-fulfillment/internal/application/usecases/receive_network_demand.go:155.2,155.19 1 0
github.com/claudioed/network-fulfillment/internal/application/usecases/receive_network_demand.go:163.2,164.16 2 0
github.com/claudioed/network-fulfillment/internal/application/usecases/receive_network_demand.go:165.3,166.1 1 0
github.com/claudioed/network-fulfillment/internal/application/usecases/receive_network_demand.go:167.2,167.66 1 0
github.com/claudioed/network-fulfillment/internal/application/usecases/receive_network_demand.go:168.3,169.1 1 0
github.com/claudioed/network-fulfillment/internal/application/usecases/receive_network_demand.go:170.2,170.72 1 0
github.com/claudioed/network-fulfillment/internal/application/usecases/receive_network_demand.go:186.2,186.18 1 0
github.com/claudioed/network-fulfillment/internal/application/usecases/receive_network_demand.go:187.3,187.65 1 0
github.com/claudioed/network-fulfillment/internal/application/usecases/receive_network_demand.go:188.4,189.1 1 0
github.com/claudioed/network-fulfillment/internal/application/usecases/receive_network_demand.go:191.2,191.35 1 0
github.com/claudioed/network-fulfillment/internal/application/usecases/receive_network_demand.go:192.3,193.1 1 0
github.com/claudioed/network-fulfillment/internal/application/usecases/receive_network_demand.go:194.2,194.75 1 0
github.com/claudioed/network-fulfillment/internal/application/usecases/receive_network_demand.go:195.3,195.48 1 0
github.com/claudioed/network-fulfillment/internal/application/usecases/receive_network_demand.go:196.4,197.1 1 0
github.com/claudioed/network-fulfillment/internal/application/usecases/receive_network_demand.go:198.3,203.5 1 0
github.com/claudioed/network-fulfillment/internal/application/usecases/receive_network_demand.go:205.3,206.1 1 0
github.com/claudioed/network-fulfillment/internal/application/usecases/receive_network_demand.go:207.2,207.85 1 0
github.com/claudioed/network-fulfillment/internal/application/usecases/receive_network_demand.go:208.3,209.1 1 0
github.com/claudioed/network-fulfillment/internal/application/usecases/receive_network_demand.go:210.2,210.15 1 0
github.com/claudioed/network-fulfillment/internal/application/usecases/receive_network_demand.go:224.2,224.35 1 0
github.com/claudioed/network-fulfillment/internal/application/usecases/receive_network_demand.go:225.3,226.1 1 0
github.com/claudioed/network-fulfillment/internal/application/usecases/receive_network_demand.go:227.2,227.62 1 0
github.com/claudioed/network-fulfillment/internal/application/usecases/receive_network_demand.go:228.3,229.1 1 0
github.com/claudioed/network-fulfillment/internal/application/usecases/receive_network_demand.go:230.2,230.75 1 0
github.com/claudioed/network-fulfillment/internal/application/usecases/receive_network_demand.go:231.3,231.48 1 0
github.com/claudioed/network-fulfillment/internal/application/usecases/receive_network_demand.go:232.4,233.1 1 0
github.com/claudioed/network-fulfillment/internal/application/usecases/receive_network_demand.go:234.3,240.5 1 0
github.com/claudioed/network-fulfillment/internal/application/usecases/receive_network_demand.go:242.3,243.1 1 0
github.com/claudioed/network-fulfillment/internal/application/usecases/receive_network_demand.go:244.2,244.84 1 0
github.com/claudioed/network-fulfillment/internal/application/usecases/receive_network_demand.go:245.3,246.1 1 0
github.com/claudioed/network-fulfillment/internal/application/usecases/receive_network_demand.go:253.2,253.15 1 0
github.com/claudioed/network-fulfillment/internal/application/usecases/recompute_capability_offers.go:64.2,65.16 2 0
github.com/claudioed/network-fulfillment/internal/application/usecases/recompute_capability_offers.go:66.3,67.1 1 0
github.com/claudioed/network-fulfillment/internal/application/usecases/recompute_capability_offers.go:69.2,71.1 4 0
github.com/claudioed/network-fulfillment/internal/application/usecases/recompute_capability_offers.go:72.2,73.27 4 0
github.com/claudioed/network-fulfillment/internal/application/usecases/recompute_capability_offers.go:74.3,75.1 3 0
github.com/claudioed/network-fulfillment/internal/application/usecases/recompute_capability_offers.go:76.3,77.17 3 0
github.com/claudioed/network-fulfillment/internal/application/usecases/recompute_capability_offers.go:78.4,78.23 1 0
github.com/claudioed/network-fulfillment/internal/application/usecases/recompute_capability_offers.go:79.5,81.1 1 0
github.com/claudioed/network-fulfillment/internal/application/usecases/recompute_capability_offers.go:82.4,82.12 1 0
github.com/claudioed/network-fulfillment/internal/application/usecases/recompute_capability_offers.go:85.3,86.1 3 0
github.com/claudioed/network-fulfillment/internal/application/usecases/recompute_capability_offers.go:87.3,88.17 3 0
github.com/claudioed/network-fulfillment/internal/application/usecases/recompute_capability_offers.go:89.4,89.23 1 0
github.com/claudioed/network-fulfillment/internal/application/usecases/recompute_capability_offers.go:90.5,92.1 1 0
github.com/claudioed/network-fulfillment/internal/application/usecases/recompute_capability_offers.go:93.4,93.12 1 0
github.com/claudioed/network-fulfillment/internal/application/usecases/recompute_capability_offers.go:95.3,95.66 1 0
github.com/claudioed/network-fulfillment/internal/application/usecases/recompute_capability_offers.go:96.4,97.1 1 0
github.com/claudioed/network-fulfillment/internal/application/usecases/recompute_capability_offers.go:98.3,98.51 1 0
github.com/claudioed/network-fulfillment/internal/application/usecases/recompute_capability_offers.go:99.4,99.23 1 0
github.com/claudioed/network-fulfillment/internal/application/usecases/recompute_capability_offers.go:100.5,102.1 1 0
github.com/claudioed/network-fulfillment/internal/application/usecases/recompute_capability_offers.go:103.4,103.12 1 0
github.com/claudioed/network-fulfillment/internal/application/usecases/recompute_capability_offers.go:106.2,106.17 1 0
github.com/claudioed/network-fulfillment/internal/application/usecases/recompute_capability_offers.go:116.2,116.18 1 0
github.com/claudioed/network-fulfillment/internal/application/usecases/recompute_capability_offers.go:117.3,118.1 1 0
github.com/claudioed/network-fulfillment/internal/application/usecases/recompute_capability_offers.go:119.2,121.31 3 0
github.com/claudioed/network-fulfillment/internal/application/usecases/recompute_capability_offers.go:122.3,123.13 2 0
github.com/claudioed/network-fulfillment/internal/application/usecases/recompute_capability_offers.go:124.4,124.12 1 0
github.com/claudioed/network-fulfillment/internal/application/usecases/recompute_capability_offers.go:126.3,127.17 2 0
github.com/claudioed/network-fulfillment/internal/application/usecases/recompute_capability_offers.go:129.2,129.24 1 0
github.com/claudioed/network-fulfillment/internal/application/usecases/reconcile_submitted_orders.go:43.2,44.16 2 0
github.com/claudioed/network-fulfillment/internal/application/usecases/reconcile_submitted_orders.go:45.3,46.1 1 0
github.com/claudioed/network-fulfillment/internal/application/usecases/reconcile_submitted_orders.go:48.2,49.30 2 0
github.com/claudioed/network-fulfillment/internal/application/usecases/reconcile_submitted_orders.go:50.3,51.17 2 0
github.com/claudioed/network-fulfillment/internal/application/usecases/reconcile_submitted_orders.go:56.4,56.12 1 0
github.com/claudioed/network-fulfillment/internal/application/usecases/reconcile_submitted_orders.go:58.3,58.17 1 0
github.com/claudioed/network-fulfillment/internal/application/usecases/reconcile_submitted_orders.go:60.4,60.45 1 0
github.com/claudioed/network-fulfillment/internal/application/usecases/reconcile_submitted_orders.go:61.5,61.13 1 0
github.com/claudioed/network-fulfillment/internal/application/usecases/reconcile_submitted_orders.go:63.4,63.19 1 0
github.com/claudioed/network-fulfillment/internal/application/usecases/reconcile_submitted_orders.go:65.4,65.42 1 0
github.com/claudioed/network-fulfillment/internal/application/usecases/reconcile_submitted_orders.go:66.5,66.13 1 0
github.com/claudioed/network-fulfillment/internal/application/usecases/reconcile_submitted_orders.go:68.4,68.16 1 0
github.com/claudioed/network-fulfillment/internal/application/usecases/reconcile_submitted_orders.go:70.4,70.17 1 0
github.com/claudioed/network-fulfillment/internal/application/usecases/reconcile_submitted_orders.go:73.2,73.17 1 0
github.com/claudioed/network-fulfillment/internal/application/usecases/reconcile_submitted_orders.go:81.2,81.51 1 0
github.com/claudioed/network-fulfillment/internal/application/usecases/reconcile_submitted_orders.go:82.3,83.1 1 0
github.com/claudioed/network-fulfillment/internal/application/usecases/reconcile_submitted_orders.go:84.2,84.75 1 0
github.com/claudioed/network-fulfillment/internal/application/usecases/reconcile_submitted_orders.go:85.3,86.1 1 0
github.com/claudioed/network-fulfillment/internal/application/usecases/reconcile_submitted_orders.go:87.3,88.1 1 0
github.com/claudioed/network-fulfillment/internal/application/usecases/reconcile_submitted_orders.go:89.2,89.45 1 0
github.com/claudioed/network-fulfillment/internal/application/usecases/reconcile_submitted_orders.go:90.3,91.1 1 0
github.com/claudioed/network-fulfillment/internal/application/usecases/reconcile_submitted_orders.go:92.2,92.12 1 0
github.com/claudioed/network-fulfillment/internal/application/usecases/reconcile_submitted_orders.go:101.2,101.45 1 0
github.com/claudioed/network-fulfillment/internal/application/usecases/reconcile_submitted_orders.go:102.3,102.65 1 0
github.com/claudioed/network-fulfillment/internal/application/usecases/reconcile_submitted_orders.go:103.4,104.1 1 0
github.com/claudioed/network-fulfillment/internal/application/usecases/reconcile_submitted_orders.go:106.2,106.35 1 0
github.com/claudioed/network-fulfillment/internal/application/usecases/reconcile_submitted_orders.go:107.3,108.1 1 0
github.com/claudioed/network-fulfillment/internal/application/usecases/reconcile_submitted_orders.go:109.2,109.72 1 0
github.com/claudioed/network-fulfillment/internal/application/usecases/reconcile_submitted_orders.go:110.3,110.48 1 0
github.com/claudioed/network-fulfillment/internal/application/usecases/reconcile_submitted_orders.go:111.4,112.1 1 0
github.com/claudioed/network-fulfillment/internal/application/usecases/reconcile_submitted_orders.go:113.3,118.5 1 0
github.com/claudioed/network-fulfillment/internal/application/usecases/reject_overdue_orders.go:46.2,47.1 3 0
github.com/claudioed/network-fulfillment/internal/application/usecases/reject_overdue_orders.go:48.2,49.16 3 0
github.com/claudioed/network-fulfillment/internal/application/usecases/reject_overdue_orders.go:50.3,51.1 1 0
github.com/claudioed/network-fulfillment/internal/application/usecases/reject_overdue_orders.go:53.2,54.31 2 0
github.com/claudioed/network-fulfillment/internal/application/usecases/reject_overdue_orders.go:55.3,55.37 1 0
github.com/claudioed/network-fulfillment/internal/application/usecases/reject_overdue_orders.go:56.4,56.12 1 0
github.com/claudioed/network-fulfillment/internal/application/usecases/reject_overdue_orders.go:58.3,58.46 1 0
github.com/claudioed/network-fulfillment/internal/application/usecases/reject_overdue_orders.go:64.4,64.12 1 0
github.com/claudioed/network-fulfillment/internal/application/usecases/reject_overdue_orders.go:66.3,66.17 1 0
github.com/claudioed/network-fulfillment/internal/application/usecases/reject_overdue_orders.go:68.2,68.17 1 0
github.com/claudioed/network-fulfillment/internal/application/usecases/reject_overdue_orders.go:75.2,75.45 1 0
github.com/claudioed/network-fulfillment/internal/application/usecases/reject_overdue_orders.go:76.3,76.65 1 0
github.com/claudioed/network-fulfillment/internal/application/usecases/reject_overdue_orders.go:77.4,78.1 1 0
github.com/claudioed/network-fulfillment/internal/application/usecases/reject_overdue_orders.go:80.2,80.35 1 0
github.com/claudioed/network-fulfillment/internal/application/usecases/reject_overdue_orders.go:81.3,82.1 1 0
github.com/claudioed/network-fulfillment/internal/application/usecases/reject_overdue_orders.go:86.2,86.72 1 0
github.com/claudioed/network-fulfillment/internal/application/usecases/reject_overdue_orders.go:87.3,87.48 1 0
github.com/claudioed/network-fulfillment/internal/application/usecases/reject_overdue_orders.go:88.4,89.1 1 0
github.com/claudioed/network-fulfillment/internal/application/usecases/reject_overdue_orders.go:90.3,95.5 1 0
github.com/claudioed/network-fulfillment/internal/application/usecases/sweep_acknowledgement_deadlines.go:39.2,40.1 3 0
github.com/claudioed/network-fulfillment/internal/application/usecases/sweep_acknowledgement_deadlines.go:41.2,42.16 3 0
github.com/claudioed/network-fulfillment/internal/application/usecases/sweep_acknowledgement_deadlines.go:43.3,44.1 1 0
github.com/claudioed/network-fulfillment/internal/application/usecases/sweep_acknowledgement_deadlines.go:46.2,47.31 2 0
github.com/claudioed/network-fulfillment/internal/application/usecases/sweep_acknowledgement_deadlines.go:48.3,48.37 1 0
github.com/claudioed/network-fulfillment/internal/application/usecases/sweep_acknowledgement_deadlines.go:49.4,49.12 1 0
github.com/claudioed/network-fulfillment/internal/application/usecases/sweep_acknowledgement_deadlines.go:54.3,59.18 1 0
github.com/claudioed/network-fulfillment/internal/application/usecases/sweep_acknowledgement_deadlines.go:60.4,60.12 1 0
github.com/claudioed/network-fulfillment/internal/application/usecases/sweep_acknowledgement_deadlines.go:62.3,62.15 1 0
github.com/claudioed/network-fulfillment/internal/application/usecases/sweep_acknowledgement_deadlines.go:64.2,64.17 1 0
github.com/claudioed/network-fulfillment/internal/application/usecases/unit_of_work.go:14.2,14.16 1 1
github.com/claudioed/network-fulfillment/internal/application/usecases/unit_of_work.go:15.3,16.1 1 1
github.com/claudioed/network-fulfillment/internal/application/usecases/unit_of_work.go:17.2,17.29 1 0
github.com/claudioed/network-fulfillment/internal/domain/capabilityoffer/capability_offer.go:83.2,83.15 1 1
github.com/claudioed/network-fulfillment/internal/domain/capabilityoffer/capability_offer.go:84.3,85.1 1 0
github.com/claudioed/network-fulfillment/internal/domain/capabilityoffer/capability_offer.go:86.2,86.18 1 1
github.com/claudioed/network-fulfillment/internal/domain/capabilityoffer/capability_offer.go:87.3,88.1 1 0
github.com/claudioed/network-fulfillment/internal/domain/capabilityoffer/capability_offer.go:89.2,89.28 1 1
github.com/claudioed/network-fulfillment/internal/domain/capabilityoffer/capability_offer.go:90.3,91.1 1 0
github.com/claudioed/network-fulfillment/internal/domain/capabilityoffer/capability_offer.go:92.2,92.44 1 1
github.com/claudioed/network-fulfillment/internal/domain/capabilityoffer/capability_offer.go:93.3,94.1 1 0
github.com/claudioed/network-fulfillment/internal/domain/capabilityoffer/capability_offer.go:95.2,95.15 1 1
github.com/claudioed/network-fulfillment/internal/domain/capabilityoffer/capability_offer.go:96.49,96.49 0 1
github.com/claudioed/network-fulfillment/internal/domain/capabilityoffer/capability_offer.go:98.3,98.44 1 0
github.com/claudioed/network-fulfillment/internal/domain/capabilityoffer/capability_offer.go:100.2,106.8 1 1
github.com/claudioed/network-fulfillment/internal/domain/capabilityoffer/capability_offer.go:122.2,122.65 1 0
github.com/claudioed/network-fulfillment/internal/domain/capabilityoffer/capability_offer.go:123.3,124.1 1 0
github.com/claudioed/network-fulfillment/internal/domain/capabilityoffer/capability_offer.go:125.2,126.13 2 0
github.com/claudioed/network-fulfillment/internal/domain/capabilityoffer/capability_offer.go:127.3,128.1 1 0
github.com/claudioed/network-fulfillment/internal/domain/capabilityoffer/capability_offer.go:129.2,129.89 1 0
github.com/claudioed/network-fulfillment/internal/domain/capabilityoffer/capability_offer.go:132.53,132.67 1 2
github.com/claudioed/network-fulfillment/internal/domain/capabilityoffer/capability_offer.go:133.53,133.70 1 2
github.com/claudioed/network-fulfillment/internal/domain/capabilityoffer/capability_offer.go:134.53,134.82 1 1
github.com/claudioed/network-fulfillment/internal/domain/capabilityoffer/capability_offer.go:135.53,135.69 1 1
github.com/claudioed/network-fulfillment/internal/domain/capabilityoffer/capability_offer.go:136.53,136.74 1 1
github.com/claudioed/network-fulfillment/internal/domain/networkorder/network_order.go:96.2,96.15 1 12
github.com/claudioed/network-fulfillment/internal/domain/networkorder/network_order.go:97.3,98.1 1 0
github.com/claudioed/network-fulfillment/internal/domain/networkorder/network_order.go:99.2,99.21 1 12
github.com/claudioed/network-fulfillment/internal/domain/networkorder/network_order.go:100.3,101.1 1 0
github.com/claudioed/network-fulfillment/internal/domain/networkorder/network_order.go:102.2,102.15 1 12
github.com/claudioed/network-fulfillment/internal/domain/networkorder/network_order.go:103.3,104.1 1 0
github.com/claudioed/network-fulfillment/internal/domain/networkorder/network_order.go:105.2,105.19 1 12
github.com/claudioed/network-fulfillment/internal/domain/networkorder/network_order.go:106.3,107.1 1 0
github.com/claudioed/network-fulfillment/internal/domain/networkorder/network_order.go:108.2,108.98 1 12
github.com/claudioed/network-fulfillment/internal/domain/networkorder/network_order.go:111.60,111.85 1 7
github.com/claudioed/network-fulfillment/internal/domain/networkorder/network_order.go:112.60,112.87 1 7
github.com/claudioed/network-fulfillment/internal/domain/networkorder/network_order.go:113.60,113.74 1 7
github.com/claudioed/network-fulfillment/internal/domain/networkorder/network_order.go:114.60,114.79 1 7
github.com/claudioed/network-fulfillment/internal/domain/networkorder/network_order.go:156.2,156.15 1 11
github.com/claudioed/network-fulfillment/internal/domain/networkorder/network_order.go:157.3,158.1 1 0
github.com/claudioed/network-fulfillment/internal/domain/networkorder/network_order.go:159.2,159.21 1 11
github.com/claudioed/network-fulfillment/internal/domain/networkorder/network_order.go:160.3,161.1 1 0
github.com/claudioed/network-fulfillment/internal/domain/networkorder/network_order.go:162.2,170.8 1 11
github.com/claudioed/network-fulfillment/internal/domain/networkorder/network_order.go:192.2,192.15 1 0
github.com/claudioed/network-fulfillment/internal/domain/networkorder/network_order.go:193.3,194.1 1 0
github.com/claudioed/network-fulfillment/internal/domain/networkorder/network_order.go:195.2,202.8 1 0
github.com/claudioed/network-fulfillment/internal/domain/networkorder/network_order.go:211.2,211.25 1 3
github.com/claudioed/network-fulfillment/internal/domain/networkorder/network_order.go:212.3,213.1 1 0
github.com/claudioed/network-fulfillment/internal/domain/networkorder/network_order.go:214.2,215.12 2 3
github.com/claudioed/network-fulfillment/internal/domain/networkorder/network_order.go:224.2,224.31 1 3
github.com/claudioed/network-fulfillment/internal/domain/networkorder/network_order.go:225.3,226.1 1 0
github.com/claudioed/network-fulfillment/internal/domain/networkorder/network_order.go:227.2,228.12 2 3
github.com/claudioed/network-fulfillment/internal/domain/networkorder/network_order.go:238.2,238.35 1 3
github.com/claudioed/network-fulfillment/internal/domain/networkorder/network_order.go:239.3,240.1 1 0
github.com/claudioed/network-fulfillment/internal/domain/networkorder/network_order.go:241.2,241.35 1 3
github.com/claudioed/network-fulfillment/internal/domain/networkorder/network_order.go:250.2,250.54 1 0
github.com/claudioed/network-fulfillment/internal/domain/networkorder/network_order.go:251.3,252.1 1 0
github.com/claudioed/network-fulfillment/internal/domain/networkorder/network_order.go:253.2,254.12 2 0
github.com/claudioed/network-fulfillment/internal/domain/networkorder/network_order.go:263.2,263.63 1 1
github.com/claudioed/network-fulfillment/internal/domain/networkorder/network_order.go:264.3,265.1 1 0
github.com/claudioed/network-fulfillment/internal/domain/networkorder/network_order.go:266.2,266.27 1 1
github.com/claudioed/network-fulfillment/internal/domain/networkorder/network_order.go:267.3,268.1 1 0
github.com/claudioed/network-fulfillment/internal/domain/networkorder/network_order.go:269.2,270.12 2 1
github.com/claudioed/network-fulfillment/internal/domain/networkorder/network_order.go:276.2,276.34 1 1
github.com/claudioed/network-fulfillment/internal/domain/networkorder/network_order.go:277.3,278.1 1 0
github.com/claudioed/network-fulfillment/internal/domain/networkorder/network_order.go:279.2,280.12 2 1
github.com/claudioed/network-fulfillment/internal/domain/networkorder/network_order.go:287.2,288.1 1 8
github.com/claudioed/network-fulfillment/internal/domain/networkorder/network_order.go:296.2,297.28 2 0
github.com/claudioed/network-fulfillment/internal/domain/networkorder/network_order.go:298.3,299.1 1 0
github.com/claudioed/network-fulfillment/internal/domain/networkorder/network_order.go:300.2,300.12 1 0
github.com/claudioed/network-fulfillment/internal/domain/networkorder/network_order.go:303.57,303.78 1 22
github.com/claudioed/network-fulfillment/internal/domain/networkorder/network_order.go:304.57,304.74 1 7
github.com/claudioed/network-fulfillment/internal/domain/networkorder/network_order.go:305.57,305.82 1 6
github.com/claudioed/network-fulfillment/internal/domain/networkorder/network_order.go:306.57,306.81 1 6
github.com/claudioed/network-fulfillment/internal/domain/networkorder/network_order.go:307.57,307.73 1 12
github.com/claudioed/network-fulfillment/internal/domain/networkorder/network_order.go:308.57,308.78 1 6
github.com/claudioed/network-fulfillment/internal/domain/networkorder/network_order.go:310.2,311.1 1 7
github.com/claudioed/network-fulfillment/internal/domain/networkorder/network_order.go:317.2,320.1 3 12
github.com/claudioed/network-fulfillment/internal/domain/networkorder/network_order.go:333.2,342.1 1 0
github.com/claudioed/network-fulfillment/internal/domain/shared/events.go:32.56,32.87 1 0
github.com/claudioed/network-fulfillment/internal/domain/shared/events.go:33.56,33.69 1 0
github.com/claudioed/network-fulfillment/internal/domain/shared/events.go:49.60,49.95 1 0
github.com/claudioed/network-fulfillment/internal/domain/shared/events.go:50.60,50.73 1 0
github.com/claudioed/network-fulfillment/internal/domain/shared/events.go:92.56,92.87 1 0
github.com/claudioed/network-fulfillment/internal/domain/shared/events.go:93.56,93.69 1 0
github.com/claudioed/network-fulfillment/internal/domain/shared/events.go:112.65,112.105 1 0
github.com/claudioed/network-fulfillment/internal/domain/shared/events.go:113.65,113.78 1 0
github.com/claudioed/network-fulfillment/internal/domain/shared/events.go:130.65,130.105 1 0
github.com/claudioed/network-fulfillment/internal/domain/shared/events.go:131.65,131.78 1 0
github.com/claudioed/network-fulfillment/internal/application/usecases/confirm_network_order_shipment.go:47.2,48.16 2 0
github.com/claudioed/network-fulfillment/internal/application/usecases/confirm_network_order_shipment.go:49.3,50.1 1 0
github.com/claudioed/network-fulfillment/internal/application/usecases/confirm_network_order_shipment.go:51.2,51.14 1 0
github.com/claudioed/network-fulfillment/internal/application/usecases/confirm_network_order_shipment.go:52.3,53.1 1 0
github.com/claudioed/network-fulfillment/internal/application/usecases/confirm_network_order_shipment.go:54.2,54.46 1 0
github.com/claudioed/network-fulfillment/internal/application/usecases/confirm_network_order_shipment.go:55.3,56.1 1 0
github.com/claudioed/network-fulfillment/internal/application/usecases/confirm_network_order_shipment.go:58.2,58.44 1 0
github.com/claudioed/network-fulfillment/internal/application/usecases/confirm_network_order_shipment.go:59.3,60.1 1 0
github.com/claudioed/network-fulfillment/internal/application/usecases/confirm_network_order_shipment.go:62.2,64.39 3 0
github.com/claudioed/network-fulfillment/internal/application/usecases/confirm_network_order_shipment.go:65.3,66.1 1 0
github.com/claudioed/network-fulfillment/internal/application/usecases/confirm_network_order_shipment.go:68.2,68.75 1 0
github.com/claudioed/network-fulfillment/internal/application/usecases/confirm_network_order_shipment.go:69.3,69.48 1 0
github.com/claudioed/network-fulfillment/internal/application/usecases/confirm_network_order_shipment.go:70.4,71.1 1 0
github.com/claudioed/network-fulfillment/internal/application/usecases/confirm_network_order_shipment.go:72.3,77.5 1 0
github.com/claudioed/network-fulfillment/internal/application/usecases/confirm_network_order_shipment.go:79.3,80.1 1 0
github.com/claudioed/network-fulfillment/internal/application/usecases/confirm_network_order_shipment.go:82.2,82.83 1 0
github.com/claudioed/network-fulfillment/internal/application/usecases/confirm_network_order_shipment.go:83.3,84.1 1 0
github.com/claudioed/network-fulfillment/internal/application/usecases/confirm_network_order_shipment.go:85.2,85.15 1 0
github.com/claudioed/network-fulfillment/internal/application/usecases/receive_network_demand.go:67.2,68.1 2 0
github.com/claudioed/network-fulfillment/internal/application/usecases/receive_network_demand.go:74.2,74.78 2 0
github.com/claudioed/network-fulfillment/internal/application/usecases/receive_network_demand.go:75.3,76.1 1 0
github.com/claudioed/network-fulfillment/internal/application/usecases/receive_network_demand.go:76.9,76.28 1 0
github.com/claudioed/network-fulfillment/internal/application/usecases/receive_network_demand.go:77.3,78.1 1 0
github.com/claudioed/network-fulfillment/internal/application/usecases/receive_network_demand.go:80.2,81.1 2 0
github.com/claudioed/network-fulfillment/internal/application/usecases/receive_network_demand.go:86.2,86.27 2 0
github.com/claudioed/network-fulfillment/internal/application/usecases/receive_network_demand.go:87.3,87.59 1 0
github.com/claudioed/network-fulfillment/internal/application/usecases/receive_network_demand.go:88.4,89.1 1 0
github.com/claudioed/network-fulfillment/internal/application/usecases/receive_network_demand.go:90.3,90.51 1 0
github.com/claudioed/network-fulfillment/internal/application/usecases/receive_network_demand.go:93.2,94.16 2 0
github.com/claudioed/network-fulfillment/internal/application/usecases/receive_network_demand.go:95.3,96.1 1 0
github.com/claudioed/network-fulfillment/internal/application/usecases/receive_network_demand.go:97.2,97.75 1 0
github.com/claudioed/network-fulfillment/internal/application/usecases/receive_network_demand.go:98.3,99.1 1 0
github.com/claudioed/network-fulfillment/internal/application/usecases/receive_network_demand.go:101.2,106.16 2 0
github.com/claudioed/network-fulfillment/internal/application/usecases/receive_network_demand.go:107.3,108.1 1 0
github.com/claudioed/network-fulfillment/internal/application/usecases/receive_network_demand.go:110.2,110.22 1 0
github.com/claudioed/network-fulfillment/internal/application/usecases/receive_network_demand.go:111.3,112.1 1 0
github.com/claudioed/network-fulfillment/internal/application/usecases/receive_network_demand.go:113.2,113.39 1 0
github.com/claudioed/network-fulfillment/internal/application/usecases/receive_network_demand.go:125.2,125.72 1 0
github.com/claudioed/network-fulfillment/internal/application/usecases/receive_network_demand.go:126.3,126.48 1 0
github.com/claudioed/network-fulfillment/internal/application/usecases/receive_network_demand.go:127.4,128.1 1 0
github.com/claudioed/network-fulfillment/internal/application/usecases/receive_network_demand.go:129.3,136.5 1 0
github.com/claudioed/network-fulfillment/internal/application/usecases/receive_network_demand.go:143.2,144.33 2 0
github.com/claudioed/network-fulfillment/internal/application/usecases/receive_network_demand.go:145.3,146.17 2 0
github.com/claudioed/network-fulfillment/internal/application/usecases/receive_network_demand.go:147.4,148.1 1 0
github.com/claudioed/network-fulfillment/internal/application/usecases/receive_network_demand.go:149.3,150.17 2 0
github.com/claudioed/network-fulfillment/internal/application/usecases/receive_network_demand.go:151.4,152.1 1 0
github.com/claudioed/network-fulfillment/internal/application/usecases/receive_network_demand.go:153.3,153.30 1 0
github.com/claudioed/network-fulfillment/internal/application/usecases/receive_network_demand.go:155.2,155.19 1 0
github.com/claudioed/network-fulfillment/internal/application/usecases/receive_network_demand.go:163.2,164.16 2 0
github.com/claudioed/network-fulfillment/internal/application/usecases/receive_network_demand.go:165.3,166.1 1 0
github.com/claudioed/network-fulfillment/internal/application/usecases/receive_network_demand.go:167.2,167.66 1 0
github.com/claudioed/network-fulfillment/internal/application/usecases/receive_network_demand.go:168.3,169.1 1 0
github.com/claudioed/network-fulfillment/internal/application/usecases/receive_network_demand.go:170.2,170.72 1 0
github.com/claudioed/network-fulfillment/internal/application/usecases/receive_network_demand.go:186.2,186.18 1 0
github.com/claudioed/network-fulfillment/internal/application/usecases/receive_network_demand.go:187.3,187.65 1 0
github.com/claudioed/network-fulfillment/internal/application/usecases/receive_network_demand.go:188.4,189.1 1 0
github.com/claudioed/network-fulfillment/internal/application/usecases/receive_network_demand.go:191.2,191.35 1 0
github.com/claudioed/network-fulfillment/internal/application/usecases/receive_network_demand.go:192.3,193.1 1 0
github.com/claudioed/network-fulfillment/internal/application/usecases/receive_network_demand.go:194.2,194.75 1 0
github.com/claudioed/network-fulfillment/internal/application/usecases/receive_network_demand.go:195.3,195.48 1 0
github.com/claudioed/network-fulfillment/internal/application/usecases/receive_network_demand.go:196.4,197.1 1 0
github.com/claudioed/network-fulfillment/internal/application/usecases/receive_network_demand.go:198.3,203.5 1 0
github.com/claudioed/network-fulfillment/internal/application/usecases/receive_network_demand.go:205.3,206.1 1 0
github.com/claudioed/network-fulfillment/internal/application/usecases/receive_network_demand.go:207.2,207.85 1 0
github.com/claudioed/network-fulfillment/internal/application/usecases/receive_network_demand.go:208.3,209.1 1 0
github.com/claudioed/network-fulfillment/internal/application/usecases/receive_network_demand.go:210.2,210.15 1 0
github.com/claudioed/network-fulfillment/internal/application/usecases/receive_network_demand.go:224.2,224.35 1 0
github.com/claudioed/network-fulfillment/internal/application/usecases/receive_network_demand.go:225.3,226.1 1 0
github.com/claudioed/network-fulfillment/internal/application/usecases/receive_network_demand.go:227.2,227.62 1 0
github.com/claudioed/network-fulfillment/internal/application/usecases/receive_network_demand.go:228.3,229.1 1 0
github.com/claudioed/network-fulfillment/internal/application/usecases/receive_network_demand.go:230.2,230.75 1 0
github.com/claudioed/network-fulfillment/internal/application/usecases/receive_network_demand.go:231.3,231.48 1 0
github.com/claudioed/network-fulfillment/internal/application/usecases/receive_network_demand.go:232.4,233.1 1 0
github.com/claudioed/network-fulfillment/internal/application/usecases/receive_network_demand.go:234.3,240.5 1 0
github.com/claudioed/network-fulfillment/internal/application/usecases/receive_network_demand.go:242.3,243.1 1 0
github.com/claudioed/network-fulfillment/internal/application/usecases/receive_network_demand.go:244.2,244.84 1 0
github.com/claudioed/network-fulfillment/internal/application/usecases/receive_network_demand.go:245.3,246.1 1 0
github.com/claudioed/network-fulfillment/internal/application/usecases/receive_network_demand.go:253.2,253.15 1 0
github.com/claudioed/network-fulfillment/internal/application/usecases/recompute_capability_offers.go:64.2,65.16 2 0
github.com/claudioed/network-fulfillment/internal/application/usecases/recompute_capability_offers.go:66.3,67.1 1 0
github.com/claudioed/network-fulfillment/internal/application/usecases/recompute_capability_offers.go:69.2,71.1 4 0
github.com/claudioed/network-fulfillment/internal/application/usecases/recompute_capability_offers.go:72.2,73.27 4 0
github.com/claudioed/network-fulfillment/internal/application/usecases/recompute_capability_offers.go:74.3,75.1 3 0
github.com/claudioed/network-fulfillment/internal/application/usecases/recompute_capability_offers.go:76.3,77.17 3 0
github.com/claudioed/network-fulfillment/internal/application/usecases/recompute_capability_offers.go:78.4,78.23 1 0
github.com/claudioed/network-fulfillment/internal/application/usecases/recompute_capability_offers.go:79.5,81.1 1 0
github.com/claudioed/network-fulfillment/internal/application/usecases/recompute_capability_offers.go:82.4,82.12 1 0
github.com/claudioed/network-fulfillment/internal/application/usecases/recompute_capability_offers.go:85.3,86.1 3 0
github.com/claudioed/network-fulfillment/internal/application/usecases/recompute_capability_offers.go:87.3,88.17 3 0
github.com/claudioed/network-fulfillment/internal/application/usecases/recompute_capability_offers.go:89.4,89.23 1 0
github.com/claudioed/network-fulfillment/internal/application/usecases/recompute_capability_offers.go:90.5,92.1 1 0
github.com/claudioed/network-fulfillment/internal/application/usecases/recompute_capability_offers.go:93.4,93.12 1 0
github.com/claudioed/network-fulfillment/internal/application/usecases/recompute_capability_offers.go:95.3,95.66 1 0
github.com/claudioed/network-fulfillment/internal/application/usecases/recompute_capability_offers.go:96.4,97.1 1 0
github.com/claudioed/network-fulfillment/internal/application/usecases/recompute_capability_offers.go:98.3,98.51 1 0
github.com/claudioed/network-fulfillment/internal/application/usecases/recompute_capability_offers.go:99.4,99.23 1 0
github.com/claudioed/network-fulfillment/internal/application/usecases/recompute_capability_offers.go:100.5,102.1 1 0
github.com/claudioed/network-fulfillment/internal/application/usecases/recompute_capability_offers.go:103.4,103.12 1 0
github.com/claudioed/network-fulfillment/internal/application/usecases/recompute_capability_offers.go:106.2,106.17 1 0
github.com/claudioed/network-fulfillment/internal/application/usecases/recompute_capability_offers.go:116.2,116.18 1 0
github.com/claudioed/network-fulfillment/internal/application/usecases/recompute_capability_offers.go:117.3,118.1 1 0
github.com/claudioed/network-fulfillment/internal/application/usecases/recompute_capability_offers.go:119.2,121.31 3 0
github.com/claudioed/network-fulfillment/internal/application/usecases/recompute_capability_offers.go:122.3,123.13 2 0
github.com/claudioed/network-fulfillment/internal/application/usecases/recompute_capability_offers.go:124.4,124.12 1 0
github.com/claudioed/network-fulfillment/internal/application/usecases/recompute_capability_offers.go:126.3,127.17 2 0
github.com/claudioed/network-fulfillment/internal/application/usecases/recompute_capability_offers.go:129.2,129.24 1 0
github.com/claudioed/network-fulfillment/internal/application/usecases/reconcile_submitted_orders.go:43.2,44.16 2 0
github.com/claudioed/network-fulfillment/internal/application/usecases/reconcile_submitted_orders.go:45.3,46.1 1 0
github.com/claudioed/network-fulfillment/internal/application/usecases/reconcile_submitted_orders.go:48.2,49.30 2 0
github.com/claudioed/network-fulfillment/internal/application/usecases/reconcile_submitted_orders.go:50.3,51.17 2 0
github.com/claudioed/network-fulfillment/internal/application/usecases/reconcile_submitted_orders.go:56.4,56.12 1 0
github.com/claudioed/network-fulfillment/internal/application/usecases/reconcile_submitted_orders.go:58.3,58.17 1 0
github.com/claudioed/network-fulfillment/internal/application/usecases/reconcile_submitted_orders.go:60.4,60.45 1 0
github.com/claudioed/network-fulfillment/internal/application/usecases/reconcile_submitted_orders.go:61.5,61.13 1 0
github.com/claudioed/network-fulfillment/internal/application/usecases/reconcile_submitted_orders.go:63.4,63.19 1 0
github.com/claudioed/network-fulfillment/internal/application/usecases/reconcile_submitted_orders.go:65.4,65.42 1 0
github.com/claudioed/network-fulfillment/internal/application/usecases/reconcile_submitted_orders.go:66.5,66.13 1 0
github.com/claudioed/network-fulfillment/internal/application/usecases/reconcile_submitted_orders.go:68.4,68.16 1 0
github.com/claudioed/network-fulfillment/internal/application/usecases/reconcile_submitted_orders.go:70.4,70.17 1 0
github.com/claudioed/network-fulfillment/internal/application/usecases/reconcile_submitted_orders.go:73.2,73.17 1 0
github.com/claudioed/network-fulfillment/internal/application/usecases/reconcile_submitted_orders.go:81.2,81.51 1 0
github.com/claudioed/network-fulfillment/internal/application/usecases/reconcile_submitted_orders.go:82.3,83.1 1 0
github.com/claudioed/network-fulfillment/internal/application/usecases/reconcile_submitted_orders.go:84.2,84.75 1 0
github.com/claudioed/network-fulfillment/internal/application/usecases/reconcile_submitted_orders.go:85.3,86.1 1 0
github.com/claudioed/network-fulfillment/internal/application/usecases/reconcile_submitted_orders.go:87.3,88.1 1 0
github.com/claudioed/network-fulfillment/internal/application/usecases/reconcile_submitted_orders.go:89.2,89.45 1 0
github.com/claudioed/network-fulfillment/internal/application/usecases/reconcile_submitted_orders.go:90.3,91.1 1 0
github.com/claudioed/network-fulfillment/internal/application/usecases/reconcile_submitted_orders.go:92.2,92.12 1 0
github.com/claudioed/network-fulfillment/internal/application/usecases/reconcile_submitted_orders.go:101.2,101.45 1 0
github.com/claudioed/network-fulfillment/internal/application/usecases/reconcile_submitted_orders.go:102.3,102.65 1 0
github.com/claudioed/network-fulfillment/internal/application/usecases/reconcile_submitted_orders.go:103.4,104.1 1 0
github.com/claudioed/network-fulfillment/internal/application/usecases/reconcile_submitted_orders.go:106.2,106.35 1 0
github.com/claudioed/network-fulfillment/internal/application/usecases/reconcile_submitted_orders.go:107.3,108.1 1 0
github.com/claudioed/network-fulfillment/internal/application/usecases/reconcile_submitted_orders.go:109.2,109.72 1 0
github.com/claudioed/network-fulfillment/internal/application/usecases/reconcile_submitted_orders.go:110.3,110.48 1 0
github.com/claudioed/network-fulfillment/internal/application/usecases/reconcile_submitted_orders.go:111.4,112.1 1 0
github.com/claudioed/network-fulfillment/internal/application/usecases/reconcile_submitted_orders.go:113.3,118.5 1 0
github.com/claudioed/network-fulfillment/internal/application/usecases/reject_overdue_orders.go:46.2,47.1 3 0
github.com/claudioed/network-fulfillment/internal/application/usecases/reject_overdue_orders.go:48.2,49.16 3 0
github.com/claudioed/network-fulfillment/internal/application/usecases/reject_overdue_orders.go:50.3,51.1 1 0
github.com/claudioed/network-fulfillment/internal/application/usecases/reject_overdue_orders.go:53.2,54.31 2 0
github.com/claudioed/network-fulfillment/internal/application/usecases/reject_overdue_orders.go:55.3,55.37 1 0
github.com/claudioed/network-fulfillment/internal/application/usecases/reject_overdue_orders.go:56.4,56.12 1 0
github.com/claudioed/network-fulfillment/internal/application/usecases/reject_overdue_orders.go:58.3,58.46 1 0
github.com/claudioed/network-fulfillment/internal/application/usecases/reject_overdue_orders.go:64.4,64.12 1 0
github.com/claudioed/network-fulfillment/internal/application/usecases/reject_overdue_orders.go:66.3,66.17 1 0
github.com/claudioed/network-fulfillment/internal/application/usecases/reject_overdue_orders.go:68.2,68.17 1 0
github.com/claudioed/network-fulfillment/internal/application/usecases/reject_overdue_orders.go:75.2,75.45 1 0
github.com/claudioed/network-fulfillment/internal/application/usecases/reject_overdue_orders.go:76.3,76.65 1 0
github.com/claudioed/network-fulfillment/internal/application/usecases/reject_overdue_orders.go:77.4,78.1 1 0
github.com/claudioed/network-fulfillment/internal/application/usecases/reject_overdue_orders.go:80.2,80.35 1 0
github.com/claudioed/network-fulfillment/internal/application/usecases/reject_overdue_orders.go:81.3,82.1 1 0
github.com/claudioed/network-fulfillment/internal/application/usecases/reject_overdue_orders.go:86.2,86.72 1 0
github.com/claudioed/network-fulfillment/internal/application/usecases/reject_overdue_orders.go:87.3,87.48 1 0
github.com/claudioed/network-fulfillment/internal/application/usecases/reject_overdue_orders.go:88.4,89.1 1 0
github.com/claudioed/network-fulfillment/internal/application/usecases/reject_overdue_orders.go:90.3,95.5 1 0
github.com/claudioed/network-fulfillment/internal/application/usecases/sweep_acknowledgement_deadlines.go:39.2,40.1 3 0
github.com/claudioed/network-fulfillment/internal/application/usecases/sweep_acknowledgement_deadlines.go:41.2,42.16 3 0
github.com/claudioed/network-fulfillment/internal/application/usecases/sweep_acknowledgement_deadlines.go:43.3,44.1 1 0
github.com/claudioed/network-fulfillment/internal/application/usecases/sweep_acknowledgement_deadlines.go:46.2,47.31 2 0
github.com/claudioed/network-fulfillment/internal/application/usecases/sweep_acknowledgement_deadlines.go:48.3,48.37 1 0
github.com/claudioed/network-fulfillment/internal/application/usecases/sweep_acknowledgement_deadlines.go:49.4,49.12 1 0
github.com/claudioed/network-fulfillment/internal/application/usecases/sweep_acknowledgement_deadlines.go:54.3,59.18 1 0
github.com/claudioed/network-fulfillment/internal/application/usecases/sweep_acknowledgement_deadlines.go:60.4,60.12 1 0
github.com/claudioed/network-fulfillment/internal/application/usecases/sweep_acknowledgement_deadlines.go:62.3,62.15 1 0
github.com/claudioed/network-fulfillment/internal/application/usecases/sweep_acknowledgement_deadlines.go:64.2,64.17 1 0
github.com/claudioed/network-fulfillment/internal/application/usecases/unit_of_work.go:14.2,14.16 1 0
github.com/claudioed/network-fulfillment/internal/application/usecases/unit_of_work.go:15.3,16.1 1 0
github.com/claudioed/network-fulfillment/internal/application/usecases/unit_of_work.go:17.2,17.29 1 0
github.com/claudioed/network-fulfillment/internal/domain/capabilityoffer/capability_offer.go:83.2,83.15 1 0
github.com/claudioed/network-fulfillment/internal/domain/capabilityoffer/capability_offer.go:84.3,85.1 1 0
github.com/claudioed/network-fulfillment/internal/domain/capabilityoffer/capability_offer.go:86.2,86.18 1 0
github.com/claudioed/network-fulfillment/internal/domain/capabilityoffer/capability_offer.go:87.3,88.1 1 0
github.com/claudioed/network-fulfillment/internal/domain/capabilityoffer/capability_offer.go:89.2,89.28 1 0
github.com/claudioed/network-fulfillment/internal/domain/capabilityoffer/capability_offer.go:90.3,91.1 1 0
github.com/claudioed/network-fulfillment/internal/domain/capabilityoffer/capability_offer.go:92.2,92.44 1 0
github.com/claudioed/network-fulfillment/internal/domain/capabilityoffer/capability_offer.go:93.3,94.1 1 0
github.com/claudioed/network-fulfillment/internal/domain/capabilityoffer/capability_offer.go:95.2,95.15 1 0
github.com/claudioed/network-fulfillment/internal/domain/capabilityoffer/capability_offer.go:96.49,96.49 0 0
github.com/claudioed/network-fulfillment/internal/domain/capabilityoffer/capability_offer.go:98.3,98.44 1 0
github.com/claudioed/network-fulfillment/internal/domain/capabilityoffer/capability_offer.go:100.2,106.8 1 0
github.com/claudioed/network-fulfillment/internal/domain/capabilityoffer/capability_offer.go:122.2,122.65 1 0
github.com/claudioed/network-fulfillment/internal/domain/capabilityoffer/capability_offer.go:123.3,124.1 1 0
github.com/claudioed/network-fulfillment/internal/domain/capabilityoffer/capability_offer.go:125.2,126.13 2 0
github.com/claudioed/network-fulfillment/internal/domain/capabilityoffer/capability_offer.go:127.3,128.1 1 0
github.com/claudioed/network-fulfillment/internal/domain/capabilityoffer/capability_offer.go:129.2,129.89 1 0
github.com/claudioed/network-fulfillment/internal/domain/capabilityoffer/capability_offer.go:132.53,132.67 1 0
github.com/claudioed/network-fulfillment/internal/domain/capabilityoffer/capability_offer.go:133.53,133.70 1 0
github.com/claudioed/network-fulfillment/internal/domain/capabilityoffer/capability_offer.go:134.53,134.82 1 0
github.com/claudioed/network-fulfillment/internal/domain/capabilityoffer/capability_offer.go:135.53,135.69 1 0
github.com/claudioed/network-fulfillment/internal/domain/capabilityoffer/capability_offer.go:136.53,136.74 1 0
github.com/claudioed/network-fulfillment/internal/domain/networkorder/network_order.go:96.2,96.15 1 7
github.com/claudioed/network-fulfillment/internal/domain/networkorder/network_order.go:97.3,98.1 1 0
github.com/claudioed/network-fulfillment/internal/domain/networkorder/network_order.go:99.2,99.21 1 7
github.com/claudioed/network-fulfillment/internal/domain/networkorder/network_order.go:100.3,101.1 1 0
github.com/claudioed/network-fulfillment/internal/domain/networkorder/network_order.go:102.2,102.15 1 7
github.com/claudioed/network-fulfillment/internal/domain/networkorder/network_order.go:103.3,104.1 1 0
github.com/claudioed/network-fulfillment/internal/domain/networkorder/network_order.go:105.2,105.19 1 7
github.com/claudioed/network-fulfillment/internal/domain/networkorder/network_order.go:106.3,107.1 1 0
github.com/claudioed/network-fulfillment/internal/domain/networkorder/network_order.go:108.2,108.98 1 7
github.com/claudioed/network-fulfillment/internal/domain/networkorder/network_order.go:111.60,111.85 1 6
github.com/claudioed/network-fulfillment/internal/domain/networkorder/network_order.go:112.60,112.87 1 6
github.com/claudioed/network-fulfillment/internal/domain/networkorder/network_order.go:113.60,113.74 1 6
github.com/claudioed/network-fulfillment/internal/domain/networkorder/network_order.go:114.60,114.79 1 6
github.com/claudioed/network-fulfillment/internal/domain/networkorder/network_order.go:156.2,156.15 1 7
github.com/claudioed/network-fulfillment/internal/domain/networkorder/network_order.go:157.3,158.1 1 0
github.com/claudioed/network-fulfillment/internal/domain/networkorder/network_order.go:159.2,159.21 1 7
github.com/claudioed/network-fulfillment/internal/domain/networkorder/network_order.go:160.3,161.1 1 0
github.com/claudioed/network-fulfillment/internal/domain/networkorder/network_order.go:162.2,170.8 1 7
github.com/claudioed/network-fulfillment/internal/domain/networkorder/network_order.go:192.2,192.15 1 0
github.com/claudioed/network-fulfillment/internal/domain/networkorder/network_order.go:193.3,194.1 1 0
github.com/claudioed/network-fulfillment/internal/domain/networkorder/network_order.go:195.2,202.8 1 0
github.com/claudioed/network-fulfillment/internal/domain/networkorder/network_order.go:211.2,211.25 1 1
github.com/claudioed/network-fulfillment/internal/domain/networkorder/network_order.go:212.3,213.1 1 0
github.com/claudioed/network-fulfillment/internal/domain/networkorder/network_order.go:214.2,215.12 2 1
github.com/claudioed/network-fulfillment/internal/domain/networkorder/network_order.go:224.2,224.31 1 1
github.com/claudioed/network-fulfillment/internal/domain/networkorder/network_order.go:225.3,226.1 1 0
github.com/claudioed/network-fulfillment/internal/domain/networkorder/network_order.go:227.2,228.12 2 1
github.com/claudioed/network-fulfillment/internal/domain/networkorder/network_order.go:238.2,238.35 1 1
github.com/claudioed/network-fulfillment/internal/domain/networkorder/network_order.go:239.3,240.1 1 0
github.com/claudioed/network-fulfillment/internal/domain/networkorder/network_order.go:241.2,241.35 1 1
github.com/claudioed/network-fulfillment/internal/domain/networkorder/network_order.go:250.2,250.54 1 0
github.com/claudioed/network-fulfillment/internal/domain/networkorder/network_order.go:251.3,252.1 1 0
github.com/claudioed/network-fulfillment/internal/domain/networkorder/network_order.go:253.2,254.12 2 0
github.com/claudioed/network-fulfillment/internal/domain/networkorder/network_order.go:263.2,263.63 1 0
github.com/claudioed/network-fulfillment/internal/domain/networkorder/network_order.go:264.3,265.1 1 0
github.com/claudioed/network-fulfillment/internal/domain/networkorder/network_order.go:266.2,266.27 1 0
github.com/claudioed/network-fulfillment/internal/domain/networkorder/network_order.go:267.3,268.1 1 0
github.com/claudioed/network-fulfillment/internal/domain/networkorder/network_order.go:269.2,270.12 2 0
github.com/claudioed/network-fulfillment/internal/domain/networkorder/network_order.go:276.2,276.34 1 0
github.com/claudioed/network-fulfillment/internal/domain/networkorder/network_order.go:277.3,278.1 1 0
github.com/claudioed/network-fulfillment/internal/domain/networkorder/network_order.go:279.2,280.12 2 0
github.com/claudioed/network-fulfillment/internal/domain/networkorder/network_order.go:287.2,288.1 1 6
github.com/claudioed/network-fulfillment/internal/domain/networkorder/network_order.go:296.2,297.28 2 0
github.com/claudioed/network-fulfillment/internal/domain/networkorder/network_order.go:298.3,299.1 1 0
github.com/claudioed/network-fulfillment/internal/domain/networkorder/network_order.go:300.2,300.12 1 0
github.com/claudioed/network-fulfillment/internal/domain/networkorder/network_order.go:303.57,303.78 1 14
github.com/claudioed/network-fulfillment/internal/domain/networkorder/network_order.go:304.57,304.74 1 6
github.com/claudioed/network-fulfillment/internal/domain/networkorder/network_order.go:305.57,305.82 1 6
github.com/claudioed/network-fulfillment/internal/domain/networkorder/network_order.go:306.57,306.81 1 6
github.com/claudioed/network-fulfillment/internal/domain/networkorder/network_order.go:307.57,307.73 1 8
github.com/claudioed/network-fulfillment/internal/domain/networkorder/network_order.go:308.57,308.78 1 6
github.com/claudioed/network-fulfillment/internal/domain/networkorder/network_order.go:310.2,311.1 1 6
github.com/claudioed/network-fulfillment/internal/domain/networkorder/network_order.go:317.2,320.1 3 12
github.com/claudioed/network-fulfillment/internal/domain/networkorder/network_order.go:333.2,342.1 1 0
github.com/claudioed/network-fulfillment/internal/domain/shared/events.go:32.56,32.87 1 0
github.com/claudioed/network-fulfillment/internal/domain/shared/events.go:33.56,33.69 1 0
github.com/claudioed/network-fulfillment/internal/domain/shared/events.go:49.60,49.95 1 0
github.com/claudioed/network-fulfillment/internal/domain/shared/events.go:50.60,50.73 1 0
github.com/claudioed/network-fulfillment/internal/domain/shared/events.go:92.56,92.87 1 0
github.com/claudioed/network-fulfillment/internal/domain/shared/events.go:93.56,93.69 1 0
github.com/claudioed/network-fulfillment/internal/domain/shared/events.go:112.65,112.105 1 0
github.com/claudioed/network-fulfillment/internal/domain/shared/events.go:113.65,113.78 1 0
github.com/claudioed/network-fulfillment/internal/domain/shared/events.go:130.65,130.105 1 0
github.com/claudioed/network-fulfillment/internal/domain/shared/events.go:131.65,131.78 1 0
github.com/claudioed/network-fulfillment/internal/application/usecases/confirm_network_order_shipment.go:47.2,48.16 2 0
github.com/claudioed/network-fulfillment/internal/application/usecases/confirm_network_order_shipment.go:49.3,50.1 1 0
github.com/claudioed/network-fulfillment/internal/application/usecases/confirm_network_order_shipment.go:51.2,51.14 1 0
github.com/claudioed/network-fulfillment/internal/application/usecases/confirm_network_order_shipment.go:52.3,53.1 1 0
github.com/claudioed/network-fulfillment/internal/application/usecases/confirm_network_order_shipment.go:54.2,54.46 1 0
github.com/claudioed/network-fulfillment/internal/application/usecases/confirm_network_order_shipment.go:55.3,56.1 1 0
github.com/claudioed/network-fulfillment/internal/application/usecases/confirm_network_order_shipment.go:58.2,58.44 1 0
github.com/claudioed/network-fulfillment/internal/application/usecases/confirm_network_order_shipment.go:59.3,60.1 1 0
github.com/claudioed/network-fulfillment/internal/application/usecases/confirm_network_order_shipment.go:62.2,64.39 3 0
github.com/claudioed/network-fulfillment/internal/application/usecases/confirm_network_order_shipment.go:65.3,66.1 1 0
github.com/claudioed/network-fulfillment/internal/application/usecases/confirm_network_order_shipment.go:68.2,68.75 1 0
github.com/claudioed/network-fulfillment/internal/application/usecases/confirm_network_order_shipment.go:69.3,69.48 1 0
github.com/claudioed/network-fulfillment/internal/application/usecases/confirm_network_order_shipment.go:70.4,71.1 1 0
github.com/claudioed/network-fulfillment/internal/application/usecases/confirm_network_order_shipment.go:72.3,77.5 1 0
github.com/claudioed/network-fulfillment/internal/application/usecases/confirm_network_order_shipment.go:79.3,80.1 1 0
github.com/claudioed/network-fulfillment/internal/application/usecases/confirm_network_order_shipment.go:82.2,82.83 1 0
github.com/claudioed/network-fulfillment/internal/application/usecases/confirm_network_order_shipment.go:83.3,84.1 1 0
github.com/claudioed/network-fulfillment/internal/application/usecases/confirm_network_order_shipment.go:85.2,85.15 1 0
github.com/claudioed/network-fulfillment/internal/application/usecases/receive_network_demand.go:67.2,68.1 2 0
github.com/claudioed/network-fulfillment/internal/application/usecases/receive_network_demand.go:74.2,74.78 2 0
github.com/claudioed/network-fulfillment/internal/application/usecases/receive_network_demand.go:75.3,76.1 1 0
github.com/claudioed/network-fulfillment/internal/application/usecases/receive_network_demand.go:76.9,76.28 1 0
github.com/claudioed/network-fulfillment/internal/application/usecases/receive_network_demand.go:77.3,78.1 1 0
github.com/claudioed/network-fulfillment/internal/application/usecases/receive_network_demand.go:80.2,81.1 2 0
github.com/claudioed/network-fulfillment/internal/application/usecases/receive_network_demand.go:86.2,86.27 2 0
github.com/claudioed/network-fulfillment/internal/application/usecases/receive_network_demand.go:87.3,87.59 1 0
github.com/claudioed/network-fulfillment/internal/application/usecases/receive_network_demand.go:88.4,89.1 1 0
github.com/claudioed/network-fulfillment/internal/application/usecases/receive_network_demand.go:90.3,90.51 1 0
github.com/claudioed/network-fulfillment/internal/application/usecases/receive_network_demand.go:93.2,94.16 2 0
github.com/claudioed/network-fulfillment/internal/application/usecases/receive_network_demand.go:95.3,96.1 1 0
github.com/claudioed/network-fulfillment/internal/application/usecases/receive_network_demand.go:97.2,97.75 1 0
github.com/claudioed/network-fulfillment/internal/application/usecases/receive_network_demand.go:98.3,99.1 1 0
github.com/claudioed/network-fulfillment/internal/application/usecases/receive_network_demand.go:101.2,106.16 2 0
github.com/claudioed/network-fulfillment/internal/application/usecases/receive_network_demand.go:107.3,108.1 1 0
github.com/claudioed/network-fulfillment/internal/application/usecases/receive_network_demand.go:110.2,110.22 1 0
github.com/claudioed/network-fulfillment/internal/application/usecases/receive_network_demand.go:111.3,112.1 1 0
github.com/claudioed/network-fulfillment/internal/application/usecases/receive_network_demand.go:113.2,113.39 1 0
github.com/claudioed/network-fulfillment/internal/application/usecases/receive_network_demand.go:125.2,125.72 1 0
github.com/claudioed/network-fulfillment/internal/application/usecases/receive_network_demand.go:126.3,126.48 1 0
github.com/claudioed/network-fulfillment/internal/application/usecases/receive_network_demand.go:127.4,128.1 1 0
github.com/claudioed/network-fulfillment/internal/application/usecases/receive_network_demand.go:129.3,136.5 1 0
github.com/claudioed/network-fulfillment/internal/application/usecases/receive_network_demand.go:143.2,144.33 2 0
github.com/claudioed/network-fulfillment/internal/application/usecases/receive_network_demand.go:145.3,146.17 2 0
github.com/claudioed/network-fulfillment/internal/application/usecases/receive_network_demand.go:147.4,148.1 1 0
github.com/claudioed/network-fulfillment/internal/application/usecases/receive_network_demand.go:149.3,150.17 2 0
github.com/claudioed/network-fulfillment/internal/application/usecases/receive_network_demand.go:151.4,152.1 1 0
github.com/claudioed/network-fulfillment/internal/application/usecases/receive_network_demand.go:153.3,153.30 1 0
github.com/claudioed/network-fulfillment/internal/application/usecases/receive_network_demand.go:155.2,155.19 1 0
github.com/claudioed/network-fulfillment/internal/application/usecases/receive_network_demand.go:163.2,164.16 2 0
github.com/claudioed/network-fulfillment/internal/application/usecases/receive_network_demand.go:165.3,166.1 1 0
github.com/claudioed/network-fulfillment/internal/application/usecases/receive_network_demand.go:167.2,167.66 1 0
github.com/claudioed/network-fulfillment/internal/application/usecases/receive_network_demand.go:168.3,169.1 1 0
github.com/claudioed/network-fulfillment/internal/application/usecases/receive_network_demand.go:170.2,170.72 1 0
github.com/claudioed/network-fulfillment/internal/application/usecases/receive_network_demand.go:186.2,186.18 1 0
github.com/claudioed/network-fulfillment/internal/application/usecases/receive_network_demand.go:187.3,187.65 1 0
github.com/claudioed/network-fulfillment/internal/application/usecases/receive_network_demand.go:188.4,189.1 1 0
github.com/claudioed/network-fulfillment/internal/application/usecases/receive_network_demand.go:191.2,191.35 1 0
github.com/claudioed/network-fulfillment/internal/application/usecases/receive_network_demand.go:192.3,193.1 1 0
github.com/claudioed/network-fulfillment/internal/application/usecases/receive_network_demand.go:194.2,194.75 1 0
github.com/claudioed/network-fulfillment/internal/application/usecases/receive_network_demand.go:195.3,195.48 1 0
github.com/claudioed/network-fulfillment/internal/application/usecases/receive_network_demand.go:196.4,197.1 1 0
github.com/claudioed/network-fulfillment/internal/application/usecases/receive_network_demand.go:198.3,203.5 1 0
github.com/claudioed/network-fulfillment/internal/application/usecases/receive_network_demand.go:205.3,206.1 1 0
github.com/claudioed/network-fulfillment/internal/application/usecases/receive_network_demand.go:207.2,207.85 1 0
github.com/claudioed/network-fulfillment/internal/application/usecases/receive_network_demand.go:208.3,209.1 1 0
github.com/claudioed/network-fulfillment/internal/application/usecases/receive_network_demand.go:210.2,210.15 1 0
github.com/claudioed/network-fulfillment/internal/application/usecases/receive_network_demand.go:224.2,224.35 1 0
github.com/claudioed/network-fulfillment/internal/application/usecases/receive_network_demand.go:225.3,226.1 1 0
github.com/claudioed/network-fulfillment/internal/application/usecases/receive_network_demand.go:227.2,227.62 1 0
github.com/claudioed/network-fulfillment/internal/application/usecases/receive_network_demand.go:228.3,229.1 1 0
github.com/claudioed/network-fulfillment/internal/application/usecases/receive_network_demand.go:230.2,230.75 1 0
github.com/claudioed/network-fulfillment/internal/application/usecases/receive_network_demand.go:231.3,231.48 1 0
github.com/claudioed/network-fulfillment/internal/application/usecases/receive_network_demand.go:232.4,233.1 1 0
github.com/claudioed/network-fulfillment/internal/application/usecases/receive_network_demand.go:234.3,240.5 1 0
github.com/claudioed/network-fulfillment/internal/application/usecases/receive_network_demand.go:242.3,243.1 1 0
github.com/claudioed/network-fulfillment/internal/application/usecases/receive_network_demand.go:244.2,244.84 1 0
github.com/claudioed/network-fulfillment/internal/application/usecases/receive_network_demand.go:245.3,246.1 1 0
github.com/claudioed/network-fulfillment/internal/application/usecases/receive_network_demand.go:253.2,253.15 1 0
github.com/claudioed/network-fulfillment/internal/application/usecases/recompute_capability_offers.go:64.2,65.16 2 0
github.com/claudioed/network-fulfillment/internal/application/usecases/recompute_capability_offers.go:66.3,67.1 1 0
github.com/claudioed/network-fulfillment/internal/application/usecases/recompute_capability_offers.go:69.2,71.1 4 0
github.com/claudioed/network-fulfillment/internal/application/usecases/recompute_capability_offers.go:72.2,73.27 4 0
github.com/claudioed/network-fulfillment/internal/application/usecases/recompute_capability_offers.go:74.3,75.1 3 0
github.com/claudioed/network-fulfillment/internal/application/usecases/recompute_capability_offers.go:76.3,77.17 3 0
github.com/claudioed/network-fulfillment/internal/application/usecases/recompute_capability_offers.go:78.4,78.23 1 0
github.com/claudioed/network-fulfillment/internal/application/usecases/recompute_capability_offers.go:79.5,81.1 1 0
github.com/claudioed/network-fulfillment/internal/application/usecases/recompute_capability_offers.go:82.4,82.12 1 0
github.com/claudioed/network-fulfillment/internal/application/usecases/recompute_capability_offers.go:85.3,86.1 3 0
github.com/claudioed/network-fulfillment/internal/application/usecases/recompute_capability_offers.go:87.3,88.17 3 0
github.com/claudioed/network-fulfillment/internal/application/usecases/recompute_capability_offers.go:89.4,89.23 1 0
github.com/claudioed/network-fulfillment/internal/application/usecases/recompute_capability_offers.go:90.5,92.1 1 0
github.com/claudioed/network-fulfillment/internal/application/usecases/recompute_capability_offers.go:93.4,93.12 1 0
github.com/claudioed/network-fulfillment/internal/application/usecases/recompute_capability_offers.go:95.3,95.66 1 0
github.com/claudioed/network-fulfillment/internal/application/usecases/recompute_capability_offers.go:96.4,97.1 1 0
github.com/claudioed/network-fulfillment/internal/application/usecases/recompute_capability_offers.go:98.3,98.51 1 0
github.com/claudioed/network-fulfillment/internal/application/usecases/recompute_capability_offers.go:99.4,99.23 1 0
github.com/claudioed/network-fulfillment/internal/application/usecases/recompute_capability_offers.go:100.5,102.1 1 0
github.com/claudioed/network-fulfillment/internal/application/usecases/recompute_capability_offers.go:103.4,103.12 1 0
github.com/claudioed/network-fulfillment/internal/application/usecases/recompute_capability_offers.go:106.2,106.17 1 0
github.com/claudioed/network-fulfillment/internal/application/usecases/recompute_capability_offers.go:116.2,116.18 1 0
github.com/claudioed/network-fulfillment/internal/application/usecases/recompute_capability_offers.go:117.3,118.1 1 0
github.com/claudioed/network-fulfillment/internal/application/usecases/recompute_capability_offers.go:119.2,121.31 3 0
github.com/claudioed/network-fulfillment/internal/application/usecases/recompute_capability_offers.go:122.3,123.13 2 0
github.com/claudioed/network-fulfillment/internal/application/usecases/recompute_capability_offers.go:124.4,124.12 1 0
github.com/claudioed/network-fulfillment/internal/application/usecases/recompute_capability_offers.go:126.3,127.17 2 0
github.com/claudioed/network-fulfillment/internal/application/usecases/recompute_capability_offers.go:129.2,129.24 1 0
github.com/claudioed/network-fulfillment/internal/application/usecases/reconcile_submitted_orders.go:43.2,44.16 2 0
github.com/claudioed/network-fulfillment/internal/application/usecases/reconcile_submitted_orders.go:45.3,46.1 1 0
github.com/claudioed/network-fulfillment/internal/application/usecases/reconcile_submitted_orders.go:48.2,49.30 2 0
github.com/claudioed/network-fulfillment/internal/application/usecases/reconcile_submitted_orders.go:50.3,51.17 2 0
github.com/claudioed/network-fulfillment/internal/application/usecases/reconcile_submitted_orders.go:56.4,56.12 1 0
github.com/claudioed/network-fulfillment/internal/application/usecases/reconcile_submitted_orders.go:58.3,58.17 1 0
github.com/claudioed/network-fulfillment/internal/application/usecases/reconcile_submitted_orders.go:60.4,60.45 1 0
github.com/claudioed/network-fulfillment/internal/application/usecases/reconcile_submitted_orders.go:61.5,61.13 1 0
github.com/claudioed/network-fulfillment/internal/application/usecases/reconcile_submitted_orders.go:63.4,63.19 1 0
github.com/claudioed/network-fulfillment/internal/application/usecases/reconcile_submitted_orders.go:65.4,65.42 1 0
github.com/claudioed/network-fulfillment/internal/application/usecases/reconcile_submitted_orders.go:66.5,66.13 1 0
github.com/claudioed/network-fulfillment/internal/application/usecases/reconcile_submitted_orders.go:68.4,68.16 1 0
github.com/claudioed/network-fulfillment/internal/application/usecases/reconcile_submitted_orders.go:70.4,70.17 1 0
github.com/claudioed/network-fulfillment/internal/application/usecases/reconcile_submitted_orders.go:73.2,73.17 1 0
github.com/claudioed/network-fulfillment/internal/application/usecases/reconcile_submitted_orders.go:81.2,81.51 1 0
github.com/claudioed/network-fulfillment/internal/application/usecases/reconcile_submitted_orders.go:82.3,83.1 1 0
github.com/claudioed/network-fulfillment/internal/application/usecases/reconcile_submitted_orders.go:84.2,84.75 1 0
github.com/claudioed/network-fulfillment/internal/application/usecases/reconcile_submitted_orders.go:85.3,86.1 1 0
github.com/claudioed/network-fulfillment/internal/application/usecases/reconcile_submitted_orders.go:87.3,88.1 1 0
github.com/claudioed/network-fulfillment/internal/application/usecases/reconcile_submitted_orders.go:89.2,89.45 1 0
github.com/claudioed/network-fulfillment/internal/application/usecases/reconcile_submitted_orders.go:90.3,91.1 1 0
github.com/claudioed/network-fulfillment/internal/application/usecases/reconcile_submitted_orders.go:92.2,92.12 1 0
github.com/claudioed/network-fulfillment/internal/application/usecases/reconcile_submitted_orders.go:101.2,101.45 1 0
github.com/claudioed/network-fulfillment/internal/application/usecases/reconcile_submitted_orders.go:102.3,102.65 1 0
github.com/claudioed/network-fulfillment/internal/application/usecases/reconcile_submitted_orders.go:103.4,104.1 1 0
github.com/claudioed/network-fulfillment/internal/application/usecases/reconcile_submitted_orders.go:106.2,106.35 1 0
github.com/claudioed/network-fulfillment/internal/application/usecases/reconcile_submitted_orders.go:107.3,108.1 1 0
github.com/claudioed/network-fulfillment/internal/application/usecases/reconcile_submitted_orders.go:109.2,109.72 1 0
github.com/claudioed/network-fulfillment/internal/application/usecases/reconcile_submitted_orders.go:110.3,110.48 1 0
github.com/claudioed/network-fulfillment/internal/application/usecases/reconcile_submitted_orders.go:111.4,112.1 1 0
github.com/claudioed/network-fulfillment/internal/application/usecases/reconcile_submitted_orders.go:113.3,118.5 1 0
github.com/claudioed/network-fulfillment/internal/application/usecases/reject_overdue_orders.go:46.2,47.1 3 0
github.com/claudioed/network-fulfillment/internal/application/usecases/reject_overdue_orders.go:48.2,49.16 3 0
github.com/claudioed/network-fulfillment/internal/application/usecases/reject_overdue_orders.go:50.3,51.1 1 0
github.com/claudioed/network-fulfillment/internal/application/usecases/reject_overdue_orders.go:53.2,54.31 2 0
github.com/claudioed/network-fulfillment/internal/application/usecases/reject_overdue_orders.go:55.3,55.37 1 0
github.com/claudioed/network-fulfillment/internal/application/usecases/reject_overdue_orders.go:56.4,56.12 1 0
github.com/claudioed/network-fulfillment/internal/application/usecases/reject_overdue_orders.go:58.3,58.46 1 0
github.com/claudioed/network-fulfillment/internal/application/usecases/reject_overdue_orders.go:64.4,64.12 1 0
github.com/claudioed/network-fulfillment/internal/application/usecases/reject_overdue_orders.go:66.3,66.17 1 0
github.com/claudioed/network-fulfillment/internal/application/usecases/reject_overdue_orders.go:68.2,68.17 1 0
github.com/claudioed/network-fulfillment/internal/application/usecases/reject_overdue_orders.go:75.2,75.45 1 0
github.com/claudioed/network-fulfillment/internal/application/usecases/reject_overdue_orders.go:76.3,76.65 1 0
github.com/claudioed/network-fulfillment/internal/application/usecases/reject_overdue_orders.go:77.4,78.1 1 0
github.com/claudioed/network-fulfillment/internal/application/usecases/reject_overdue_orders.go:80.2,80.35 1 0
github.com/claudioed/network-fulfillment/internal/application/usecases/reject_overdue_orders.go:81.3,82.1 1 0
github.com/claudioed/network-fulfillment/internal/application/usecases/reject_overdue_orders.go:86.2,86.72 1 0
github.com/claudioed/network-fulfillment/internal/application/usecases/reject_overdue_orders.go:87.3,87.48 1 0
github.com/claudioed/network-fulfillment/internal/application/usecases/reject_overdue_orders.go:88.4,89.1 1 0
github.com/claudioed/network-fulfillment/internal/application/usecases/reject_overdue_orders.go:90.3,95.5 1 0
github.com/claudioed/network-fulfillment/internal/application/usecases/sweep_acknowledgement_deadlines.go:39.2,40.1 3 0
github.com/claudioed/network-fulfillment/internal/application/usecases/sweep_acknowledgement_deadlines.go:41.2,42.16 3 0
github.com/claudioed/network-fulfillment/internal/application/usecases/sweep_acknowledgement_deadlines.go:43.3,44.1 1 0
github.com/claudioed/network-fulfillment/internal/application/usecases/sweep_acknowledgement_deadlines.go:46.2,47.31 2 0
github.com/claudioed/network-fulfillment/internal/application/usecases/sweep_acknowledgement_deadlines.go:48.3,48.37 1 0
github.com/claudioed/network-fulfillment/internal/application/usecases/sweep_acknowledgement_deadlines.go:49.4,49.12 1 0
github.com/claudioed/network-fulfillment/internal/application/usecases/sweep_acknowledgement_deadlines.go:54.3,59.18 1 0
github.com/claudioed/network-fulfillment/internal/application/usecases/sweep_acknowledgement_deadlines.go:60.4,60.12 1 0
github.com/claudioed/network-fulfillment/internal/application/usecases/sweep_acknowledgement_deadlines.go:62.3,62.15 1 0
github.com/claudioed/network-fulfillment/internal/application/usecases/sweep_acknowledgement_deadlines.go:64.2,64.17 1 0
github.com/claudioed/network-fulfillment/internal/application/usecases/unit_of_work.go:14.2,14.16 1 0
github.com/claudioed/network-fulfillment/internal/application/usecases/unit_of_work.go:15.3,16.1 1 0
github.com/claudioed/network-fulfillment/internal/application/usecases/unit_of_work.go:17.2,17.29 1 0
github.com/claudioed/network-fulfillment/internal/domain/capabilityoffer/capability_offer.go:83.2,83.15 1 0
github.com/claudioed/network-fulfillment/internal/domain/capabilityoffer/capability_offer.go:84.3,85.1 1 0
github.com/claudioed/network-fulfillment/internal/domain/capabilityoffer/capability_offer.go:86.2,86.18 1 0
github.com/claudioed/network-fulfillment/internal/domain/capabilityoffer/capability_offer.go:87.3,88.1 1 0
github.com/claudioed/network-fulfillment/internal/domain/capabilityoffer/capability_offer.go:89.2,89.28 1 0
github.com/claudioed/network-fulfillment/internal/domain/capabilityoffer/capability_offer.go:90.3,91.1 1 0
github.com/claudioed/network-fulfillment/internal/domain/capabilityoffer/capability_offer.go:92.2,92.44 1 0
github.com/claudioed/network-fulfillment/internal/domain/capabilityoffer/capability_offer.go:93.3,94.1 1 0
github.com/claudioed/network-fulfillment/internal/domain/capabilityoffer/capability_offer.go:95.2,95.15 1 0
github.com/claudioed/network-fulfillment/internal/domain/capabilityoffer/capability_offer.go:96.49,96.49 0 0
github.com/claudioed/network-fulfillment/internal/domain/capabilityoffer/capability_offer.go:98.3,98.44 1 0
github.com/claudioed/network-fulfillment/internal/domain/capabilityoffer/capability_offer.go:100.2,106.8 1 0
github.com/claudioed/network-fulfillment/internal/domain/capabilityoffer/capability_offer.go:122.2,122.65 1 0
github.com/claudioed/network-fulfillment/internal/domain/capabilityoffer/capability_offer.go:123.3,124.1 1 0
github.com/claudioed/network-fulfillment/internal/domain/capabilityoffer/capability_offer.go:125.2,126.13 2 0
github.com/claudioed/network-fulfillment/internal/domain/capabilityoffer/capability_offer.go:127.3,128.1 1 0
github.com/claudioed/network-fulfillment/internal/domain/capabilityoffer/capability_offer.go:129.2,129.89 1 0
github.com/claudioed/network-fulfillment/internal/domain/capabilityoffer/capability_offer.go:132.53,132.67 1 0
github.com/claudioed/network-fulfillment/internal/domain/capabilityoffer/capability_offer.go:133.53,133.70 1 0
github.com/claudioed/network-fulfillment/internal/domain/capabilityoffer/capability_offer.go:134.53,134.82 1 0
github.com/claudioed/network-fulfillment/internal/domain/capabilityoffer/capability_offer.go:135.53,135.69 1 0
github.com/claudioed/network-fulfillment/internal/domain/capabilityoffer/capability_offer.go:136.53,136.74 1 0
github.com/claudioed/network-fulfillment/internal/domain/networkorder/network_order.go:96.2,96.15 1 0
github.com/claudioed/network-fulfillment/internal/domain/networkorder/network_order.go:97.3,98.1 1 0
github.com/claudioed/network-fulfillment/internal/domain/networkorder/network_order.go:99.2,99.21 1 0
github.com/claudioed/network-fulfillment/internal/domain/networkorder/network_order.go:100.3,101.1 1 0
github.com/claudioed/network-fulfillment/internal/domain/networkorder/network_order.go:102.2,102.15 1 0
github.com/claudioed/network-fulfillment/internal/domain/networkorder/network_order.go:103.3,104.1 1 0
github.com/claudioed/network-fulfillment/internal/domain/networkorder/network_order.go:105.2,105.19 1 0
github.com/claudioed/network-fulfillment/internal/domain/networkorder/network_order.go:106.3,107.1 1 0
github.com/claudioed/network-fulfillment/internal/domain/networkorder/network_order.go:108.2,108.98 1 0
github.com/claudioed/network-fulfillment/internal/domain/networkorder/network_order.go:111.60,111.85 1 0
github.com/claudioed/network-fulfillment/internal/domain/networkorder/network_order.go:112.60,112.87 1 0
github.com/claudioed/network-fulfillment/internal/domain/networkorder/network_order.go:113.60,113.74 1 0
github.com/claudioed/network-fulfillment/internal/domain/networkorder/network_order.go:114.60,114.79 1 0
github.com/claudioed/network-fulfillment/internal/domain/networkorder/network_order.go:156.2,156.15 1 0
github.com/claudioed/network-fulfillment/internal/domain/networkorder/network_order.go:157.3,158.1 1 0
github.com/claudioed/network-fulfillment/internal/domain/networkorder/network_order.go:159.2,159.21 1 0
github.com/claudioed/network-fulfillment/internal/domain/networkorder/network_order.go:160.3,161.1 1 0
github.com/claudioed/network-fulfillment/internal/domain/networkorder/network_order.go:162.2,170.8 1 0
github.com/claudioed/network-fulfillment/internal/domain/networkorder/network_order.go:192.2,192.15 1 0
github.com/claudioed/network-fulfillment/internal/domain/networkorder/network_order.go:193.3,194.1 1 0
github.com/claudioed/network-fulfillment/internal/domain/networkorder/network_order.go:195.2,202.8 1 0
github.com/claudioed/network-fulfillment/internal/domain/networkorder/network_order.go:211.2,211.25 1 0
github.com/claudioed/network-fulfillment/internal/domain/networkorder/network_order.go:212.3,213.1 1 0
github.com/claudioed/network-fulfillment/internal/domain/networkorder/network_order.go:214.2,215.12 2 0
github.com/claudioed/network-fulfillment/internal/domain/networkorder/network_order.go:224.2,224.31 1 0
github.com/claudioed/network-fulfillment/internal/domain/networkorder/network_order.go:225.3,226.1 1 0
github.com/claudioed/network-fulfillment/internal/domain/networkorder/network_order.go:227.2,228.12 2 0
github.com/claudioed/network-fulfillment/internal/domain/networkorder/network_order.go:238.2,238.35 1 0
github.com/claudioed/network-fulfillment/internal/domain/networkorder/network_order.go:239.3,240.1 1 0
github.com/claudioed/network-fulfillment/internal/domain/networkorder/network_order.go:241.2,241.35 1 0
github.com/claudioed/network-fulfillment/internal/domain/networkorder/network_order.go:250.2,250.54 1 0
github.com/claudioed/network-fulfillment/internal/domain/networkorder/network_order.go:251.3,252.1 1 0
github.com/claudioed/network-fulfillment/internal/domain/networkorder/network_order.go:253.2,254.12 2 0
github.com/claudioed/network-fulfillment/internal/domain/networkorder/network_order.go:263.2,263.63 1 0
github.com/claudioed/network-fulfillment/internal/domain/networkorder/network_order.go:264.3,265.1 1 0
github.com/claudioed/network-fulfillment/internal/domain/networkorder/network_order.go:266.2,266.27 1 0
github.com/claudioed/network-fulfillment/internal/domain/networkorder/network_order.go:267.3,268.1 1 0
github.com/claudioed/network-fulfillment/internal/domain/networkorder/network_order.go:269.2,270.12 2 0
github.com/claudioed/network-fulfillment/internal/domain/networkorder/network_order.go:276.2,276.34 1 0
github.com/claudioed/network-fulfillment/internal/domain/networkorder/network_order.go:277.3,278.1 1 0
github.com/claudioed/network-fulfillment/internal/domain/networkorder/network_order.go:279.2,280.12 2 0
github.com/claudioed/network-fulfillment/internal/domain/networkorder/network_order.go:287.2,288.1 1 0
github.com/claudioed/network-fulfillment/internal/domain/networkorder/network_order.go:296.2,297.28 2 0
github.com/claudioed/network-fulfillment/internal/domain/networkorder/network_order.go:298.3,299.1 1 0
github.com/claudioed/network-fulfillment/internal/domain/networkorder/network_order.go:300.2,300.12 1 0
github.com/claudioed/network-fulfillment/internal/domain/networkorder/network_order.go:303.57,303.78 1 0
github.com/claudioed/network-fulfillment/internal/domain/networkorder/network_order.go:304.57,304.74 1 0
github.com/claudioed/network-fulfillment/internal/domain/networkorder/network_order.go:305.57,305.82 1 0
github.com/claudioed/network-fulfillment/internal/domain/networkorder/network_order.go:306.57,306.81 1 0
github.com/claudioed/network-fulfillment/internal/domain/networkorder/network_order.go:307.57,307.73 1 0
github.com/claudioed/network-fulfillment/internal/domain/networkorder/network_order.go:308.57,308.78 1 0
github.com/claudioed/network-fulfillment/internal/domain/networkorder/network_order.go:310.2,311.1 1 0
github.com/claudioed/network-fulfillment/internal/domain/networkorder/network_order.go:317.2,320.1 3 0
github.com/claudioed/network-fulfillment/internal/domain/networkorder/network_order.go:333.2,342.1 1 0
github.com/claudioed/network-fulfillment/internal/domain/shared/events.go:32.56,32.87 1 0
github.com/claudioed/network-fulfillment/internal/domain/shared/events.go:33.56,33.69 1 0
github.com/claudioed/network-fulfillment/internal/domain/shared/events.go:49.60,49.95 1 0
github.com/claudioed/network-fulfillment/internal/domain/shared/events.go:50.60,50.73 1 0
github.com/claudioed/network-fulfillment/internal/domain/shared/events.go:92.56,92.87 1 0
github.com/claudioed/network-fulfillment/internal/domain/shared/events.go:93.56,93.69 1 0
github.com/claudioed/network-fulfillment/internal/domain/shared/events.go:112.65,112.105 1 0
github.com/claudioed/network-fulfillment/internal/domain/shared/events.go:113.65,113.78 1 0
github.com/claudioed/network-fulfillment/internal/domain/shared/events.go:130.65,130.105 1 0
github.com/claudioed/network-fulfillment/internal/domain/shared/events.go:131.65,131.78 1 0
github.com/claudioed/network-fulfillment/internal/application/usecases/confirm_network_order_shipment.go:47.2,48.16 2 0
github.com/claudioed/network-fulfillment/internal/application/usecases/confirm_network_order_shipment.go:49.3,50.1 1 0
github.com/claudioed/network-fulfillment/internal/application/usecases/confirm_network_order_shipment.go:51.2,51.14 1 0
github.com/claudioed/network-fulfillment/internal/application/usecases/confirm_network_order_shipment.go:52.3,53.1 1 0
github.com/claudioed/network-fulfillment/internal/application/usecases/confirm_network_order_shipment.go:54.2,54.46 1 0
github.com/claudioed/network-fulfillment/internal/application/usecases/confirm_network_order_shipment.go:55.3,56.1 1 0
github.com/claudioed/network-fulfillment/internal/application/usecases/confirm_network_order_shipment.go:58.2,58.44 1 0
github.com/claudioed/network-fulfillment/internal/application/usecases/confirm_network_order_shipment.go:59.3,60.1 1 0
github.com/claudioed/network-fulfillment/internal/application/usecases/confirm_network_order_shipment.go:62.2,64.39 3 0
github.com/claudioed/network-fulfillment/internal/application/usecases/confirm_network_order_shipment.go:65.3,66.1 1 0
github.com/claudioed/network-fulfillment/internal/application/usecases/confirm_network_order_shipment.go:68.2,68.75 1 0
github.com/claudioed/network-fulfillment/internal/application/usecases/confirm_network_order_shipment.go:69.3,69.48 1 0
github.com/claudioed/network-fulfillment/internal/application/usecases/confirm_network_order_shipment.go:70.4,71.1 1 0
github.com/claudioed/network-fulfillment/internal/application/usecases/confirm_network_order_shipment.go:72.3,77.5 1 0
github.com/claudioed/network-fulfillment/internal/application/usecases/confirm_network_order_shipment.go:79.3,80.1 1 0
github.com/claudioed/network-fulfillment/internal/application/usecases/confirm_network_order_shipment.go:82.2,82.83 1 0
github.com/claudioed/network-fulfillment/internal/application/usecases/confirm_network_order_shipment.go:83.3,84.1 1 0
github.com/claudioed/network-fulfillment/internal/application/usecases/confirm_network_order_shipment.go:85.2,85.15 1 0
github.com/claudioed/network-fulfillment/internal/application/usecases/receive_network_demand.go:67.2,68.1 2 0
github.com/claudioed/network-fulfillment/internal/application/usecases/receive_network_demand.go:74.2,74.78 2 0
github.com/claudioed/network-fulfillment/internal/application/usecases/receive_network_demand.go:75.3,76.1 1 0
github.com/claudioed/network-fulfillment/internal/application/usecases/receive_network_demand.go:76.9,76.28 1 0
github.com/claudioed/network-fulfillment/internal/application/usecases/receive_network_demand.go:77.3,78.1 1 0
github.com/claudioed/network-fulfillment/internal/application/usecases/receive_network_demand.go:80.2,81.1 2 0
github.com/claudioed/network-fulfillment/internal/application/usecases/receive_network_demand.go:86.2,86.27 2 0
github.com/claudioed/network-fulfillment/internal/application/usecases/receive_network_demand.go:87.3,87.59 1 0
github.com/claudioed/network-fulfillment/internal/application/usecases/receive_network_demand.go:88.4,89.1 1 0
github.com/claudioed/network-fulfillment/internal/application/usecases/receive_network_demand.go:90.3,90.51 1 0
github.com/claudioed/network-fulfillment/internal/application/usecases/receive_network_demand.go:93.2,94.16 2 0
github.com/claudioed/network-fulfillment/internal/application/usecases/receive_network_demand.go:95.3,96.1 1 0
github.com/claudioed/network-fulfillment/internal/application/usecases/receive_network_demand.go:97.2,97.75 1 0
github.com/claudioed/network-fulfillment/internal/application/usecases/receive_network_demand.go:98.3,99.1 1 0
github.com/claudioed/network-fulfillment/internal/application/usecases/receive_network_demand.go:101.2,106.16 2 0
github.com/claudioed/network-fulfillment/internal/application/usecases/receive_network_demand.go:107.3,108.1 1 0
github.com/claudioed/network-fulfillment/internal/application/usecases/receive_network_demand.go:110.2,110.22 1 0
github.com/claudioed/network-fulfillment/internal/application/usecases/receive_network_demand.go:111.3,112.1 1 0
github.com/claudioed/network-fulfillment/internal/application/usecases/receive_network_demand.go:113.2,113.39 1 0
github.com/claudioed/network-fulfillment/internal/application/usecases/receive_network_demand.go:125.2,125.72 1 0
github.com/claudioed/network-fulfillment/internal/application/usecases/receive_network_demand.go:126.3,126.48 1 0
github.com/claudioed/network-fulfillment/internal/application/usecases/receive_network_demand.go:127.4,128.1 1 0
github.com/claudioed/network-fulfillment/internal/application/usecases/receive_network_demand.go:129.3,136.5 1 0
github.com/claudioed/network-fulfillment/internal/application/usecases/receive_network_demand.go:143.2,144.33 2 0
github.com/claudioed/network-fulfillment/internal/application/usecases/receive_network_demand.go:145.3,146.17 2 0
github.com/claudioed/network-fulfillment/internal/application/usecases/receive_network_demand.go:147.4,148.1 1 0
github.com/claudioed/network-fulfillment/internal/application/usecases/receive_network_demand.go:149.3,150.17 2 0
github.com/claudioed/network-fulfillment/internal/application/usecases/receive_network_demand.go:151.4,152.1 1 0
github.com/claudioed/network-fulfillment/internal/application/usecases/receive_network_demand.go:153.3,153.30 1 0
github.com/claudioed/network-fulfillment/internal/application/usecases/receive_network_demand.go:155.2,155.19 1 0
github.com/claudioed/network-fulfillment/internal/application/usecases/receive_network_demand.go:163.2,164.16 2 0
github.com/claudioed/network-fulfillment/internal/application/usecases/receive_network_demand.go:165.3,166.1 1 0
github.com/claudioed/network-fulfillment/internal/application/usecases/receive_network_demand.go:167.2,167.66 1 0
github.com/claudioed/network-fulfillment/internal/application/usecases/receive_network_demand.go:168.3,169.1 1 0
github.com/claudioed/network-fulfillment/internal/application/usecases/receive_network_demand.go:170.2,170.72 1 0
github.com/claudioed/network-fulfillment/internal/application/usecases/receive_network_demand.go:186.2,186.18 1 0
github.com/claudioed/network-fulfillment/internal/application/usecases/receive_network_demand.go:187.3,187.65 1 0
github.com/claudioed/network-fulfillment/internal/application/usecases/receive_network_demand.go:188.4,189.1 1 0
github.com/claudioed/network-fulfillment/internal/application/usecases/receive_network_demand.go:191.2,191.35 1 0
github.com/claudioed/network-fulfillment/internal/application/usecases/receive_network_demand.go:192.3,193.1 1 0
github.com/claudioed/network-fulfillment/internal/application/usecases/receive_network_demand.go:194.2,194.75 1 0
github.com/claudioed/network-fulfillment/internal/application/usecases/receive_network_demand.go:195.3,195.48 1 0
github.com/claudioed/network-fulfillment/internal/application/usecases/receive_network_demand.go:196.4,197.1 1 0
github.com/claudioed/network-fulfillment/internal/application/usecases/receive_network_demand.go:198.3,203.5 1 0
github.com/claudioed/network-fulfillment/internal/application/usecases/receive_network_demand.go:205.3,206.1 1 0
github.com/claudioed/network-fulfillment/internal/application/usecases/receive_network_demand.go:207.2,207.85 1 0
github.com/claudioed/network-fulfillment/internal/application/usecases/receive_network_demand.go:208.3,209.1 1 0
github.com/claudioed/network-fulfillment/internal/application/usecases/receive_network_demand.go:210.2,210.15 1 0
github.com/claudioed/network-fulfillment/internal/application/usecases/receive_network_demand.go:224.2,224.35 1 0
github.com/claudioed/network-fulfillment/internal/application/usecases/receive_network_demand.go:225.3,226.1 1 0
github.com/claudioed/network-fulfillment/internal/application/usecases/receive_network_demand.go:227.2,227.62 1 0
github.com/claudioed/network-fulfillment/internal/application/usecases/receive_network_demand.go:228.3,229.1 1 0
github.com/claudioed/network-fulfillment/internal/application/usecases/receive_network_demand.go:230.2,230.75 1 0
github.com/claudioed/network-fulfillment/internal/application/usecases/receive_network_demand.go:231.3,231.48 1 0
github.com/claudioed/network-fulfillment/internal/application/usecases/receive_network_demand.go:232.4,233.1 1 0
github.com/claudioed/network-fulfillment/internal/application/usecases/receive_network_demand.go:234.3,240.5 1 0
github.com/claudioed/network-fulfillment/internal/application/usecases/receive_network_demand.go:242.3,243.1 1 0
github.com/claudioed/network-fulfillment/internal/application/usecases/receive_network_demand.go:244.2,244.84 1 0
github.com/claudioed/network-fulfillment/internal/application/usecases/receive_network_demand.go:245.3,246.1 1 0
github.com/claudioed/network-fulfillment/internal/application/usecases/receive_network_demand.go:253.2,253.15 1 0
github.com/claudioed/network-fulfillment/internal/application/usecases/recompute_capability_offers.go:64.2,65.16 2 0
github.com/claudioed/network-fulfillment/internal/application/usecases/recompute_capability_offers.go:66.3,67.1 1 0
github.com/claudioed/network-fulfillment/internal/application/usecases/recompute_capability_offers.go:69.2,71.1 4 0
github.com/claudioed/network-fulfillment/internal/application/usecases/recompute_capability_offers.go:72.2,73.27 4 0
github.com/claudioed/network-fulfillment/internal/application/usecases/recompute_capability_offers.go:74.3,75.1 3 0
github.com/claudioed/network-fulfillment/internal/application/usecases/recompute_capability_offers.go:76.3,77.17 3 0
github.com/claudioed/network-fulfillment/internal/application/usecases/recompute_capability_offers.go:78.4,78.23 1 0
github.com/claudioed/network-fulfillment/internal/application/usecases/recompute_capability_offers.go:79.5,81.1 1 0
github.com/claudioed/network-fulfillment/internal/application/usecases/recompute_capability_offers.go:82.4,82.12 1 0
github.com/claudioed/network-fulfillment/internal/application/usecases/recompute_capability_offers.go:85.3,86.1 3 0
github.com/claudioed/network-fulfillment/internal/application/usecases/recompute_capability_offers.go:87.3,88.17 3 0
github.com/claudioed/network-fulfillment/internal/application/usecases/recompute_capability_offers.go:89.4,89.23 1 0
github.com/claudioed/network-fulfillment/internal/application/usecases/recompute_capability_offers.go:90.5,92.1 1 0
github.com/claudioed/network-fulfillment/internal/application/usecases/recompute_capability_offers.go:93.4,93.12 1 0
github.com/claudioed/network-fulfillment/internal/application/usecases/recompute_capability_offers.go:95.3,95.66 1 0
github.com/claudioed/network-fulfillment/internal/application/usecases/recompute_capability_offers.go:96.4,97.1 1 0
github.com/claudioed/network-fulfillment/internal/application/usecases/recompute_capability_offers.go:98.3,98.51 1 0
github.com/claudioed/network-fulfillment/internal/application/usecases/recompute_capability_offers.go:99.4,99.23 1 0
github.com/claudioed/network-fulfillment/internal/application/usecases/recompute_capability_offers.go:100.5,102.1 1 0
github.com/claudioed/network-fulfillment/internal/application/usecases/recompute_capability_offers.go:103.4,103.12 1 0
github.com/claudioed/network-fulfillment/internal/application/usecases/recompute_capability_offers.go:106.2,106.17 1 0
github.com/claudioed/network-fulfillment/internal/application/usecases/recompute_capability_offers.go:116.2,116.18 1 0
github.com/claudioed/network-fulfillment/internal/application/usecases/recompute_capability_offers.go:117.3,118.1 1 0
github.com/claudioed/network-fulfillment/internal/application/usecases/recompute_capability_offers.go:119.2,121.31 3 0
github.com/claudioed/network-fulfillment/internal/application/usecases/recompute_capability_offers.go:122.3,123.13 2 0
github.com/claudioed/network-fulfillment/internal/application/usecases/recompute_capability_offers.go:124.4,124.12 1 0
github.com/claudioed/network-fulfillment/internal/application/usecases/recompute_capability_offers.go:126.3,127.17 2 0
github.com/claudioed/network-fulfillment/internal/application/usecases/recompute_capability_offers.go:129.2,129.24 1 0
github.com/claudioed/network-fulfillment/internal/application/usecases/reconcile_submitted_orders.go:43.2,44.16 2 0
github.com/claudioed/network-fulfillment/internal/application/usecases/reconcile_submitted_orders.go:45.3,46.1 1 0
github.com/claudioed/network-fulfillment/internal/application/usecases/reconcile_submitted_orders.go:48.2,49.30 2 0
github.com/claudioed/network-fulfillment/internal/application/usecases/reconcile_submitted_orders.go:50.3,51.17 2 0
github.com/claudioed/network-fulfillment/internal/application/usecases/reconcile_submitted_orders.go:56.4,56.12 1 0
github.com/claudioed/network-fulfillment/internal/application/usecases/reconcile_submitted_orders.go:58.3,58.17 1 0
github.com/claudioed/network-fulfillment/internal/application/usecases/reconcile_submitted_orders.go:60.4,60.45 1 0
github.com/claudioed/network-fulfillment/internal/application/usecases/reconcile_submitted_orders.go:61.5,61.13 1 0
github.com/claudioed/network-fulfillment/internal/application/usecases/reconcile_submitted_orders.go:63.4,63.19 1 0
github.com/claudioed/network-fulfillment/internal/application/usecases/reconcile_submitted_orders.go:65.4,65.42 1 0
github.com/claudioed/network-fulfillment/internal/application/usecases/reconcile_submitted_orders.go:66.5,66.13 1 0
github.com/claudioed/network-fulfillment/internal/application/usecases/reconcile_submitted_orders.go:68.4,68.16 1 0
github.com/claudioed/network-fulfillment/internal/application/usecases/reconcile_submitted_orders.go:70.4,70.17 1 0
github.com/claudioed/network-fulfillment/internal/application/usecases/reconcile_submitted_orders.go:73.2,73.17 1 0
github.com/claudioed/network-fulfillment/internal/application/usecases/reconcile_submitted_orders.go:81.2,81.51 1 0
github.com/claudioed/network-fulfillment/internal/application/usecases/reconcile_submitted_orders.go:82.3,83.1 1 0
github.com/claudioed/network-fulfillment/internal/application/usecases/reconcile_submitted_orders.go:84.2,84.75 1 0
github.com/claudioed/network-fulfillment/internal/application/usecases/reconcile_submitted_orders.go:85.3,86.1 1 0
github.com/claudioed/network-fulfillment/internal/application/usecases/reconcile_submitted_orders.go:87.3,88.1 1 0
github.com/claudioed/network-fulfillment/internal/application/usecases/reconcile_submitted_orders.go:89.2,89.45 1 0
github.com/claudioed/network-fulfillment/internal/application/usecases/reconcile_submitted_orders.go:90.3,91.1 1 0
github.com/claudioed/network-fulfillment/internal/application/usecases/reconcile_submitted_orders.go:92.2,92.12 1 0
github.com/claudioed/network-fulfillment/internal/application/usecases/reconcile_submitted_orders.go:101.2,101.45 1 0
github.com/claudioed/network-fulfillment/internal/application/usecases/reconcile_submitted_orders.go:102.3,102.65 1 0
github.com/claudioed/network-fulfillment/internal/application/usecases/reconcile_submitted_orders.go:103.4,104.1 1 0
github.com/claudioed/network-fulfillment/internal/application/usecases/reconcile_submitted_orders.go:106.2,106.35 1 0
github.com/claudioed/network-fulfillment/internal/application/usecases/reconcile_submitted_orders.go:107.3,108.1 1 0
github.com/claudioed/network-fulfillment/internal/application/usecases/reconcile_submitted_orders.go:109.2,109.72 1 0
github.com/claudioed/network-fulfillment/internal/application/usecases/reconcile_submitted_orders.go:110.3,110.48 1 0
github.com/claudioed/network-fulfillment/internal/application/usecases/reconcile_submitted_orders.go:111.4,112.1 1 0
github.com/claudioed/network-fulfillment/internal/application/usecases/reconcile_submitted_orders.go:113.3,118.5 1 0
github.com/claudioed/network-fulfillment/internal/application/usecases/reject_overdue_orders.go:46.2,47.1 3 0
github.com/claudioed/network-fulfillment/internal/application/usecases/reject_overdue_orders.go:48.2,49.16 3 0
github.com/claudioed/network-fulfillment/internal/application/usecases/reject_overdue_orders.go:50.3,51.1 1 0
github.com/claudioed/network-fulfillment/internal/application/usecases/reject_overdue_orders.go:53.2,54.31 2 0
github.com/claudioed/network-fulfillment/internal/application/usecases/reject_overdue_orders.go:55.3,55.37 1 0
github.com/claudioed/network-fulfillment/internal/application/usecases/reject_overdue_orders.go:56.4,56.12 1 0
github.com/claudioed/network-fulfillment/internal/application/usecases/reject_overdue_orders.go:58.3,58.46 1 0
github.com/claudioed/network-fulfillment/internal/application/usecases/reject_overdue_orders.go:64.4,64.12 1 0
github.com/claudioed/network-fulfillment/internal/application/usecases/reject_overdue_orders.go:66.3,66.17 1 0
github.com/claudioed/network-fulfillment/internal/application/usecases/reject_overdue_orders.go:68.2,68.17 1 0
github.com/claudioed/network-fulfillment/internal/application/usecases/reject_overdue_orders.go:75.2,75.45 1 0
github.com/claudioed/network-fulfillment/internal/application/usecases/reject_overdue_orders.go:76.3,76.65 1 0
github.com/claudioed/network-fulfillment/internal/application/usecases/reject_overdue_orders.go:77.4,78.1 1 0
github.com/claudioed/network-fulfillment/internal/application/usecases/reject_overdue_orders.go:80.2,80.35 1 0
github.com/claudioed/network-fulfillment/internal/application/usecases/reject_overdue_orders.go:81.3,82.1 1 0
github.com/claudioed/network-fulfillment/internal/application/usecases/reject_overdue_orders.go:86.2,86.72 1 0
github.com/claudioed/network-fulfillment/internal/application/usecases/reject_overdue_orders.go:87.3,87.48 1 0
github.com/claudioed/network-fulfillment/internal/application/usecases/reject_overdue_orders.go:88.4,89.1 1 0
github.com/claudioed/network-fulfillment/internal/application/usecases/reject_overdue_orders.go:90.3,95.5 1 0
github.com/claudioed/network-fulfillment/internal/application/usecases/sweep_acknowledgement_deadlines.go:39.2,40.1 3 0
github.com/claudioed/network-fulfillment/internal/application/usecases/sweep_acknowledgement_deadlines.go:41.2,42.16 3 0
github.com/claudioed/network-fulfillment/internal/application/usecases/sweep_acknowledgement_deadlines.go:43.3,44.1 1 0
github.com/claudioed/network-fulfillment/internal/application/usecases/sweep_acknowledgement_deadlines.go:46.2,47.31 2 0
github.com/claudioed/network-fulfillment/internal/application/usecases/sweep_acknowledgement_deadlines.go:48.3,48.37 1 0
github.com/claudioed/network-fulfillment/internal/application/usecases/sweep_acknowledgement_deadlines.go:49.4,49.12 1 0
github.com/claudioed/network-fulfillment/internal/application/usecases/sweep_acknowledgement_deadlines.go:54.3,59.18 1 0
github.com/claudioed/network-fulfillment/internal/application/usecases/sweep_acknowledgement_deadlines.go:60.4,60.12 1 0
github.com/claudioed/network-fulfillment/internal/application/usecases/sweep_acknowledgement_deadlines.go:62.3,62.15 1 0
github.com/claudioed/network-fulfillment/internal/application/usecases/sweep_acknowledgement_deadlines.go:64.2,64.17 1 0
github.com/claudioed/network-fulfillment/internal/application/usecases/unit_of_work.go:14.2,14.16 1 0
github.com/claudioed/network-fulfillment/internal/application/usecases/unit_of_work.go:15.3,16.1 1 0
github.com/claudioed/network-fulfillment/internal/application/usecases/unit_of_work.go:17.2,17.29 1 0
github.com/claudioed/network-fulfillment/internal/domain/capabilityoffer/capability_offer.go:83.2,83.15 1 0
github.com/claudioed/network-fulfillment/internal/domain/capabilityoffer/capability_offer.go:84.3,85.1 1 0
github.com/claudioed/network-fulfillment/internal/domain/capabilityoffer/capability_offer.go:86.2,86.18 1 0
github.com/claudioed/network-fulfillment/internal/domain/capabilityoffer/capability_offer.go:87.3,88.1 1 0
github.com/claudioed/network-fulfillment/internal/domain/capabilityoffer/capability_offer.go:89.2,89.28 1 0
github.com/claudioed/network-fulfillment/internal/domain/capabilityoffer/capability_offer.go:90.3,91.1 1 0
github.com/claudioed/network-fulfillment/internal/domain/capabilityoffer/capability_offer.go:92.2,92.44 1 0
github.com/claudioed/network-fulfillment/internal/domain/capabilityoffer/capability_offer.go:93.3,94.1 1 0
github.com/claudioed/network-fulfillment/internal/domain/capabilityoffer/capability_offer.go:95.2,95.15 1 0
github.com/claudioed/network-fulfillment/internal/domain/capabilityoffer/capability_offer.go:96.49,96.49 0 0
github.com/claudioed/network-fulfillment/internal/domain/capabilityoffer/capability_offer.go:98.3,98.44 1 0
github.com/claudioed/network-fulfillment/internal/domain/capabilityoffer/capability_offer.go:100.2,106.8 1 0
github.com/claudioed/network-fulfillment/internal/domain/capabilityoffer/capability_offer.go:122.2,122.65 1 0
github.com/claudioed/network-fulfillment/internal/domain/capabilityoffer/capability_offer.go:123.3,124.1 1 0
github.com/claudioed/network-fulfillment/internal/domain/capabilityoffer/capability_offer.go:125.2,126.13 2 0
github.com/claudioed/network-fulfillment/internal/domain/capabilityoffer/capability_offer.go:127.3,128.1 1 0
github.com/claudioed/network-fulfillment/internal/domain/capabilityoffer/capability_offer.go:129.2,129.89 1 0
github.com/claudioed/network-fulfillment/internal/domain/capabilityoffer/capability_offer.go:132.53,132.67 1 0
github.com/claudioed/network-fulfillment/internal/domain/capabilityoffer/capability_offer.go:133.53,133.70 1 0
github.com/claudioed/network-fulfillment/internal/domain/capabilityoffer/capability_offer.go:134.53,134.82 1 0
github.com/claudioed/network-fulfillment/internal/domain/capabilityoffer/capability_offer.go:135.53,135.69 1 0
github.com/claudioed/network-fulfillment/internal/domain/capabilityoffer/capability_offer.go:136.53,136.74 1 0
github.com/claudioed/network-fulfillment/internal/domain/networkorder/network_order.go:96.2,96.15 1 0
github.com/claudioed/network-fulfillment/internal/domain/networkorder/network_order.go:97.3,98.1 1 0
github.com/claudioed/network-fulfillment/internal/domain/networkorder/network_order.go:99.2,99.21 1 0
github.com/claudioed/network-fulfillment/internal/domain/networkorder/network_order.go:100.3,101.1 1 0
github.com/claudioed/network-fulfillment/internal/domain/networkorder/network_order.go:102.2,102.15 1 0
github.com/claudioed/network-fulfillment/internal/domain/networkorder/network_order.go:103.3,104.1 1 0
github.com/claudioed/network-fulfillment/internal/domain/networkorder/network_order.go:105.2,105.19 1 0
github.com/claudioed/network-fulfillment/internal/domain/networkorder/network_order.go:106.3,107.1 1 0
github.com/claudioed/network-fulfillment/internal/domain/networkorder/network_order.go:108.2,108.98 1 0
github.com/claudioed/network-fulfillment/internal/domain/networkorder/network_order.go:111.60,111.85 1 0
github.com/claudioed/network-fulfillment/internal/domain/networkorder/network_order.go:112.60,112.87 1 0
github.com/claudioed/network-fulfillment/internal/domain/networkorder/network_order.go:113.60,113.74 1 0
github.com/claudioed/network-fulfillment/internal/domain/networkorder/network_order.go:114.60,114.79 1 0
github.com/claudioed/network-fulfillment/internal/domain/networkorder/network_order.go:156.2,156.15 1 0
github.com/claudioed/network-fulfillment/internal/domain/networkorder/network_order.go:157.3,158.1 1 0
github.com/claudioed/network-fulfillment/internal/domain/networkorder/network_order.go:159.2,159.21 1 0
github.com/claudioed/network-fulfillment/internal/domain/networkorder/network_order.go:160.3,161.1 1 0
github.com/claudioed/network-fulfillment/internal/domain/networkorder/network_order.go:162.2,170.8 1 0
github.com/claudioed/network-fulfillment/internal/domain/networkorder/network_order.go:192.2,192.15 1 0
github.com/claudioed/network-fulfillment/internal/domain/networkorder/network_order.go:193.3,194.1 1 0
github.com/claudioed/network-fulfillment/internal/domain/networkorder/network_order.go:195.2,202.8 1 0
github.com/claudioed/network-fulfillment/internal/domain/networkorder/network_order.go:211.2,211.25 1 0
github.com/claudioed/network-fulfillment/internal/domain/networkorder/network_order.go:212.3,213.1 1 0
github.com/claudioed/network-fulfillment/internal/domain/networkorder/network_order.go:214.2,215.12 2 0
github.com/claudioed/network-fulfillment/internal/domain/networkorder/network_order.go:224.2,224.31 1 0
github.com/claudioed/network-fulfillment/internal/domain/networkorder/network_order.go:225.3,226.1 1 0
github.com/claudioed/network-fulfillment/internal/domain/networkorder/network_order.go:227.2,228.12 2 0
github.com/claudioed/network-fulfillment/internal/domain/networkorder/network_order.go:238.2,238.35 1 0
github.com/claudioed/network-fulfillment/internal/domain/networkorder/network_order.go:239.3,240.1 1 0
github.com/claudioed/network-fulfillment/internal/domain/networkorder/network_order.go:241.2,241.35 1 0
github.com/claudioed/network-fulfillment/internal/domain/networkorder/network_order.go:250.2,250.54 1 0
github.com/claudioed/network-fulfillment/internal/domain/networkorder/network_order.go:251.3,252.1 1 0
github.com/claudioed/network-fulfillment/internal/domain/networkorder/network_order.go:253.2,254.12 2 0
github.com/claudioed/network-fulfillment/internal/domain/networkorder/network_order.go:263.2,263.63 1 0
github.com/claudioed/network-fulfillment/internal/domain/networkorder/network_order.go:264.3,265.1 1 0
github.com/claudioed/network-fulfillment/internal/domain/networkorder/network_order.go:266.2,266.27 1 0
github.com/claudioed/network-fulfillment/internal/domain/networkorder/network_order.go:267.3,268.1 1 0
github.com/claudioed/network-fulfillment/internal/domain/networkorder/network_order.go:269.2,270.12 2 0
github.com/claudioed/network-fulfillment/internal/domain/networkorder/network_order.go:276.2,276.34 1 0
github.com/claudioed/network-fulfillment/internal/domain/networkorder/network_order.go:277.3,278.1 1 0
github.com/claudioed/network-fulfillment/internal/domain/networkorder/network_order.go:279.2,280.12 2 0
github.com/claudioed/network-fulfillment/internal/domain/networkorder/network_order.go:287.2,288.1 1 0
github.com/claudioed/network-fulfillment/internal/domain/networkorder/network_order.go:296.2,297.28 2 0
github.com/claudioed/network-fulfillment/internal/domain/networkorder/network_order.go:298.3,299.1 1 0
github.com/claudioed/network-fulfillment/internal/domain/networkorder/network_order.go:300.2,300.12 1 0
github.com/claudioed/network-fulfillment/internal/domain/networkorder/network_order.go:303.57,303.78 1 0
github.com/claudioed/network-fulfillment/internal/domain/networkorder/network_order.go:304.57,304.74 1 0
github.com/claudioed/network-fulfillment/internal/domain/networkorder/network_order.go:305.57,305.82 1 0
github.com/claudioed/network-fulfillment/internal/domain/networkorder/network_order.go:306.57,306.81 1 0
github.com/claudioed/network-fulfillment/internal/domain/networkorder/network_order.go:307.57,307.73 1 0
github.com/claudioed/network-fulfillment/internal/domain/networkorder/network_order.go:308.57,308.78 1 0
github.com/claudioed/network-fulfillment/internal/domain/networkorder/network_order.go:310.2,311.1 1 0
github.com/claudioed/network-fulfillment/internal/domain/networkorder/network_order.go:317.2,320.1 3 0
github.com/claudioed/network-fulfillment/internal/domain/networkorder/network_order.go:333.2,342.1 1 0
github.com/claudioed/network-fulfillment/internal/domain/shared/events.go:32.56,32.87 1 0
github.com/claudioed/network-fulfillment/internal/domain/shared/events.go:33.56,33.69 1 0
github.com/claudioed/network-fulfillment/internal/domain/shared/events.go:49.60,49.95 1 0
github.com/claudioed/network-fulfillment/internal/domain/shared/events.go:50.60,50.73 1 0
github.com/claudioed/network-fulfillment/internal/domain/shared/events.go:92.56,92.87 1 0
github.com/claudioed/network-fulfillment/internal/domain/shared/events.go:93.56,93.69 1 0
github.com/claudioed/network-fulfillment/internal/domain/shared/events.go:112.65,112.105 1 0
github.com/claudioed/network-fulfillment/internal/domain/shared/events.go:113.65,113.78 1 0
github.com/claudioed/network-fulfillment/internal/domain/shared/events.go:130.65,130.105 1 0
github.com/claudioed/network-fulfillment/internal/domain/shared/events.go:131.65,131.78 1 0
github.com/claudioed/network-fulfillment/internal/application/usecases/confirm_network_order_shipment.go:47.2,48.16 2 7
github.com/claudioed/network-fulfillment/internal/application/usecases/confirm_network_order_shipment.go:49.3,50.1 1 0
github.com/claudioed/network-fulfillment/internal/application/usecases/confirm_network_order_shipment.go:51.2,51.14 1 7
github.com/claudioed/network-fulfillment/internal/application/usecases/confirm_network_order_shipment.go:52.3,53.1 1 1
github.com/claudioed/network-fulfillment/internal/application/usecases/confirm_network_order_shipment.go:54.2,54.46 1 6
github.com/claudioed/network-fulfillment/internal/application/usecases/confirm_network_order_shipment.go:55.3,56.1 1 1
github.com/claudioed/network-fulfillment/internal/application/usecases/confirm_network_order_shipment.go:58.2,58.44 1 5
github.com/claudioed/network-fulfillment/internal/application/usecases/confirm_network_order_shipment.go:59.3,60.1 1 1
github.com/claudioed/network-fulfillment/internal/application/usecases/confirm_network_order_shipment.go:62.2,64.39 3 4
github.com/claudioed/network-fulfillment/internal/application/usecases/confirm_network_order_shipment.go:65.3,66.1 1 4
github.com/claudioed/network-fulfillment/internal/application/usecases/confirm_network_order_shipment.go:68.2,68.75 1 4
github.com/claudioed/network-fulfillment/internal/application/usecases/confirm_network_order_shipment.go:69.3,69.48 1 4
github.com/claudioed/network-fulfillment/internal/application/usecases/confirm_network_order_shipment.go:70.4,71.1 1 0
github.com/claudioed/network-fulfillment/internal/application/usecases/confirm_network_order_shipment.go:72.3,77.5 1 4
github.com/claudioed/network-fulfillment/internal/application/usecases/confirm_network_order_shipment.go:79.3,80.1 1 1
github.com/claudioed/network-fulfillment/internal/application/usecases/confirm_network_order_shipment.go:82.2,82.83 1 3
github.com/claudioed/network-fulfillment/internal/application/usecases/confirm_network_order_shipment.go:83.3,84.1 1 1
github.com/claudioed/network-fulfillment/internal/application/usecases/confirm_network_order_shipment.go:85.2,85.15 1 2
github.com/claudioed/network-fulfillment/internal/application/usecases/receive_network_demand.go:67.2,68.1 2 41
github.com/claudioed/network-fulfillment/internal/application/usecases/receive_network_demand.go:74.2,74.78 2 41
github.com/claudioed/network-fulfillment/internal/application/usecases/receive_network_demand.go:75.3,76.1 1 1
github.com/claudioed/network-fulfillment/internal/application/usecases/receive_network_demand.go:76.9,76.28 1 40
github.com/claudioed/network-fulfillment/internal/application/usecases/receive_network_demand.go:77.3,78.1 1 2
github.com/claudioed/network-fulfillment/internal/application/usecases/receive_network_demand.go:80.2,81.1 2 38
github.com/claudioed/network-fulfillment/internal/application/usecases/receive_network_demand.go:86.2,86.27 2 38
github.com/claudioed/network-fulfillment/internal/application/usecases/receive_network_demand.go:87.3,87.59 1 6
github.com/claudioed/network-fulfillment/internal/application/usecases/receive_network_demand.go:88.4,89.1 1 2
github.com/claudioed/network-fulfillment/internal/application/usecases/receive_network_demand.go:90.3,90.51 1 4
github.com/claudioed/network-fulfillment/internal/application/usecases/receive_network_demand.go:93.2,94.16 2 32
github.com/claudioed/network-fulfillment/internal/application/usecases/receive_network_demand.go:95.3,96.1 1 1
github.com/claudioed/network-fulfillment/internal/application/usecases/receive_network_demand.go:97.2,97.75 1 31
github.com/claudioed/network-fulfillment/internal/application/usecases/receive_network_demand.go:98.3,99.1 1 3
github.com/claudioed/network-fulfillment/internal/application/usecases/receive_network_demand.go:101.2,106.16 2 28
github.com/claudioed/network-fulfillment/internal/application/usecases/receive_network_demand.go:107.3,108.1 1 1
github.com/claudioed/network-fulfillment/internal/application/usecases/receive_network_demand.go:110.2,110.22 1 27
github.com/claudioed/network-fulfillment/internal/application/usecases/receive_network_demand.go:111.3,112.1 1 6
github.com/claudioed/network-fulfillment/internal/application/usecases/receive_network_demand.go:113.2,113.39 1 21
github.com/claudioed/network-fulfillment/internal/application/usecases/receive_network_demand.go:125.2,125.72 1 34
github.com/claudioed/network-fulfillment/internal/application/usecases/receive_network_demand.go:126.3,126.48 1 33
github.com/claudioed/network-fulfillment/internal/application/usecases/receive_network_demand.go:127.4,128.1 1 1
github.com/claudioed/network-fulfillment/internal/application/usecases/receive_network_demand.go:129.3,136.5 1 32
github.com/claudioed/network-fulfillment/internal/application/usecases/receive_network_demand.go:143.2,144.33 2 38
github.com/claudioed/network-fulfillment/internal/application/usecases/receive_network_demand.go:145.3,146.17 2 40
github.com/claudioed/network-fulfillment/internal/application/usecases/receive_network_demand.go:147.4,148.1 1 5
github.com/claudioed/network-fulfillment/internal/application/usecases/receive_network_demand.go:149.3,150.17 2 35
github.com/claudioed/network-fulfillment/internal/application/usecases/receive_network_demand.go:151.4,152.1 1 1
github.com/claudioed/network-fulfillment/internal/application/usecases/receive_network_demand.go:153.3,153.30 1 34
github.com/claudioed/network-fulfillment/internal/application/usecases/receive_network_demand.go:155.2,155.19 1 32
github.com/claudioed/network-fulfillment/internal/application/usecases/receive_network_demand.go:163.2,164.16 2 4
github.com/claudioed/network-fulfillment/internal/application/usecases/receive_network_demand.go:165.3,166.1 1 1
github.com/claudioed/network-fulfillment/internal/application/usecases/receive_network_demand.go:167.2,167.66 1 3
github.com/claudioed/network-fulfillment/internal/application/usecases/receive_network_demand.go:168.3,169.1 1 0
github.com/claudioed/network-fulfillment/internal/application/usecases/receive_network_demand.go:170.2,170.72 1 3
github.com/claudioed/network-fulfillment/internal/application/usecases/receive_network_demand.go:186.2,186.18 1 9
github.com/claudioed/network-fulfillment/internal/application/usecases/receive_network_demand.go:187.3,187.65 1 6
github.com/claudioed/network-fulfillment/internal/application/usecases/receive_network_demand.go:188.4,189.1 1 1
github.com/claudioed/network-fulfillment/internal/application/usecases/receive_network_demand.go:191.2,191.35 1 8
github.com/claudioed/network-fulfillment/internal/application/usecases/receive_network_demand.go:192.3,193.1 1 0
github.com/claudioed/network-fulfillment/internal/application/usecases/receive_network_demand.go:194.2,194.75 1 8
github.com/claudioed/network-fulfillment/internal/application/usecases/receive_network_demand.go:195.3,195.48 1 8
github.com/claudioed/network-fulfillment/internal/application/usecases/receive_network_demand.go:196.4,197.1 1 0
github.com/claudioed/network-fulfillment/internal/application/usecases/receive_network_demand.go:198.3,203.5 1 8
github.com/claudioed/network-fulfillment/internal/application/usecases/receive_network_demand.go:205.3,206.1 1 1
github.com/claudioed/network-fulfillment/internal/application/usecases/receive_network_demand.go:207.2,207.85 1 7
github.com/claudioed/network-fulfillment/internal/application/usecases/receive_network_demand.go:208.3,209.1 1 1
github.com/claudioed/network-fulfillment/internal/application/usecases/receive_network_demand.go:210.2,210.15 1 6
github.com/claudioed/network-fulfillment/internal/application/usecases/receive_network_demand.go:224.2,224.35 1 21
github.com/claudioed/network-fulfillment/internal/application/usecases/receive_network_demand.go:225.3,226.1 1 0
github.com/claudioed/network-fulfillment/internal/application/usecases/receive_network_demand.go:227.2,227.62 1 21
github.com/claudioed/network-fulfillment/internal/application/usecases/receive_network_demand.go:228.3,229.1 1 0
github.com/claudioed/network-fulfillment/internal/application/usecases/receive_network_demand.go:230.2,230.75 1 21
github.com/claudioed/network-fulfillment/internal/application/usecases/receive_network_demand.go:231.3,231.48 1 21
github.com/claudioed/network-fulfillment/internal/application/usecases/receive_network_demand.go:232.4,233.1 1 0
github.com/claudioed/network-fulfillment/internal/application/usecases/receive_network_demand.go:234.3,240.5 1 21
github.com/claudioed/network-fulfillment/internal/application/usecases/receive_network_demand.go:242.3,243.1 1 2
github.com/claudioed/network-fulfillment/internal/application/usecases/receive_network_demand.go:244.2,244.84 1 19
github.com/claudioed/network-fulfillment/internal/application/usecases/receive_network_demand.go:245.3,246.1 1 1
github.com/claudioed/network-fulfillment/internal/application/usecases/receive_network_demand.go:253.2,253.15 1 18
github.com/claudioed/network-fulfillment/internal/application/usecases/recompute_capability_offers.go:64.2,65.16 2 8
github.com/claudioed/network-fulfillment/internal/application/usecases/recompute_capability_offers.go:66.3,67.1 1 1
github.com/claudioed/network-fulfillment/internal/application/usecases/recompute_capability_offers.go:69.2,71.1 4 7
github.com/claudioed/network-fulfillment/internal/application/usecases/recompute_capability_offers.go:72.2,73.27 4 7
github.com/claudioed/network-fulfillment/internal/application/usecases/recompute_capability_offers.go:74.3,75.1 3 8
github.com/claudioed/network-fulfillment/internal/application/usecases/recompute_capability_offers.go:76.3,77.17 3 8
github.com/claudioed/network-fulfillment/internal/application/usecases/recompute_capability_offers.go:78.4,78.23 1 1
github.com/claudioed/network-fulfillment/internal/application/usecases/recompute_capability_offers.go:79.5,81.1 1 0
github.com/claudioed/network-fulfillment/internal/application/usecases/recompute_capability_offers.go:82.4,82.12 1 1
github.com/claudioed/network-fulfillment/internal/application/usecases/recompute_capability_offers.go:85.3,86.1 3 7
github.com/claudioed/network-fulfillment/internal/application/usecases/recompute_capability_offers.go:87.3,88.17 3 7
github.com/claudioed/network-fulfillment/internal/application/usecases/recompute_capability_offers.go:89.4,89.23 1 0
github.com/claudioed/network-fulfillment/internal/application/usecases/recompute_capability_offers.go:90.5,92.1 1 0
github.com/claudioed/network-fulfillment/internal/application/usecases/recompute_capability_offers.go:93.4,93.12 1 0
github.com/claudioed/network-fulfillment/internal/application/usecases/recompute_capability_offers.go:95.3,95.66 1 7
github.com/claudioed/network-fulfillment/internal/application/usecases/recompute_capability_offers.go:96.4,97.1 1 3
github.com/claudioed/network-fulfillment/internal/application/usecases/recompute_capability_offers.go:98.3,98.51 1 7
github.com/claudioed/network-fulfillment/internal/application/usecases/recompute_capability_offers.go:99.4,99.23 1 1
github.com/claudioed/network-fulfillment/internal/application/usecases/recompute_capability_offers.go:100.5,102.1 1 0
github.com/claudioed/network-fulfillment/internal/application/usecases/recompute_capability_offers.go:103.4,103.12 1 1
github.com/claudioed/network-fulfillment/internal/application/usecases/recompute_capability_offers.go:106.2,106.17 1 7
github.com/claudioed/network-fulfillment/internal/application/usecases/recompute_capability_offers.go:116.2,116.18 1 7
github.com/claudioed/network-fulfillment/internal/application/usecases/recompute_capability_offers.go:117.3,118.1 1 3
github.com/claudioed/network-fulfillment/internal/application/usecases/recompute_capability_offers.go:119.2,121.31 3 4
github.com/claudioed/network-fulfillment/internal/application/usecases/recompute_capability_offers.go:122.3,123.13 2 6
github.com/claudioed/network-fulfillment/internal/application/usecases/recompute_capability_offers.go:124.4,124.12 1 2
github.com/claudioed/network-fulfillment/internal/application/usecases/recompute_capability_offers.go:126.3,127.17 2 4
github.com/claudioed/network-fulfillment/internal/application/usecases/recompute_capability_offers.go:129.2,129.24 1 4
github.com/claudioed/network-fulfillment/internal/application/usecases/reconcile_submitted_orders.go:43.2,44.16 2 8
github.com/claudioed/network-fulfillment/internal/application/usecases/reconcile_submitted_orders.go:45.3,46.1 1 0
github.com/claudioed/network-fulfillment/internal/application/usecases/reconcile_submitted_orders.go:48.2,49.30 2 8
github.com/claudioed/network-fulfillment/internal/application/usecases/reconcile_submitted_orders.go:50.3,51.17 2 8
github.com/claudioed/network-fulfillment/internal/application/usecases/reconcile_submitted_orders.go:56.4,56.12 1 0
github.com/claudioed/network-fulfillment/internal/application/usecases/reconcile_submitted_orders.go:58.3,58.17 1 8
github.com/claudioed/network-fulfillment/internal/application/usecases/reconcile_submitted_orders.go:60.4,60.45 1 6
github.com/claudioed/network-fulfillment/internal/application/usecases/reconcile_submitted_orders.go:61.5,61.13 1 1
github.com/claudioed/network-fulfillment/internal/application/usecases/reconcile_submitted_orders.go:63.4,63.19 1 5
github.com/claudioed/network-fulfillment/internal/application/usecases/reconcile_submitted_orders.go:65.4,65.42 1 1
github.com/claudioed/network-fulfillment/internal/application/usecases/reconcile_submitted_orders.go:66.5,66.13 1 0
github.com/claudioed/network-fulfillment/internal/application/usecases/reconcile_submitted_orders.go:68.4,68.16 1 1
github.com/claudioed/network-fulfillment/internal/application/usecases/reconcile_submitted_orders.go:70.4,70.17 1 1
github.com/claudioed/network-fulfillment/internal/application/usecases/reconcile_submitted_orders.go:73.2,73.17 1 8
github.com/claudioed/network-fulfillment/internal/application/usecases/reconcile_submitted_orders.go:81.2,81.51 1 6
github.com/claudioed/network-fulfillment/internal/application/usecases/reconcile_submitted_orders.go:82.3,83.1 1 0
github.com/claudioed/network-fulfillment/internal/application/usecases/reconcile_submitted_orders.go:84.2,84.75 1 6
github.com/claudioed/network-fulfillment/internal/application/usecases/reconcile_submitted_orders.go:85.3,86.1 1 6
github.com/claudioed/network-fulfillment/internal/application/usecases/reconcile_submitted_orders.go:87.3,88.1 1 0
github.com/claudioed/network-fulfillment/internal/application/usecases/reconcile_submitted_orders.go:89.2,89.45 1 6
github.com/claudioed/network-fulfillment/internal/application/usecases/reconcile_submitted_orders.go:90.3,91.1 1 6
github.com/claudioed/network-fulfillment/internal/application/usecases/reconcile_submitted_orders.go:92.2,92.12 1 0
github.com/claudioed/network-fulfillment/internal/application/usecases/reconcile_submitted_orders.go:101.2,101.45 1 1
github.com/claudioed/network-fulfillment/internal/application/usecases/reconcile_submitted_orders.go:102.3,102.65 1 1
github.com/claudioed/network-fulfillment/internal/application/usecases/reconcile_submitted_orders.go:103.4,104.1 1 0
github.com/claudioed/network-fulfillment/internal/application/usecases/reconcile_submitted_orders.go:106.2,106.35 1 1
github.com/claudioed/network-fulfillment/internal/application/usecases/reconcile_submitted_orders.go:107.3,108.1 1 0
github.com/claudioed/network-fulfillment/internal/application/usecases/reconcile_submitted_orders.go:109.2,109.72 1 1
github.com/claudioed/network-fulfillment/internal/application/usecases/reconcile_submitted_orders.go:110.3,110.48 1 1
github.com/claudioed/network-fulfillment/internal/application/usecases/reconcile_submitted_orders.go:111.4,112.1 1 0
github.com/claudioed/network-fulfillment/internal/application/usecases/reconcile_submitted_orders.go:113.3,118.5 1 1
github.com/claudioed/network-fulfillment/internal/application/usecases/reject_overdue_orders.go:46.2,47.1 3 7
github.com/claudioed/network-fulfillment/internal/application/usecases/reject_overdue_orders.go:48.2,49.16 3 7
github.com/claudioed/network-fulfillment/internal/application/usecases/reject_overdue_orders.go:50.3,51.1 1 1
github.com/claudioed/network-fulfillment/internal/application/usecases/reject_overdue_orders.go:53.2,54.31 2 6
github.com/claudioed/network-fulfillment/internal/application/usecases/reject_overdue_orders.go:55.3,55.37 1 7
github.com/claudioed/network-fulfillment/internal/application/usecases/reject_overdue_orders.go:56.4,56.12 1 0
github.com/claudioed/network-fulfillment/internal/application/usecases/reject_overdue_orders.go:58.3,58.46 1 7
github.com/claudioed/network-fulfillment/internal/application/usecases/reject_overdue_orders.go:64.4,64.12 1 4
github.com/claudioed/network-fulfillment/internal/application/usecases/reject_overdue_orders.go:66.3,66.17 1 3
github.com/claudioed/network-fulfillment/internal/application/usecases/reject_overdue_orders.go:68.2,68.17 1 6
github.com/claudioed/network-fulfillment/internal/application/usecases/reject_overdue_orders.go:75.2,75.45 1 7
github.com/claudioed/network-fulfillment/internal/application/usecases/reject_overdue_orders.go:76.3,76.65 1 6
github.com/claudioed/network-fulfillment/internal/application/usecases/reject_overdue_orders.go:77.4,78.1 1 2
github.com/claudioed/network-fulfillment/internal/application/usecases/reject_overdue_orders.go:80.2,80.35 1 5
github.com/claudioed/network-fulfillment/internal/application/usecases/reject_overdue_orders.go:81.3,82.1 1 0
github.com/claudioed/network-fulfillment/internal/application/usecases/reject_overdue_orders.go:86.2,86.72 1 5
github.com/claudioed/network-fulfillment/internal/application/usecases/reject_overdue_orders.go:87.3,87.48 1 5
github.com/claudioed/network-fulfillment/internal/application/usecases/reject_overdue_orders.go:88.4,89.1 1 1
github.com/claudioed/network-fulfillment/internal/application/usecases/reject_overdue_orders.go:90.3,95.5 1 4
github.com/claudioed/network-fulfillment/internal/application/usecases/sweep_acknowledgement_deadlines.go:39.2,40.1 3 6
github.com/claudioed/network-fulfillment/internal/application/usecases/sweep_acknowledgement_deadlines.go:41.2,42.16 3 6
github.com/claudioed/network-fulfillment/internal/application/usecases/sweep_acknowledgement_deadlines.go:43.3,44.1 1 0
github.com/claudioed/network-fulfillment/internal/application/usecases/sweep_acknowledgement_deadlines.go:46.2,47.31 2 6
github.com/claudioed/network-fulfillment/internal/application/usecases/sweep_acknowledgement_deadlines.go:48.3,48.37 1 4
github.com/claudioed/network-fulfillment/internal/application/usecases/sweep_acknowledgement_deadlines.go:49.4,49.12 1 1
github.com/claudioed/network-fulfillment/internal/application/usecases/sweep_acknowledgement_deadlines.go:54.3,59.18 1 3
github.com/claudioed/network-fulfillment/internal/application/usecases/sweep_acknowledgement_deadlines.go:60.4,60.12 1 1
github.com/claudioed/network-fulfillment/internal/application/usecases/sweep_acknowledgement_deadlines.go:62.3,62.15 1 2
github.com/claudioed/network-fulfillment/internal/application/usecases/sweep_acknowledgement_deadlines.go:64.2,64.17 1 6
github.com/claudioed/network-fulfillment/internal/application/usecases/unit_of_work.go:14.2,14.16 1 79
github.com/claudioed/network-fulfillment/internal/application/usecases/unit_of_work.go:15.3,16.1 1 72
github.com/claudioed/network-fulfillment/internal/application/usecases/unit_of_work.go:17.2,17.29 1 7
github.com/claudioed/network-fulfillment/internal/domain/capabilityoffer/capability_offer.go:83.2,83.15 1 7
github.com/claudioed/network-fulfillment/internal/domain/capabilityoffer/capability_offer.go:84.3,85.1 1 0
github.com/claudioed/network-fulfillment/internal/domain/capabilityoffer/capability_offer.go:86.2,86.18 1 7
github.com/claudioed/network-fulfillment/internal/domain/capabilityoffer/capability_offer.go:87.3,88.1 1 0
github.com/claudioed/network-fulfillment/internal/domain/capabilityoffer/capability_offer.go:89.2,89.28 1 7
github.com/claudioed/network-fulfillment/internal/domain/capabilityoffer/capability_offer.go:90.3,91.1 1 0
github.com/claudioed/network-fulfillment/internal/domain/capabilityoffer/capability_offer.go:92.2,92.44 1 7
github.com/claudioed/network-fulfillment/internal/domain/capabilityoffer/capability_offer.go:93.3,94.1 1 0
github.com/claudioed/network-fulfillment/internal/domain/capabilityoffer/capability_offer.go:95.2,95.15 1 7
github.com/claudioed/network-fulfillment/internal/domain/capabilityoffer/capability_offer.go:96.49,96.49 0 7
github.com/claudioed/network-fulfillment/internal/domain/capabilityoffer/capability_offer.go:98.3,98.44 1 0
github.com/claudioed/network-fulfillment/internal/domain/capabilityoffer/capability_offer.go:100.2,106.8 1 7
github.com/claudioed/network-fulfillment/internal/domain/capabilityoffer/capability_offer.go:122.2,122.65 1 7
github.com/claudioed/network-fulfillment/internal/domain/capabilityoffer/capability_offer.go:123.3,124.1 1 4
github.com/claudioed/network-fulfillment/internal/domain/capabilityoffer/capability_offer.go:125.2,126.13 2 3
github.com/claudioed/network-fulfillment/internal/domain/capabilityoffer/capability_offer.go:127.3,128.1 1 0
github.com/claudioed/network-fulfillment/internal/domain/capabilityoffer/capability_offer.go:129.2,129.89 1 3
github.com/claudioed/network-fulfillment/internal/domain/capabilityoffer/capability_offer.go:132.53,132.67 1 1
github.com/claudioed/network-fulfillment/internal/domain/capabilityoffer/capability_offer.go:133.53,133.70 1 0
github.com/claudioed/network-fulfillment/internal/domain/capabilityoffer/capability_offer.go:134.53,134.82 1 5
github.com/claudioed/network-fulfillment/internal/domain/capabilityoffer/capability_offer.go:135.53,135.69 1 10
github.com/claudioed/network-fulfillment/internal/domain/capabilityoffer/capability_offer.go:136.53,136.74 1 0
github.com/claudioed/network-fulfillment/internal/domain/networkorder/network_order.go:96.2,96.15 1 47
github.com/claudioed/network-fulfillment/internal/domain/networkorder/network_order.go:97.3,98.1 1 0
github.com/claudioed/network-fulfillment/internal/domain/networkorder/network_order.go:99.2,99.21 1 47
github.com/claudioed/network-fulfillment/internal/domain/networkorder/network_order.go:100.3,101.1 1 0
github.com/claudioed/network-fulfillment/internal/domain/networkorder/network_order.go:102.2,102.15 1 47
github.com/claudioed/network-fulfillment/internal/domain/networkorder/network_order.go:103.3,104.1 1 0
github.com/claudioed/network-fulfillment/internal/domain/networkorder/network_order.go:105.2,105.19 1 47
github.com/claudioed/network-fulfillment/internal/domain/networkorder/network_order.go:106.3,107.1 1 1
github.com/claudioed/network-fulfillment/internal/domain/networkorder/network_order.go:108.2,108.98 1 46
github.com/claudioed/network-fulfillment/internal/domain/networkorder/network_order.go:111.60,111.85 1 0
github.com/claudioed/network-fulfillment/internal/domain/networkorder/network_order.go:112.60,112.87 1 0
github.com/claudioed/network-fulfillment/internal/domain/networkorder/network_order.go:113.60,113.74 1 0
github.com/claudioed/network-fulfillment/internal/domain/networkorder/network_order.go:114.60,114.79 1 0
github.com/claudioed/network-fulfillment/internal/domain/networkorder/network_order.go:156.2,156.15 1 33
github.com/claudioed/network-fulfillment/internal/domain/networkorder/network_order.go:157.3,158.1 1 0
github.com/claudioed/network-fulfillment/internal/domain/networkorder/network_order.go:159.2,159.21 1 33
github.com/claudioed/network-fulfillment/internal/domain/networkorder/network_order.go:160.3,161.1 1 1
github.com/claudioed/network-fulfillment/internal/domain/networkorder/network_order.go:162.2,170.8 1 32
github.com/claudioed/network-fulfillment/internal/domain/networkorder/network_order.go:192.2,192.15 1 5
github.com/claudioed/network-fulfillment/internal/domain/networkorder/network_order.go:193.3,194.1 1 2
github.com/claudioed/network-fulfillment/internal/domain/networkorder/network_order.go:195.2,202.8 1 3
github.com/claudioed/network-fulfillment/internal/domain/networkorder/network_order.go:211.2,211.25 1 22
github.com/claudioed/network-fulfillment/internal/domain/networkorder/network_order.go:212.3,213.1 1 0
github.com/claudioed/network-fulfillment/internal/domain/networkorder/network_order.go:214.2,215.12 2 22
github.com/claudioed/network-fulfillment/internal/domain/networkorder/network_order.go:224.2,224.31 1 7
github.com/claudioed/network-fulfillment/internal/domain/networkorder/network_order.go:225.3,226.1 1 0
github.com/claudioed/network-fulfillment/internal/domain/networkorder/network_order.go:227.2,228.12 2 7
github.com/claudioed/network-fulfillment/internal/domain/networkorder/network_order.go:238.2,238.35 1 0
github.com/claudioed/network-fulfillment/internal/domain/networkorder/network_order.go:239.3,240.1 1 0
github.com/claudioed/network-fulfillment/internal/domain/networkorder/network_order.go:241.2,241.35 1 0
github.com/claudioed/network-fulfillment/internal/domain/networkorder/network_order.go:250.2,250.54 1 14
github.com/claudioed/network-fulfillment/internal/domain/networkorder/network_order.go:251.3,252.1 1 0
github.com/claudioed/network-fulfillment/internal/domain/networkorder/network_order.go:253.2,254.12 2 14
github.com/claudioed/network-fulfillment/internal/domain/networkorder/network_order.go:263.2,263.63 1 22
github.com/claudioed/network-fulfillment/internal/domain/networkorder/network_order.go:264.3,265.1 1 0
github.com/claudioed/network-fulfillment/internal/domain/networkorder/network_order.go:266.2,266.27 1 22
github.com/claudioed/network-fulfillment/internal/domain/networkorder/network_order.go:267.3,268.1 1 0
github.com/claudioed/network-fulfillment/internal/domain/networkorder/network_order.go:269.2,270.12 2 22
github.com/claudioed/network-fulfillment/internal/domain/networkorder/network_order.go:276.2,276.34 1 5
github.com/claudioed/network-fulfillment/internal/domain/networkorder/network_order.go:277.3,278.1 1 1
github.com/claudioed/network-fulfillment/internal/domain/networkorder/network_order.go:279.2,280.12 2 4
github.com/claudioed/network-fulfillment/internal/domain/networkorder/network_order.go:287.2,288.1 1 11
github.com/claudioed/network-fulfillment/internal/domain/networkorder/network_order.go:296.2,297.28 2 28
github.com/claudioed/network-fulfillment/internal/domain/networkorder/network_order.go:298.3,299.1 1 30
github.com/claudioed/network-fulfillment/internal/domain/networkorder/network_order.go:300.2,300.12 1 28
github.com/claudioed/network-fulfillment/internal/domain/networkorder/network_order.go:303.57,303.78 1 197
github.com/claudioed/network-fulfillment/internal/domain/networkorder/network_order.go:304.57,304.74 1 101
github.com/claudioed/network-fulfillment/internal/domain/networkorder/network_order.go:305.57,305.82 1 60
github.com/claudioed/network-fulfillment/internal/domain/networkorder/network_order.go:306.57,306.81 1 36
github.com/claudioed/network-fulfillment/internal/domain/networkorder/network_order.go:307.57,307.73 1 47
github.com/claudioed/network-fulfillment/internal/domain/networkorder/network_order.go:308.57,308.78 1 22
github.com/claudioed/network-fulfillment/internal/domain/networkorder/network_order.go:310.2,311.1 1 21
github.com/claudioed/network-fulfillment/internal/domain/networkorder/network_order.go:317.2,320.1 3 0
github.com/claudioed/network-fulfillment/internal/domain/networkorder/network_order.go:333.2,342.1 1 11
github.com/claudioed/network-fulfillment/internal/domain/shared/events.go:32.56,32.87 1 0
github.com/claudioed/network-fulfillment/internal/domain/shared/events.go:33.56,33.69 1 0
github.com/claudioed/network-fulfillment/internal/domain/shared/events.go:49.60,49.95 1 0
github.com/claudioed/network-fulfillment/internal/domain/shared/events.go:50.60,50.73 1 0
github.com/claudioed/network-fulfillment/internal/domain/shared/events.go:92.56,92.87 1 0
github.com/claudioed/network-fulfillment/internal/domain/shared/events.go:93.56,93.69 1 0
github.com/claudioed/network-fulfillment/internal/domain/shared/events.go:112.65,112.105 1 0
github.com/claudioed/network-fulfillment/internal/domain/shared/events.go:113.65,113.78 1 0
github.com/claudioed/network-fulfillment/internal/domain/shared/events.go:130.65,130.105 1 0
github.com/claudioed/network-fulfillment/internal/domain/shared/events.go:131.65,131.78 1 0
github.com/claudioed/network-fulfillment/internal/application/usecases/confirm_network_order_shipment.go:47.2,48.16 2 0
github.com/claudioed/network-fulfillment/internal/application/usecases/confirm_network_order_shipment.go:49.3,50.1 1 0
github.com/claudioed/network-fulfillment/internal/application/usecases/confirm_network_order_shipment.go:51.2,51.14 1 0
github.com/claudioed/network-fulfillment/internal/application/usecases/confirm_network_order_shipment.go:52.3,53.1 1 0
github.com/claudioed/network-fulfillment/internal/application/usecases/confirm_network_order_shipment.go:54.2,54.46 1 0
github.com/claudioed/network-fulfillment/internal/application/usecases/confirm_network_order_shipment.go:55.3,56.1 1 0
github.com/claudioed/network-fulfillment/internal/application/usecases/confirm_network_order_shipment.go:58.2,58.44 1 0
github.com/claudioed/network-fulfillment/internal/application/usecases/confirm_network_order_shipment.go:59.3,60.1 1 0
github.com/claudioed/network-fulfillment/internal/application/usecases/confirm_network_order_shipment.go:62.2,64.39 3 0
github.com/claudioed/network-fulfillment/internal/application/usecases/confirm_network_order_shipment.go:65.3,66.1 1 0
github.com/claudioed/network-fulfillment/internal/application/usecases/confirm_network_order_shipment.go:68.2,68.75 1 0
github.com/claudioed/network-fulfillment/internal/application/usecases/confirm_network_order_shipment.go:69.3,69.48 1 0
github.com/claudioed/network-fulfillment/internal/application/usecases/confirm_network_order_shipment.go:70.4,71.1 1 0
github.com/claudioed/network-fulfillment/internal/application/usecases/confirm_network_order_shipment.go:72.3,77.5 1 0
github.com/claudioed/network-fulfillment/internal/application/usecases/confirm_network_order_shipment.go:79.3,80.1 1 0
github.com/claudioed/network-fulfillment/internal/application/usecases/confirm_network_order_shipment.go:82.2,82.83 1 0
github.com/claudioed/network-fulfillment/internal/application/usecases/confirm_network_order_shipment.go:83.3,84.1 1 0
github.com/claudioed/network-fulfillment/internal/application/usecases/confirm_network_order_shipment.go:85.2,85.15 1 0
github.com/claudioed/network-fulfillment/internal/application/usecases/receive_network_demand.go:67.2,68.1 2 0
github.com/claudioed/network-fulfillment/internal/application/usecases/receive_network_demand.go:74.2,74.78 2 0
github.com/claudioed/network-fulfillment/internal/application/usecases/receive_network_demand.go:75.3,76.1 1 0
github.com/claudioed/network-fulfillment/internal/application/usecases/receive_network_demand.go:76.9,76.28 1 0
github.com/claudioed/network-fulfillment/internal/application/usecases/receive_network_demand.go:77.3,78.1 1 0
github.com/claudioed/network-fulfillment/internal/application/usecases/receive_network_demand.go:80.2,81.1 2 0
github.com/claudioed/network-fulfillment/internal/application/usecases/receive_network_demand.go:86.2,86.27 2 0
github.com/claudioed/network-fulfillment/internal/application/usecases/receive_network_demand.go:87.3,87.59 1 0
github.com/claudioed/network-fulfillment/internal/application/usecases/receive_network_demand.go:88.4,89.1 1 0
github.com/claudioed/network-fulfillment/internal/application/usecases/receive_network_demand.go:90.3,90.51 1 0
github.com/claudioed/network-fulfillment/internal/application/usecases/receive_network_demand.go:93.2,94.16 2 0
github.com/claudioed/network-fulfillment/internal/application/usecases/receive_network_demand.go:95.3,96.1 1 0
github.com/claudioed/network-fulfillment/internal/application/usecases/receive_network_demand.go:97.2,97.75 1 0
github.com/claudioed/network-fulfillment/internal/application/usecases/receive_network_demand.go:98.3,99.1 1 0
github.com/claudioed/network-fulfillment/internal/application/usecases/receive_network_demand.go:101.2,106.16 2 0
github.com/claudioed/network-fulfillment/internal/application/usecases/receive_network_demand.go:107.3,108.1 1 0
github.com/claudioed/network-fulfillment/internal/application/usecases/receive_network_demand.go:110.2,110.22 1 0
github.com/claudioed/network-fulfillment/internal/application/usecases/receive_network_demand.go:111.3,112.1 1 0
github.com/claudioed/network-fulfillment/internal/application/usecases/receive_network_demand.go:113.2,113.39 1 0
github.com/claudioed/network-fulfillment/internal/application/usecases/receive_network_demand.go:125.2,125.72 1 0
github.com/claudioed/network-fulfillment/internal/application/usecases/receive_network_demand.go:126.3,126.48 1 0
github.com/claudioed/network-fulfillment/internal/application/usecases/receive_network_demand.go:127.4,128.1 1 0
github.com/claudioed/network-fulfillment/internal/application/usecases/receive_network_demand.go:129.3,136.5 1 0
github.com/claudioed/network-fulfillment/internal/application/usecases/receive_network_demand.go:143.2,144.33 2 0
github.com/claudioed/network-fulfillment/internal/application/usecases/receive_network_demand.go:145.3,146.17 2 0
github.com/claudioed/network-fulfillment/internal/application/usecases/receive_network_demand.go:147.4,148.1 1 0
github.com/claudioed/network-fulfillment/internal/application/usecases/receive_network_demand.go:149.3,150.17 2 0
github.com/claudioed/network-fulfillment/internal/application/usecases/receive_network_demand.go:151.4,152.1 1 0
github.com/claudioed/network-fulfillment/internal/application/usecases/receive_network_demand.go:153.3,153.30 1 0
github.com/claudioed/network-fulfillment/internal/application/usecases/receive_network_demand.go:155.2,155.19 1 0
github.com/claudioed/network-fulfillment/internal/application/usecases/receive_network_demand.go:163.2,164.16 2 0
github.com/claudioed/network-fulfillment/internal/application/usecases/receive_network_demand.go:165.3,166.1 1 0
github.com/claudioed/network-fulfillment/internal/application/usecases/receive_network_demand.go:167.2,167.66 1 0
github.com/claudioed/network-fulfillment/internal/application/usecases/receive_network_demand.go:168.3,169.1 1 0
github.com/claudioed/network-fulfillment/internal/application/usecases/receive_network_demand.go:170.2,170.72 1 0
github.com/claudioed/network-fulfillment/internal/application/usecases/receive_network_demand.go:186.2,186.18 1 0
github.com/claudioed/network-fulfillment/internal/application/usecases/receive_network_demand.go:187.3,187.65 1 0
github.com/claudioed/network-fulfillment/internal/application/usecases/receive_network_demand.go:188.4,189.1 1 0
github.com/claudioed/network-fulfillment/internal/application/usecases/receive_network_demand.go:191.2,191.35 1 0
github.com/claudioed/network-fulfillment/internal/application/usecases/receive_network_demand.go:192.3,193.1 1 0
github.com/claudioed/network-fulfillment/internal/application/usecases/receive_network_demand.go:194.2,194.75 1 0
github.com/claudioed/network-fulfillment/internal/application/usecases/receive_network_demand.go:195.3,195.48 1 0
github.com/claudioed/network-fulfillment/internal/application/usecases/receive_network_demand.go:196.4,197.1 1 0
github.com/claudioed/network-fulfillment/internal/application/usecases/receive_network_demand.go:198.3,203.5 1 0
github.com/claudioed/network-fulfillment/internal/application/usecases/receive_network_demand.go:205.3,206.1 1 0
github.com/claudioed/network-fulfillment/internal/application/usecases/receive_network_demand.go:207.2,207.85 1 0
github.com/claudioed/network-fulfillment/internal/application/usecases/receive_network_demand.go:208.3,209.1 1 0
github.com/claudioed/network-fulfillment/internal/application/usecases/receive_network_demand.go:210.2,210.15 1 0
github.com/claudioed/network-fulfillment/internal/application/usecases/receive_network_demand.go:224.2,224.35 1 0
github.com/claudioed/network-fulfillment/internal/application/usecases/receive_network_demand.go:225.3,226.1 1 0
github.com/claudioed/network-fulfillment/internal/application/usecases/receive_network_demand.go:227.2,227.62 1 0
github.com/claudioed/network-fulfillment/internal/application/usecases/receive_network_demand.go:228.3,229.1 1 0
github.com/claudioed/network-fulfillment/internal/application/usecases/receive_network_demand.go:230.2,230.75 1 0
github.com/claudioed/network-fulfillment/internal/application/usecases/receive_network_demand.go:231.3,231.48 1 0
github.com/claudioed/network-fulfillment/internal/application/usecases/receive_network_demand.go:232.4,233.1 1 0
github.com/claudioed/network-fulfillment/internal/application/usecases/receive_network_demand.go:234.3,240.5 1 0
github.com/claudioed/network-fulfillment/internal/application/usecases/receive_network_demand.go:242.3,243.1 1 0
github.com/claudioed/network-fulfillment/internal/application/usecases/receive_network_demand.go:244.2,244.84 1 0
github.com/claudioed/network-fulfillment/internal/application/usecases/receive_network_demand.go:245.3,246.1 1 0
github.com/claudioed/network-fulfillment/internal/application/usecases/receive_network_demand.go:253.2,253.15 1 0
github.com/claudioed/network-fulfillment/internal/application/usecases/recompute_capability_offers.go:64.2,65.16 2 0
github.com/claudioed/network-fulfillment/internal/application/usecases/recompute_capability_offers.go:66.3,67.1 1 0
github.com/claudioed/network-fulfillment/internal/application/usecases/recompute_capability_offers.go:69.2,71.1 4 0
github.com/claudioed/network-fulfillment/internal/application/usecases/recompute_capability_offers.go:72.2,73.27 4 0
github.com/claudioed/network-fulfillment/internal/application/usecases/recompute_capability_offers.go:74.3,75.1 3 0
github.com/claudioed/network-fulfillment/internal/application/usecases/recompute_capability_offers.go:76.3,77.17 3 0
github.com/claudioed/network-fulfillment/internal/application/usecases/recompute_capability_offers.go:78.4,78.23 1 0
github.com/claudioed/network-fulfillment/internal/application/usecases/recompute_capability_offers.go:79.5,81.1 1 0
github.com/claudioed/network-fulfillment/internal/application/usecases/recompute_capability_offers.go:82.4,82.12 1 0
github.com/claudioed/network-fulfillment/internal/application/usecases/recompute_capability_offers.go:85.3,86.1 3 0
github.com/claudioed/network-fulfillment/internal/application/usecases/recompute_capability_offers.go:87.3,88.17 3 0
github.com/claudioed/network-fulfillment/internal/application/usecases/recompute_capability_offers.go:89.4,89.23 1 0
github.com/claudioed/network-fulfillment/internal/application/usecases/recompute_capability_offers.go:90.5,92.1 1 0
github.com/claudioed/network-fulfillment/internal/application/usecases/recompute_capability_offers.go:93.4,93.12 1 0
github.com/claudioed/network-fulfillment/internal/application/usecases/recompute_capability_offers.go:95.3,95.66 1 0
github.com/claudioed/network-fulfillment/internal/application/usecases/recompute_capability_offers.go:96.4,97.1 1 0
github.com/claudioed/network-fulfillment/internal/application/usecases/recompute_capability_offers.go:98.3,98.51 1 0
github.com/claudioed/network-fulfillment/internal/application/usecases/recompute_capability_offers.go:99.4,99.23 1 0
github.com/claudioed/network-fulfillment/internal/application/usecases/recompute_capability_offers.go:100.5,102.1 1 0
github.com/claudioed/network-fulfillment/internal/application/usecases/recompute_capability_offers.go:103.4,103.12 1 0
github.com/claudioed/network-fulfillment/internal/application/usecases/recompute_capability_offers.go:106.2,106.17 1 0
github.com/claudioed/network-fulfillment/internal/application/usecases/recompute_capability_offers.go:116.2,116.18 1 0
github.com/claudioed/network-fulfillment/internal/application/usecases/recompute_capability_offers.go:117.3,118.1 1 0
github.com/claudioed/network-fulfillment/internal/application/usecases/recompute_capability_offers.go:119.2,121.31 3 0
github.com/claudioed/network-fulfillment/internal/application/usecases/recompute_capability_offers.go:122.3,123.13 2 0
github.com/claudioed/network-fulfillment/internal/application/usecases/recompute_capability_offers.go:124.4,124.12 1 0
github.com/claudioed/network-fulfillment/internal/application/usecases/recompute_capability_offers.go:126.3,127.17 2 0
github.com/claudioed/network-fulfillment/internal/application/usecases/recompute_capability_offers.go:129.2,129.24 1 0
github.com/claudioed/network-fulfillment/internal/application/usecases/reconcile_submitted_orders.go:43.2,44.16 2 0
github.com/claudioed/network-fulfillment/internal/application/usecases/reconcile_submitted_orders.go:45.3,46.1 1 0
github.com/claudioed/network-fulfillment/internal/application/usecases/reconcile_submitted_orders.go:48.2,49.30 2 0
github.com/claudioed/network-fulfillment/internal/application/usecases/reconcile_submitted_orders.go:50.3,51.17 2 0
github.com/claudioed/network-fulfillment/internal/application/usecases/reconcile_submitted_orders.go:56.4,56.12 1 0
github.com/claudioed/network-fulfillment/internal/application/usecases/reconcile_submitted_orders.go:58.3,58.17 1 0
github.com/claudioed/network-fulfillment/internal/application/usecases/reconcile_submitted_orders.go:60.4,60.45 1 0
github.com/claudioed/network-fulfillment/internal/application/usecases/reconcile_submitted_orders.go:61.5,61.13 1 0
github.com/claudioed/network-fulfillment/internal/application/usecases/reconcile_submitted_orders.go:63.4,63.19 1 0
github.com/claudioed/network-fulfillment/internal/application/usecases/reconcile_submitted_orders.go:65.4,65.42 1 0
github.com/claudioed/network-fulfillment/internal/application/usecases/reconcile_submitted_orders.go:66.5,66.13 1 0
github.com/claudioed/network-fulfillment/internal/application/usecases/reconcile_submitted_orders.go:68.4,68.16 1 0
github.com/claudioed/network-fulfillment/internal/application/usecases/reconcile_submitted_orders.go:70.4,70.17 1 0
github.com/claudioed/network-fulfillment/internal/application/usecases/reconcile_submitted_orders.go:73.2,73.17 1 0
github.com/claudioed/network-fulfillment/internal/application/usecases/reconcile_submitted_orders.go:81.2,81.51 1 0
github.com/claudioed/network-fulfillment/internal/application/usecases/reconcile_submitted_orders.go:82.3,83.1 1 0
github.com/claudioed/network-fulfillment/internal/application/usecases/reconcile_submitted_orders.go:84.2,84.75 1 0
github.com/claudioed/network-fulfillment/internal/application/usecases/reconcile_submitted_orders.go:85.3,86.1 1 0
github.com/claudioed/network-fulfillment/internal/application/usecases/reconcile_submitted_orders.go:87.3,88.1 1 0
github.com/claudioed/network-fulfillment/internal/application/usecases/reconcile_submitted_orders.go:89.2,89.45 1 0
github.com/claudioed/network-fulfillment/internal/application/usecases/reconcile_submitted_orders.go:90.3,91.1 1 0
github.com/claudioed/network-fulfillment/internal/application/usecases/reconcile_submitted_orders.go:92.2,92.12 1 0
github.com/claudioed/network-fulfillment/internal/application/usecases/reconcile_submitted_orders.go:101.2,101.45 1 0
github.com/claudioed/network-fulfillment/internal/application/usecases/reconcile_submitted_orders.go:102.3,102.65 1 0
github.com/claudioed/network-fulfillment/internal/application/usecases/reconcile_submitted_orders.go:103.4,104.1 1 0
github.com/claudioed/network-fulfillment/internal/application/usecases/reconcile_submitted_orders.go:106.2,106.35 1 0
github.com/claudioed/network-fulfillment/internal/application/usecases/reconcile_submitted_orders.go:107.3,108.1 1 0
github.com/claudioed/network-fulfillment/internal/application/usecases/reconcile_submitted_orders.go:109.2,109.72 1 0
github.com/claudioed/network-fulfillment/internal/application/usecases/reconcile_submitted_orders.go:110.3,110.48 1 0
github.com/claudioed/network-fulfillment/internal/application/usecases/reconcile_submitted_orders.go:111.4,112.1 1 0
github.com/claudioed/network-fulfillment/internal/application/usecases/reconcile_submitted_orders.go:113.3,118.5 1 0
github.com/claudioed/network-fulfillment/internal/application/usecases/reject_overdue_orders.go:46.2,47.1 3 0
github.com/claudioed/network-fulfillment/internal/application/usecases/reject_overdue_orders.go:48.2,49.16 3 0
github.com/claudioed/network-fulfillment/internal/application/usecases/reject_overdue_orders.go:50.3,51.1 1 0
github.com/claudioed/network-fulfillment/internal/application/usecases/reject_overdue_orders.go:53.2,54.31 2 0
github.com/claudioed/network-fulfillment/internal/application/usecases/reject_overdue_orders.go:55.3,55.37 1 0
github.com/claudioed/network-fulfillment/internal/application/usecases/reject_overdue_orders.go:56.4,56.12 1 0
github.com/claudioed/network-fulfillment/internal/application/usecases/reject_overdue_orders.go:58.3,58.46 1 0
github.com/claudioed/network-fulfillment/internal/application/usecases/reject_overdue_orders.go:64.4,64.12 1 0
github.com/claudioed/network-fulfillment/internal/application/usecases/reject_overdue_orders.go:66.3,66.17 1 0
github.com/claudioed/network-fulfillment/internal/application/usecases/reject_overdue_orders.go:68.2,68.17 1 0
github.com/claudioed/network-fulfillment/internal/application/usecases/reject_overdue_orders.go:75.2,75.45 1 0
github.com/claudioed/network-fulfillment/internal/application/usecases/reject_overdue_orders.go:76.3,76.65 1 0
github.com/claudioed/network-fulfillment/internal/application/usecases/reject_overdue_orders.go:77.4,78.1 1 0
github.com/claudioed/network-fulfillment/internal/application/usecases/reject_overdue_orders.go:80.2,80.35 1 0
github.com/claudioed/network-fulfillment/internal/application/usecases/reject_overdue_orders.go:81.3,82.1 1 0
github.com/claudioed/network-fulfillment/internal/application/usecases/reject_overdue_orders.go:86.2,86.72 1 0
github.com/claudioed/network-fulfillment/internal/application/usecases/reject_overdue_orders.go:87.3,87.48 1 0
github.com/claudioed/network-fulfillment/internal/application/usecases/reject_overdue_orders.go:88.4,89.1 1 0
github.com/claudioed/network-fulfillment/internal/application/usecases/reject_overdue_orders.go:90.3,95.5 1 0
github.com/claudioed/network-fulfillment/internal/application/usecases/sweep_acknowledgement_deadlines.go:39.2,40.1 3 0
github.com/claudioed/network-fulfillment/internal/application/usecases/sweep_acknowledgement_deadlines.go:41.2,42.16 3 0
github.com/claudioed/network-fulfillment/internal/application/usecases/sweep_acknowledgement_deadlines.go:43.3,44.1 1 0
github.com/claudioed/network-fulfillment/internal/application/usecases/sweep_acknowledgement_deadlines.go:46.2,47.31 2 0
github.com/claudioed/network-fulfillment/internal/application/usecases/sweep_acknowledgement_deadlines.go:48.3,48.37 1 0
github.com/claudioed/network-fulfillment/internal/application/usecases/sweep_acknowledgement_deadlines.go:49.4,49.12 1 0
github.com/claudioed/network-fulfillment/internal/application/usecases/sweep_acknowledgement_deadlines.go:54.3,59.18 1 0
github.com/claudioed/network-fulfillment/internal/application/usecases/sweep_acknowledgement_deadlines.go:60.4,60.12 1 0
github.com/claudioed/network-fulfillment/internal/application/usecases/sweep_acknowledgement_deadlines.go:62.3,62.15 1 0
github.com/claudioed/network-fulfillment/internal/application/usecases/sweep_acknowledgement_deadlines.go:64.2,64.17 1 0
github.com/claudioed/network-fulfillment/internal/application/usecases/unit_of_work.go:14.2,14.16 1 0
github.com/claudioed/network-fulfillment/internal/application/usecases/unit_of_work.go:15.3,16.1 1 0
github.com/claudioed/network-fulfillment/internal/application/usecases/unit_of_work.go:17.2,17.29 1 0
github.com/claudioed/network-fulfillment/internal/domain/capabilityoffer/capability_offer.go:83.2,83.15 1 0
github.com/claudioed/network-fulfillment/internal/domain/capabilityoffer/capability_offer.go:84.3,85.1 1 0
github.com/claudioed/network-fulfillment/internal/domain/capabilityoffer/capability_offer.go:86.2,86.18 1 0
github.com/claudioed/network-fulfillment/internal/domain/capabilityoffer/capability_offer.go:87.3,88.1 1 0
github.com/claudioed/network-fulfillment/internal/domain/capabilityoffer/capability_offer.go:89.2,89.28 1 0
github.com/claudioed/network-fulfillment/internal/domain/capabilityoffer/capability_offer.go:90.3,91.1 1 0
github.com/claudioed/network-fulfillment/internal/domain/capabilityoffer/capability_offer.go:92.2,92.44 1 0
github.com/claudioed/network-fulfillment/internal/domain/capabilityoffer/capability_offer.go:93.3,94.1 1 0
github.com/claudioed/network-fulfillment/internal/domain/capabilityoffer/capability_offer.go:95.2,95.15 1 0
github.com/claudioed/network-fulfillment/internal/domain/capabilityoffer/capability_offer.go:96.49,96.49 0 0
github.com/claudioed/network-fulfillment/internal/domain/capabilityoffer/capability_offer.go:98.3,98.44 1 0
github.com/claudioed/network-fulfillment/internal/domain/capabilityoffer/capability_offer.go:100.2,106.8 1 0
github.com/claudioed/network-fulfillment/internal/domain/capabilityoffer/capability_offer.go:122.2,122.65 1 0
github.com/claudioed/network-fulfillment/internal/domain/capabilityoffer/capability_offer.go:123.3,124.1 1 0
github.com/claudioed/network-fulfillment/internal/domain/capabilityoffer/capability_offer.go:125.2,126.13 2 0
github.com/claudioed/network-fulfillment/internal/domain/capabilityoffer/capability_offer.go:127.3,128.1 1 0
github.com/claudioed/network-fulfillment/internal/domain/capabilityoffer/capability_offer.go:129.2,129.89 1 0
github.com/claudioed/network-fulfillment/internal/domain/capabilityoffer/capability_offer.go:132.53,132.67 1 0
github.com/claudioed/network-fulfillment/internal/domain/capabilityoffer/capability_offer.go:133.53,133.70 1 0
github.com/claudioed/network-fulfillment/internal/domain/capabilityoffer/capability_offer.go:134.53,134.82 1 0
github.com/claudioed/network-fulfillment/internal/domain/capabilityoffer/capability_offer.go:135.53,135.69 1 0
github.com/claudioed/network-fulfillment/internal/domain/capabilityoffer/capability_offer.go:136.53,136.74 1 0
github.com/claudioed/network-fulfillment/internal/domain/networkorder/network_order.go:96.2,96.15 1 0
github.com/claudioed/network-fulfillment/internal/domain/networkorder/network_order.go:97.3,98.1 1 0
github.com/claudioed/network-fulfillment/internal/domain/networkorder/network_order.go:99.2,99.21 1 0
github.com/claudioed/network-fulfillment/internal/domain/networkorder/network_order.go:100.3,101.1 1 0
github.com/claudioed/network-fulfillment/internal/domain/networkorder/network_order.go:102.2,102.15 1 0
github.com/claudioed/network-fulfillment/internal/domain/networkorder/network_order.go:103.3,104.1 1 0
github.com/claudioed/network-fulfillment/internal/domain/networkorder/network_order.go:105.2,105.19 1 0
github.com/claudioed/network-fulfillment/internal/domain/networkorder/network_order.go:106.3,107.1 1 0
github.com/claudioed/network-fulfillment/internal/domain/networkorder/network_order.go:108.2,108.98 1 0
github.com/claudioed/network-fulfillment/internal/domain/networkorder/network_order.go:111.60,111.85 1 0
github.com/claudioed/network-fulfillment/internal/domain/networkorder/network_order.go:112.60,112.87 1 0
github.com/claudioed/network-fulfillment/internal/domain/networkorder/network_order.go:113.60,113.74 1 0
github.com/claudioed/network-fulfillment/internal/domain/networkorder/network_order.go:114.60,114.79 1 0
github.com/claudioed/network-fulfillment/internal/domain/networkorder/network_order.go:156.2,156.15 1 0
github.com/claudioed/network-fulfillment/internal/domain/networkorder/network_order.go:157.3,158.1 1 0
github.com/claudioed/network-fulfillment/internal/domain/networkorder/network_order.go:159.2,159.21 1 0
github.com/claudioed/network-fulfillment/internal/domain/networkorder/network_order.go:160.3,161.1 1 0
github.com/claudioed/network-fulfillment/internal/domain/networkorder/network_order.go:162.2,170.8 1 0
github.com/claudioed/network-fulfillment/internal/domain/networkorder/network_order.go:192.2,192.15 1 0
github.com/claudioed/network-fulfillment/internal/domain/networkorder/network_order.go:193.3,194.1 1 0
github.com/claudioed/network-fulfillment/internal/domain/networkorder/network_order.go:195.2,202.8 1 0
github.com/claudioed/network-fulfillment/internal/domain/networkorder/network_order.go:211.2,211.25 1 0
github.com/claudioed/network-fulfillment/internal/domain/networkorder/network_order.go:212.3,213.1 1 0
github.com/claudioed/network-fulfillment/internal/domain/networkorder/network_order.go:214.2,215.12 2 0
github.com/claudioed/network-fulfillment/internal/domain/networkorder/network_order.go:224.2,224.31 1 0
github.com/claudioed/network-fulfillment/internal/domain/networkorder/network_order.go:225.3,226.1 1 0
github.com/claudioed/network-fulfillment/internal/domain/networkorder/network_order.go:227.2,228.12 2 0
github.com/claudioed/network-fulfillment/internal/domain/networkorder/network_order.go:238.2,238.35 1 0
github.com/claudioed/network-fulfillment/internal/domain/networkorder/network_order.go:239.3,240.1 1 0
github.com/claudioed/network-fulfillment/internal/domain/networkorder/network_order.go:241.2,241.35 1 0
github.com/claudioed/network-fulfillment/internal/domain/networkorder/network_order.go:250.2,250.54 1 0
github.com/claudioed/network-fulfillment/internal/domain/networkorder/network_order.go:251.3,252.1 1 0
github.com/claudioed/network-fulfillment/internal/domain/networkorder/network_order.go:253.2,254.12 2 0
github.com/claudioed/network-fulfillment/internal/domain/networkorder/network_order.go:263.2,263.63 1 0
github.com/claudioed/network-fulfillment/internal/domain/networkorder/network_order.go:264.3,265.1 1 0
github.com/claudioed/network-fulfillment/internal/domain/networkorder/network_order.go:266.2,266.27 1 0
github.com/claudioed/network-fulfillment/internal/domain/networkorder/network_order.go:267.3,268.1 1 0
github.com/claudioed/network-fulfillment/internal/domain/networkorder/network_order.go:269.2,270.12 2 0
github.com/claudioed/network-fulfillment/internal/domain/networkorder/network_order.go:276.2,276.34 1 0
github.com/claudioed/network-fulfillment/internal/domain/networkorder/network_order.go:277.3,278.1 1 0
github.com/claudioed/network-fulfillment/internal/domain/networkorder/network_order.go:279.2,280.12 2 0
github.com/claudioed/network-fulfillment/internal/domain/networkorder/network_order.go:287.2,288.1 1 0
github.com/claudioed/network-fulfillment/internal/domain/networkorder/network_order.go:296.2,297.28 2 0
github.com/claudioed/network-fulfillment/internal/domain/networkorder/network_order.go:298.3,299.1 1 0
github.com/claudioed/network-fulfillment/internal/domain/networkorder/network_order.go:300.2,300.12 1 0
github.com/claudioed/network-fulfillment/internal/domain/networkorder/network_order.go:303.57,303.78 1 0
github.com/claudioed/network-fulfillment/internal/domain/networkorder/network_order.go:304.57,304.74 1 0
github.com/claudioed/network-fulfillment/internal/domain/networkorder/network_order.go:305.57,305.82 1 0
github.com/claudioed/network-fulfillment/internal/domain/networkorder/network_order.go:306.57,306.81 1 0
github.com/claudioed/network-fulfillment/internal/domain/networkorder/network_order.go:307.57,307.73 1 0
github.com/claudioed/network-fulfillment/internal/domain/networkorder/network_order.go:308.57,308.78 1 0
github.com/claudioed/network-fulfillment/internal/domain/networkorder/network_order.go:310.2,311.1 1 0
github.com/claudioed/network-fulfillment/internal/domain/networkorder/network_order.go:317.2,320.1 3 0
github.com/claudioed/network-fulfillment/internal/domain/networkorder/network_order.go:333.2,342.1 1 0
github.com/claudioed/network-fulfillment/internal/domain/shared/events.go:32.56,32.87 1 0
github.com/claudioed/network-fulfillment/internal/domain/shared/events.go:33.56,33.69 1 0
github.com/claudioed/network-fulfillment/internal/domain/shared/events.go:49.60,49.95 1 0
github.com/claudioed/network-fulfillment/internal/domain/shared/events.go:50.60,50.73 1 0
github.com/claudioed/network-fulfillment/internal/domain/shared/events.go:92.56,92.87 1 0
github.com/claudioed/network-fulfillment/internal/domain/shared/events.go:93.56,93.69 1 0
github.com/claudioed/network-fulfillment/internal/domain/shared/events.go:112.65,112.105 1 0
github.com/claudioed/network-fulfillment/internal/domain/shared/events.go:113.65,113.78 1 0
github.com/claudioed/network-fulfillment/internal/domain/shared/events.go:130.65,130.105 1 0
github.com/claudioed/network-fulfillment/internal/domain/shared/events.go:131.65,131.78 1 0
github.com/claudioed/network-fulfillment/internal/application/usecases/confirm_network_order_shipment.go:47.2,48.16 2 0
github.com/claudioed/network-fulfillment/internal/application/usecases/confirm_network_order_shipment.go:49.3,50.1 1 0
github.com/claudioed/network-fulfillment/internal/application/usecases/confirm_network_order_shipment.go:51.2,51.14 1 0
github.com/claudioed/network-fulfillment/internal/application/usecases/confirm_network_order_shipment.go:52.3,53.1 1 0
github.com/claudioed/network-fulfillment/internal/application/usecases/confirm_network_order_shipment.go:54.2,54.46 1 0
github.com/claudioed/network-fulfillment/internal/application/usecases/confirm_network_order_shipment.go:55.3,56.1 1 0
github.com/claudioed/network-fulfillment/internal/application/usecases/confirm_network_order_shipment.go:58.2,58.44 1 0
github.com/claudioed/network-fulfillment/internal/application/usecases/confirm_network_order_shipment.go:59.3,60.1 1 0
github.com/claudioed/network-fulfillment/internal/application/usecases/confirm_network_order_shipment.go:62.2,64.39 3 0
github.com/claudioed/network-fulfillment/internal/application/usecases/confirm_network_order_shipment.go:65.3,66.1 1 0
github.com/claudioed/network-fulfillment/internal/application/usecases/confirm_network_order_shipment.go:68.2,68.75 1 0
github.com/claudioed/network-fulfillment/internal/application/usecases/confirm_network_order_shipment.go:69.3,69.48 1 0
github.com/claudioed/network-fulfillment/internal/application/usecases/confirm_network_order_shipment.go:70.4,71.1 1 0
github.com/claudioed/network-fulfillment/internal/application/usecases/confirm_network_order_shipment.go:72.3,77.5 1 0
github.com/claudioed/network-fulfillment/internal/application/usecases/confirm_network_order_shipment.go:79.3,80.1 1 0
github.com/claudioed/network-fulfillment/internal/application/usecases/confirm_network_order_shipment.go:82.2,82.83 1 0
github.com/claudioed/network-fulfillment/internal/application/usecases/confirm_network_order_shipment.go:83.3,84.1 1 0
github.com/claudioed/network-fulfillment/internal/application/usecases/confirm_network_order_shipment.go:85.2,85.15 1 0
github.com/claudioed/network-fulfillment/internal/application/usecases/receive_network_demand.go:67.2,68.1 2 0
github.com/claudioed/network-fulfillment/internal/application/usecases/receive_network_demand.go:74.2,74.78 2 0
github.com/claudioed/network-fulfillment/internal/application/usecases/receive_network_demand.go:75.3,76.1 1 0
github.com/claudioed/network-fulfillment/internal/application/usecases/receive_network_demand.go:76.9,76.28 1 0
github.com/claudioed/network-fulfillment/internal/application/usecases/receive_network_demand.go:77.3,78.1 1 0
github.com/claudioed/network-fulfillment/internal/application/usecases/receive_network_demand.go:80.2,81.1 2 0
github.com/claudioed/network-fulfillment/internal/application/usecases/receive_network_demand.go:86.2,86.27 2 0
github.com/claudioed/network-fulfillment/internal/application/usecases/receive_network_demand.go:87.3,87.59 1 0
github.com/claudioed/network-fulfillment/internal/application/usecases/receive_network_demand.go:88.4,89.1 1 0
github.com/claudioed/network-fulfillment/internal/application/usecases/receive_network_demand.go:90.3,90.51 1 0
github.com/claudioed/network-fulfillment/internal/application/usecases/receive_network_demand.go:93.2,94.16 2 0
github.com/claudioed/network-fulfillment/internal/application/usecases/receive_network_demand.go:95.3,96.1 1 0
github.com/claudioed/network-fulfillment/internal/application/usecases/receive_network_demand.go:97.2,97.75 1 0
github.com/claudioed/network-fulfillment/internal/application/usecases/receive_network_demand.go:98.3,99.1 1 0
github.com/claudioed/network-fulfillment/internal/application/usecases/receive_network_demand.go:101.2,106.16 2 0
github.com/claudioed/network-fulfillment/internal/application/usecases/receive_network_demand.go:107.3,108.1 1 0
github.com/claudioed/network-fulfillment/internal/application/usecases/receive_network_demand.go:110.2,110.22 1 0
github.com/claudioed/network-fulfillment/internal/application/usecases/receive_network_demand.go:111.3,112.1 1 0
github.com/claudioed/network-fulfillment/internal/application/usecases/receive_network_demand.go:113.2,113.39 1 0
github.com/claudioed/network-fulfillment/internal/application/usecases/receive_network_demand.go:125.2,125.72 1 0
github.com/claudioed/network-fulfillment/internal/application/usecases/receive_network_demand.go:126.3,126.48 1 0
github.com/claudioed/network-fulfillment/internal/application/usecases/receive_network_demand.go:127.4,128.1 1 0
github.com/claudioed/network-fulfillment/internal/application/usecases/receive_network_demand.go:129.3,136.5 1 0
github.com/claudioed/network-fulfillment/internal/application/usecases/receive_network_demand.go:143.2,144.33 2 0
github.com/claudioed/network-fulfillment/internal/application/usecases/receive_network_demand.go:145.3,146.17 2 0
github.com/claudioed/network-fulfillment/internal/application/usecases/receive_network_demand.go:147.4,148.1 1 0
github.com/claudioed/network-fulfillment/internal/application/usecases/receive_network_demand.go:149.3,150.17 2 0
github.com/claudioed/network-fulfillment/internal/application/usecases/receive_network_demand.go:151.4,152.1 1 0
github.com/claudioed/network-fulfillment/internal/application/usecases/receive_network_demand.go:153.3,153.30 1 0
github.com/claudioed/network-fulfillment/internal/application/usecases/receive_network_demand.go:155.2,155.19 1 0
github.com/claudioed/network-fulfillment/internal/application/usecases/receive_network_demand.go:163.2,164.16 2 0
github.com/claudioed/network-fulfillment/internal/application/usecases/receive_network_demand.go:165.3,166.1 1 0
github.com/claudioed/network-fulfillment/internal/application/usecases/receive_network_demand.go:167.2,167.66 1 0
github.com/claudioed/network-fulfillment/internal/application/usecases/receive_network_demand.go:168.3,169.1 1 0
github.com/claudioed/network-fulfillment/internal/application/usecases/receive_network_demand.go:170.2,170.72 1 0
github.com/claudioed/network-fulfillment/internal/application/usecases/receive_network_demand.go:186.2,186.18 1 0
github.com/claudioed/network-fulfillment/internal/application/usecases/receive_network_demand.go:187.3,187.65 1 0
github.com/claudioed/network-fulfillment/internal/application/usecases/receive_network_demand.go:188.4,189.1 1 0
github.com/claudioed/network-fulfillment/internal/application/usecases/receive_network_demand.go:191.2,191.35 1 0
github.com/claudioed/network-fulfillment/internal/application/usecases/receive_network_demand.go:192.3,193.1 1 0
github.com/claudioed/network-fulfillment/internal/application/usecases/receive_network_demand.go:194.2,194.75 1 0
github.com/claudioed/network-fulfillment/internal/application/usecases/receive_network_demand.go:195.3,195.48 1 0
github.com/claudioed/network-fulfillment/internal/application/usecases/receive_network_demand.go:196.4,197.1 1 0
github.com/claudioed/network-fulfillment/internal/application/usecases/receive_network_demand.go:198.3,203.5 1 0
github.com/claudioed/network-fulfillment/internal/application/usecases/receive_network_demand.go:205.3,206.1 1 0
github.com/claudioed/network-fulfillment/internal/application/usecases/receive_network_demand.go:207.2,207.85 1 0
github.com/claudioed/network-fulfillment/internal/application/usecases/receive_network_demand.go:208.3,209.1 1 0
github.com/claudioed/network-fulfillment/internal/application/usecases/receive_network_demand.go:210.2,210.15 1 0
github.com/claudioed/network-fulfillment/internal/application/usecases/receive_network_demand.go:224.2,224.35 1 0
github.com/claudioed/network-fulfillment/internal/application/usecases/receive_network_demand.go:225.3,226.1 1 0
github.com/claudioed/network-fulfillment/internal/application/usecases/receive_network_demand.go:227.2,227.62 1 0
github.com/claudioed/network-fulfillment/internal/application/usecases/receive_network_demand.go:228.3,229.1 1 0
github.com/claudioed/network-fulfillment/internal/application/usecases/receive_network_demand.go:230.2,230.75 1 0
github.com/claudioed/network-fulfillment/internal/application/usecases/receive_network_demand.go:231.3,231.48 1 0
github.com/claudioed/network-fulfillment/internal/application/usecases/receive_network_demand.go:232.4,233.1 1 0
github.com/claudioed/network-fulfillment/internal/application/usecases/receive_network_demand.go:234.3,240.5 1 0
github.com/claudioed/network-fulfillment/internal/application/usecases/receive_network_demand.go:242.3,243.1 1 0
github.com/claudioed/network-fulfillment/internal/application/usecases/receive_network_demand.go:244.2,244.84 1 0
github.com/claudioed/network-fulfillment/internal/application/usecases/receive_network_demand.go:245.3,246.1 1 0
github.com/claudioed/network-fulfillment/internal/application/usecases/receive_network_demand.go:253.2,253.15 1 0
github.com/claudioed/network-fulfillment/internal/application/usecases/recompute_capability_offers.go:64.2,65.16 2 0
github.com/claudioed/network-fulfillment/internal/application/usecases/recompute_capability_offers.go:66.3,67.1 1 0
github.com/claudioed/network-fulfillment/internal/application/usecases/recompute_capability_offers.go:69.2,71.1 4 0
github.com/claudioed/network-fulfillment/internal/application/usecases/recompute_capability_offers.go:72.2,73.27 4 0
github.com/claudioed/network-fulfillment/internal/application/usecases/recompute_capability_offers.go:74.3,75.1 3 0
github.com/claudioed/network-fulfillment/internal/application/usecases/recompute_capability_offers.go:76.3,77.17 3 0
github.com/claudioed/network-fulfillment/internal/application/usecases/recompute_capability_offers.go:78.4,78.23 1 0
github.com/claudioed/network-fulfillment/internal/application/usecases/recompute_capability_offers.go:79.5,81.1 1 0
github.com/claudioed/network-fulfillment/internal/application/usecases/recompute_capability_offers.go:82.4,82.12 1 0
github.com/claudioed/network-fulfillment/internal/application/usecases/recompute_capability_offers.go:85.3,86.1 3 0
github.com/claudioed/network-fulfillment/internal/application/usecases/recompute_capability_offers.go:87.3,88.17 3 0
github.com/claudioed/network-fulfillment/internal/application/usecases/recompute_capability_offers.go:89.4,89.23 1 0
github.com/claudioed/network-fulfillment/internal/application/usecases/recompute_capability_offers.go:90.5,92.1 1 0
github.com/claudioed/network-fulfillment/internal/application/usecases/recompute_capability_offers.go:93.4,93.12 1 0
github.com/claudioed/network-fulfillment/internal/application/usecases/recompute_capability_offers.go:95.3,95.66 1 0
github.com/claudioed/network-fulfillment/internal/application/usecases/recompute_capability_offers.go:96.4,97.1 1 0
github.com/claudioed/network-fulfillment/internal/application/usecases/recompute_capability_offers.go:98.3,98.51 1 0
github.com/claudioed/network-fulfillment/internal/application/usecases/recompute_capability_offers.go:99.4,99.23 1 0
github.com/claudioed/network-fulfillment/internal/application/usecases/recompute_capability_offers.go:100.5,102.1 1 0
github.com/claudioed/network-fulfillment/internal/application/usecases/recompute_capability_offers.go:103.4,103.12 1 0
github.com/claudioed/network-fulfillment/internal/application/usecases/recompute_capability_offers.go:106.2,106.17 1 0
github.com/claudioed/network-fulfillment/internal/application/usecases/recompute_capability_offers.go:116.2,116.18 1 0
github.com/claudioed/network-fulfillment/internal/application/usecases/recompute_capability_offers.go:117.3,118.1 1 0
github.com/claudioed/network-fulfillment/internal/application/usecases/recompute_capability_offers.go:119.2,121.31 3 0
github.com/claudioed/network-fulfillment/internal/application/usecases/recompute_capability_offers.go:122.3,123.13 2 0
github.com/claudioed/network-fulfillment/internal/application/usecases/recompute_capability_offers.go:124.4,124.12 1 0
github.com/claudioed/network-fulfillment/internal/application/usecases/recompute_capability_offers.go:126.3,127.17 2 0
github.com/claudioed/network-fulfillment/internal/application/usecases/recompute_capability_offers.go:129.2,129.24 1 0
github.com/claudioed/network-fulfillment/internal/application/usecases/reconcile_submitted_orders.go:43.2,44.16 2 0
github.com/claudioed/network-fulfillment/internal/application/usecases/reconcile_submitted_orders.go:45.3,46.1 1 0
github.com/claudioed/network-fulfillment/internal/application/usecases/reconcile_submitted_orders.go:48.2,49.30 2 0
github.com/claudioed/network-fulfillment/internal/application/usecases/reconcile_submitted_orders.go:50.3,51.17 2 0
github.com/claudioed/network-fulfillment/internal/application/usecases/reconcile_submitted_orders.go:56.4,56.12 1 0
github.com/claudioed/network-fulfillment/internal/application/usecases/reconcile_submitted_orders.go:58.3,58.17 1 0
github.com/claudioed/network-fulfillment/internal/application/usecases/reconcile_submitted_orders.go:60.4,60.45 1 0
github.com/claudioed/network-fulfillment/internal/application/usecases/reconcile_submitted_orders.go:61.5,61.13 1 0
github.com/claudioed/network-fulfillment/internal/application/usecases/reconcile_submitted_orders.go:63.4,63.19 1 0
github.com/claudioed/network-fulfillment/internal/application/usecases/reconcile_submitted_orders.go:65.4,65.42 1 0
github.com/claudioed/network-fulfillment/internal/application/usecases/reconcile_submitted_orders.go:66.5,66.13 1 0
github.com/claudioed/network-fulfillment/internal/application/usecases/reconcile_submitted_orders.go:68.4,68.16 1 0
github.com/claudioed/network-fulfillment/internal/application/usecases/reconcile_submitted_orders.go:70.4,70.17 1 0
github.com/claudioed/network-fulfillment/internal/application/usecases/reconcile_submitted_orders.go:73.2,73.17 1 0
github.com/claudioed/network-fulfillment/internal/application/usecases/reconcile_submitted_orders.go:81.2,81.51 1 0
github.com/claudioed/network-fulfillment/internal/application/usecases/reconcile_submitted_orders.go:82.3,83.1 1 0
github.com/claudioed/network-fulfillment/internal/application/usecases/reconcile_submitted_orders.go:84.2,84.75 1 0
github.com/claudioed/network-fulfillment/internal/application/usecases/reconcile_submitted_orders.go:85.3,86.1 1 0
github.com/claudioed/network-fulfillment/internal/application/usecases/reconcile_submitted_orders.go:87.3,88.1 1 0
github.com/claudioed/network-fulfillment/internal/application/usecases/reconcile_submitted_orders.go:89.2,89.45 1 0
github.com/claudioed/network-fulfillment/internal/application/usecases/reconcile_submitted_orders.go:90.3,91.1 1 0
github.com/claudioed/network-fulfillment/internal/application/usecases/reconcile_submitted_orders.go:92.2,92.12 1 0
github.com/claudioed/network-fulfillment/internal/application/usecases/reconcile_submitted_orders.go:101.2,101.45 1 0
github.com/claudioed/network-fulfillment/internal/application/usecases/reconcile_submitted_orders.go:102.3,102.65 1 0
github.com/claudioed/network-fulfillment/internal/application/usecases/reconcile_submitted_orders.go:103.4,104.1 1 0
github.com/claudioed/network-fulfillment/internal/application/usecases/reconcile_submitted_orders.go:106.2,106.35 1 0
github.com/claudioed/network-fulfillment/internal/application/usecases/reconcile_submitted_orders.go:107.3,108.1 1 0
github.com/claudioed/network-fulfillment/internal/application/usecases/reconcile_submitted_orders.go:109.2,109.72 1 0
github.com/claudioed/network-fulfillment/internal/application/usecases/reconcile_submitted_orders.go:110.3,110.48 1 0
github.com/claudioed/network-fulfillment/internal/application/usecases/reconcile_submitted_orders.go:111.4,112.1 1 0
github.com/claudioed/network-fulfillment/internal/application/usecases/reconcile_submitted_orders.go:113.3,118.5 1 0
github.com/claudioed/network-fulfillment/internal/application/usecases/reject_overdue_orders.go:46.2,47.1 3 0
github.com/claudioed/network-fulfillment/internal/application/usecases/reject_overdue_orders.go:48.2,49.16 3 0
github.com/claudioed/network-fulfillment/internal/application/usecases/reject_overdue_orders.go:50.3,51.1 1 0
github.com/claudioed/network-fulfillment/internal/application/usecases/reject_overdue_orders.go:53.2,54.31 2 0
github.com/claudioed/network-fulfillment/internal/application/usecases/reject_overdue_orders.go:55.3,55.37 1 0
github.com/claudioed/network-fulfillment/internal/application/usecases/reject_overdue_orders.go:56.4,56.12 1 0
github.com/claudioed/network-fulfillment/internal/application/usecases/reject_overdue_orders.go:58.3,58.46 1 0
github.com/claudioed/network-fulfillment/internal/application/usecases/reject_overdue_orders.go:64.4,64.12 1 0
github.com/claudioed/network-fulfillment/internal/application/usecases/reject_overdue_orders.go:66.3,66.17 1 0
github.com/claudioed/network-fulfillment/internal/application/usecases/reject_overdue_orders.go:68.2,68.17 1 0
github.com/claudioed/network-fulfillment/internal/application/usecases/reject_overdue_orders.go:75.2,75.45 1 0
github.com/claudioed/network-fulfillment/internal/application/usecases/reject_overdue_orders.go:76.3,76.65 1 0
github.com/claudioed/network-fulfillment/internal/application/usecases/reject_overdue_orders.go:77.4,78.1 1 0
github.com/claudioed/network-fulfillment/internal/application/usecases/reject_overdue_orders.go:80.2,80.35 1 0
github.com/claudioed/network-fulfillment/internal/application/usecases/reject_overdue_orders.go:81.3,82.1 1 0
github.com/claudioed/network-fulfillment/internal/application/usecases/reject_overdue_orders.go:86.2,86.72 1 0
github.com/claudioed/network-fulfillment/internal/application/usecases/reject_overdue_orders.go:87.3,87.48 1 0
github.com/claudioed/network-fulfillment/internal/application/usecases/reject_overdue_orders.go:88.4,89.1 1 0
github.com/claudioed/network-fulfillment/internal/application/usecases/reject_overdue_orders.go:90.3,95.5 1 0
github.com/claudioed/network-fulfillment/internal/application/usecases/sweep_acknowledgement_deadlines.go:39.2,40.1 3 0
github.com/claudioed/network-fulfillment/internal/application/usecases/sweep_acknowledgement_deadlines.go:41.2,42.16 3 0
github.com/claudioed/network-fulfillment/internal/application/usecases/sweep_acknowledgement_deadlines.go:43.3,44.1 1 0
github.com/claudioed/network-fulfillment/internal/application/usecases/sweep_acknowledgement_deadlines.go:46.2,47.31 2 0
github.com/claudioed/network-fulfillment/internal/application/usecases/sweep_acknowledgement_deadlines.go:48.3,48.37 1 0
github.com/claudioed/network-fulfillment/internal/application/usecases/sweep_acknowledgement_deadlines.go:49.4,49.12 1 0
github.com/claudioed/network-fulfillment/internal/application/usecases/sweep_acknowledgement_deadlines.go:54.3,59.18 1 0
github.com/claudioed/network-fulfillment/internal/application/usecases/sweep_acknowledgement_deadlines.go:60.4,60.12 1 0
github.com/claudioed/network-fulfillment/internal/application/usecases/sweep_acknowledgement_deadlines.go:62.3,62.15 1 0
github.com/claudioed/network-fulfillment/internal/application/usecases/sweep_acknowledgement_deadlines.go:64.2,64.17 1 0
github.com/claudioed/network-fulfillment/internal/application/usecases/unit_of_work.go:14.2,14.16 1 0
github.com/claudioed/network-fulfillment/internal/application/usecases/unit_of_work.go:15.3,16.1 1 0
github.com/claudioed/network-fulfillment/internal/application/usecases/unit_of_work.go:17.2,17.29 1 0
github.com/claudioed/network-fulfillment/internal/domain/capabilityoffer/capability_offer.go:83.2,83.15 1 0
github.com/claudioed/network-fulfillment/internal/domain/capabilityoffer/capability_offer.go:84.3,85.1 1 0
github.com/claudioed/network-fulfillment/internal/domain/capabilityoffer/capability_offer.go:86.2,86.18 1 0
github.com/claudioed/network-fulfillment/internal/domain/capabilityoffer/capability_offer.go:87.3,88.1 1 0
github.com/claudioed/network-fulfillment/internal/domain/capabilityoffer/capability_offer.go:89.2,89.28 1 0
github.com/claudioed/network-fulfillment/internal/domain/capabilityoffer/capability_offer.go:90.3,91.1 1 0
github.com/claudioed/network-fulfillment/internal/domain/capabilityoffer/capability_offer.go:92.2,92.44 1 0
github.com/claudioed/network-fulfillment/internal/domain/capabilityoffer/capability_offer.go:93.3,94.1 1 0
github.com/claudioed/network-fulfillment/internal/domain/capabilityoffer/capability_offer.go:95.2,95.15 1 0
github.com/claudioed/network-fulfillment/internal/domain/capabilityoffer/capability_offer.go:96.49,96.49 0 0
github.com/claudioed/network-fulfillment/internal/domain/capabilityoffer/capability_offer.go:98.3,98.44 1 0
github.com/claudioed/network-fulfillment/internal/domain/capabilityoffer/capability_offer.go:100.2,106.8 1 0
github.com/claudioed/network-fulfillment/internal/domain/capabilityoffer/capability_offer.go:122.2,122.65 1 0
github.com/claudioed/network-fulfillment/internal/domain/capabilityoffer/capability_offer.go:123.3,124.1 1 0
github.com/claudioed/network-fulfillment/internal/domain/capabilityoffer/capability_offer.go:125.2,126.13 2 0
github.com/claudioed/network-fulfillment/internal/domain/capabilityoffer/capability_offer.go:127.3,128.1 1 0
github.com/claudioed/network-fulfillment/internal/domain/capabilityoffer/capability_offer.go:129.2,129.89 1 0
github.com/claudioed/network-fulfillment/internal/domain/capabilityoffer/capability_offer.go:132.53,132.67 1 0
github.com/claudioed/network-fulfillment/internal/domain/capabilityoffer/capability_offer.go:133.53,133.70 1 0
github.com/claudioed/network-fulfillment/internal/domain/capabilityoffer/capability_offer.go:134.53,134.82 1 0
github.com/claudioed/network-fulfillment/internal/domain/capabilityoffer/capability_offer.go:135.53,135.69 1 0
github.com/claudioed/network-fulfillment/internal/domain/capabilityoffer/capability_offer.go:136.53,136.74 1 0
github.com/claudioed/network-fulfillment/internal/domain/networkorder/network_order.go:96.2,96.15 1 0
github.com/claudioed/network-fulfillment/internal/domain/networkorder/network_order.go:97.3,98.1 1 0
github.com/claudioed/network-fulfillment/internal/domain/networkorder/network_order.go:99.2,99.21 1 0
github.com/claudioed/network-fulfillment/internal/domain/networkorder/network_order.go:100.3,101.1 1 0
github.com/claudioed/network-fulfillment/internal/domain/networkorder/network_order.go:102.2,102.15 1 0
github.com/claudioed/network-fulfillment/internal/domain/networkorder/network_order.go:103.3,104.1 1 0
github.com/claudioed/network-fulfillment/internal/domain/networkorder/network_order.go:105.2,105.19 1 0
github.com/claudioed/network-fulfillment/internal/domain/networkorder/network_order.go:106.3,107.1 1 0
github.com/claudioed/network-fulfillment/internal/domain/networkorder/network_order.go:108.2,108.98 1 0
github.com/claudioed/network-fulfillment/internal/domain/networkorder/network_order.go:111.60,111.85 1 0
github.com/claudioed/network-fulfillment/internal/domain/networkorder/network_order.go:112.60,112.87 1 0
github.com/claudioed/network-fulfillment/internal/domain/networkorder/network_order.go:113.60,113.74 1 0
github.com/claudioed/network-fulfillment/internal/domain/networkorder/network_order.go:114.60,114.79 1 0
github.com/claudioed/network-fulfillment/internal/domain/networkorder/network_order.go:156.2,156.15 1 0
github.com/claudioed/network-fulfillment/internal/domain/networkorder/network_order.go:157.3,158.1 1 0
github.com/claudioed/network-fulfillment/internal/domain/networkorder/network_order.go:159.2,159.21 1 0
github.com/claudioed/network-fulfillment/internal/domain/networkorder/network_order.go:160.3,161.1 1 0
github.com/claudioed/network-fulfillment/internal/domain/networkorder/network_order.go:162.2,170.8 1 0
github.com/claudioed/network-fulfillment/internal/domain/networkorder/network_order.go:192.2,192.15 1 0
github.com/claudioed/network-fulfillment/internal/domain/networkorder/network_order.go:193.3,194.1 1 0
github.com/claudioed/network-fulfillment/internal/domain/networkorder/network_order.go:195.2,202.8 1 0
github.com/claudioed/network-fulfillment/internal/domain/networkorder/network_order.go:211.2,211.25 1 0
github.com/claudioed/network-fulfillment/internal/domain/networkorder/network_order.go:212.3,213.1 1 0
github.com/claudioed/network-fulfillment/internal/domain/networkorder/network_order.go:214.2,215.12 2 0
github.com/claudioed/network-fulfillment/internal/domain/networkorder/network_order.go:224.2,224.31 1 0
github.com/claudioed/network-fulfillment/internal/domain/networkorder/network_order.go:225.3,226.1 1 0
github.com/claudioed/network-fulfillment/internal/domain/networkorder/network_order.go:227.2,228.12 2 0
github.com/claudioed/network-fulfillment/internal/domain/networkorder/network_order.go:238.2,238.35 1 0
github.com/claudioed/network-fulfillment/internal/domain/networkorder/network_order.go:239.3,240.1 1 0
github.com/claudioed/network-fulfillment/internal/domain/networkorder/network_order.go:241.2,241.35 1 0
github.com/claudioed/network-fulfillment/internal/domain/networkorder/network_order.go:250.2,250.54 1 0
github.com/claudioed/network-fulfillment/internal/domain/networkorder/network_order.go:251.3,252.1 1 0
github.com/claudioed/network-fulfillment/internal/domain/networkorder/network_order.go:253.2,254.12 2 0
github.com/claudioed/network-fulfillment/internal/domain/networkorder/network_order.go:263.2,263.63 1 0
github.com/claudioed/network-fulfillment/internal/domain/networkorder/network_order.go:264.3,265.1 1 0
github.com/claudioed/network-fulfillment/internal/domain/networkorder/network_order.go:266.2,266.27 1 0
github.com/claudioed/network-fulfillment/internal/domain/networkorder/network_order.go:267.3,268.1 1 0
github.com/claudioed/network-fulfillment/internal/domain/networkorder/network_order.go:269.2,270.12 2 0
github.com/claudioed/network-fulfillment/internal/domain/networkorder/network_order.go:276.2,276.34 1 0
github.com/claudioed/network-fulfillment/internal/domain/networkorder/network_order.go:277.3,278.1 1 0
github.com/claudioed/network-fulfillment/internal/domain/networkorder/network_order.go:279.2,280.12 2 0
github.com/claudioed/network-fulfillment/internal/domain/networkorder/network_order.go:287.2,288.1 1 0
github.com/claudioed/network-fulfillment/internal/domain/networkorder/network_order.go:296.2,297.28 2 0
github.com/claudioed/network-fulfillment/internal/domain/networkorder/network_order.go:298.3,299.1 1 0
github.com/claudioed/network-fulfillment/internal/domain/networkorder/network_order.go:300.2,300.12 1 0
github.com/claudioed/network-fulfillment/internal/domain/networkorder/network_order.go:303.57,303.78 1 0
github.com/claudioed/network-fulfillment/internal/domain/networkorder/network_order.go:304.57,304.74 1 0
github.com/claudioed/network-fulfillment/internal/domain/networkorder/network_order.go:305.57,305.82 1 0
github.com/claudioed/network-fulfillment/internal/domain/networkorder/network_order.go:306.57,306.81 1 0
github.com/claudioed/network-fulfillment/internal/domain/networkorder/network_order.go:307.57,307.73 1 0
github.com/claudioed/network-fulfillment/internal/domain/networkorder/network_order.go:308.57,308.78 1 0
github.com/claudioed/network-fulfillment/internal/domain/networkorder/network_order.go:310.2,311.1 1 0
github.com/claudioed/network-fulfillment/internal/domain/networkorder/network_order.go:317.2,320.1 3 0
github.com/claudioed/network-fulfillment/internal/domain/networkorder/network_order.go:333.2,342.1 1 0
github.com/claudioed/network-fulfillment/internal/domain/shared/events.go:32.56,32.87 1 0
github.com/claudioed/network-fulfillment/internal/domain/shared/events.go:33.56,33.69 1 0
github.com/claudioed/network-fulfillment/internal/domain/shared/events.go:49.60,49.95 1 0
github.com/claudioed/network-fulfillment/internal/domain/shared/events.go:50.60,50.73 1 0
github.com/claudioed/network-fulfillment/internal/domain/shared/events.go:92.56,92.87 1 0
github.com/claudioed/network-fulfillment/internal/domain/shared/events.go:93.56,93.69 1 0
github.com/claudioed/network-fulfillment/internal/domain/shared/events.go:112.65,112.105 1 0
github.com/claudioed/network-fulfillment/internal/domain/shared/events.go:113.65,113.78 1 0
github.com/claudioed/network-fulfillment/internal/domain/shared/events.go:130.65,130.105 1 0
github.com/claudioed/network-fulfillment/internal/domain/shared/events.go:131.65,131.78 1 0
github.com/claudioed/network-fulfillment/internal/application/usecases/confirm_network_order_shipment.go:47.2,48.16 2 0
github.com/claudioed/network-fulfillment/internal/application/usecases/confirm_network_order_shipment.go:49.3,50.1 1 0
github.com/claudioed/network-fulfillment/internal/application/usecases/confirm_network_order_shipment.go:51.2,51.14 1 0
github.com/claudioed/network-fulfillment/internal/application/usecases/confirm_network_order_shipment.go:52.3,53.1 1 0
github.com/claudioed/network-fulfillment/internal/application/usecases/confirm_network_order_shipment.go:54.2,54.46 1 0
github.com/claudioed/network-fulfillment/internal/application/usecases/confirm_network_order_shipment.go:55.3,56.1 1 0
github.com/claudioed/network-fulfillment/internal/application/usecases/confirm_network_order_shipment.go:58.2,58.44 1 0
github.com/claudioed/network-fulfillment/internal/application/usecases/confirm_network_order_shipment.go:59.3,60.1 1 0
github.com/claudioed/network-fulfillment/internal/application/usecases/confirm_network_order_shipment.go:62.2,64.39 3 0
github.com/claudioed/network-fulfillment/internal/application/usecases/confirm_network_order_shipment.go:65.3,66.1 1 0
github.com/claudioed/network-fulfillment/internal/application/usecases/confirm_network_order_shipment.go:68.2,68.75 1 0
github.com/claudioed/network-fulfillment/internal/application/usecases/confirm_network_order_shipment.go:69.3,69.48 1 0
github.com/claudioed/network-fulfillment/internal/application/usecases/confirm_network_order_shipment.go:70.4,71.1 1 0
github.com/claudioed/network-fulfillment/internal/application/usecases/confirm_network_order_shipment.go:72.3,77.5 1 0
github.com/claudioed/network-fulfillment/internal/application/usecases/confirm_network_order_shipment.go:79.3,80.1 1 0
github.com/claudioed/network-fulfillment/internal/application/usecases/confirm_network_order_shipment.go:82.2,82.83 1 0
github.com/claudioed/network-fulfillment/internal/application/usecases/confirm_network_order_shipment.go:83.3,84.1 1 0
github.com/claudioed/network-fulfillment/internal/application/usecases/confirm_network_order_shipment.go:85.2,85.15 1 0
github.com/claudioed/network-fulfillment/internal/application/usecases/receive_network_demand.go:67.2,68.1 2 0
github.com/claudioed/network-fulfillment/internal/application/usecases/receive_network_demand.go:74.2,74.78 2 0
github.com/claudioed/network-fulfillment/internal/application/usecases/receive_network_demand.go:75.3,76.1 1 0
github.com/claudioed/network-fulfillment/internal/application/usecases/receive_network_demand.go:76.9,76.28 1 0
github.com/claudioed/network-fulfillment/internal/application/usecases/receive_network_demand.go:77.3,78.1 1 0
github.com/claudioed/network-fulfillment/internal/application/usecases/receive_network_demand.go:80.2,81.1 2 0
github.com/claudioed/network-fulfillment/internal/application/usecases/receive_network_demand.go:86.2,86.27 2 0
github.com/claudioed/network-fulfillment/internal/application/usecases/receive_network_demand.go:87.3,87.59 1 0
github.com/claudioed/network-fulfillment/internal/application/usecases/receive_network_demand.go:88.4,89.1 1 0
github.com/claudioed/network-fulfillment/internal/application/usecases/receive_network_demand.go:90.3,90.51 1 0
github.com/claudioed/network-fulfillment/internal/application/usecases/receive_network_demand.go:93.2,94.16 2 0
github.com/claudioed/network-fulfillment/internal/application/usecases/receive_network_demand.go:95.3,96.1 1 0
github.com/claudioed/network-fulfillment/internal/application/usecases/receive_network_demand.go:97.2,97.75 1 0
github.com/claudioed/network-fulfillment/internal/application/usecases/receive_network_demand.go:98.3,99.1 1 0
github.com/claudioed/network-fulfillment/internal/application/usecases/receive_network_demand.go:101.2,106.16 2 0
github.com/claudioed/network-fulfillment/internal/application/usecases/receive_network_demand.go:107.3,108.1 1 0
github.com/claudioed/network-fulfillment/internal/application/usecases/receive_network_demand.go:110.2,110.22 1 0
github.com/claudioed/network-fulfillment/internal/application/usecases/receive_network_demand.go:111.3,112.1 1 0
github.com/claudioed/network-fulfillment/internal/application/usecases/receive_network_demand.go:113.2,113.39 1 0
github.com/claudioed/network-fulfillment/internal/application/usecases/receive_network_demand.go:125.2,125.72 1 0
github.com/claudioed/network-fulfillment/internal/application/usecases/receive_network_demand.go:126.3,126.48 1 0
github.com/claudioed/network-fulfillment/internal/application/usecases/receive_network_demand.go:127.4,128.1 1 0
github.com/claudioed/network-fulfillment/internal/application/usecases/receive_network_demand.go:129.3,136.5 1 0
github.com/claudioed/network-fulfillment/internal/application/usecases/receive_network_demand.go:143.2,144.33 2 0
github.com/claudioed/network-fulfillment/internal/application/usecases/receive_network_demand.go:145.3,146.17 2 0
github.com/claudioed/network-fulfillment/internal/application/usecases/receive_network_demand.go:147.4,148.1 1 0
github.com/claudioed/network-fulfillment/internal/application/usecases/receive_network_demand.go:149.3,150.17 2 0
github.com/claudioed/network-fulfillment/internal/application/usecases/receive_network_demand.go:151.4,152.1 1 0
github.com/claudioed/network-fulfillment/internal/application/usecases/receive_network_demand.go:153.3,153.30 1 0
github.com/claudioed/network-fulfillment/internal/application/usecases/receive_network_demand.go:155.2,155.19 1 0
github.com/claudioed/network-fulfillment/internal/application/usecases/receive_network_demand.go:163.2,164.16 2 0
github.com/claudioed/network-fulfillment/internal/application/usecases/receive_network_demand.go:165.3,166.1 1 0
github.com/claudioed/network-fulfillment/internal/application/usecases/receive_network_demand.go:167.2,167.66 1 0
github.com/claudioed/network-fulfillment/internal/application/usecases/receive_network_demand.go:168.3,169.1 1 0
github.com/claudioed/network-fulfillment/internal/application/usecases/receive_network_demand.go:170.2,170.72 1 0
github.com/claudioed/network-fulfillment/internal/application/usecases/receive_network_demand.go:186.2,186.18 1 0
github.com/claudioed/network-fulfillment/internal/application/usecases/receive_network_demand.go:187.3,187.65 1 0
github.com/claudioed/network-fulfillment/internal/application/usecases/receive_network_demand.go:188.4,189.1 1 0
github.com/claudioed/network-fulfillment/internal/application/usecases/receive_network_demand.go:191.2,191.35 1 0
github.com/claudioed/network-fulfillment/internal/application/usecases/receive_network_demand.go:192.3,193.1 1 0
github.com/claudioed/network-fulfillment/internal/application/usecases/receive_network_demand.go:194.2,194.75 1 0
github.com/claudioed/network-fulfillment/internal/application/usecases/receive_network_demand.go:195.3,195.48 1 0
github.com/claudioed/network-fulfillment/internal/application/usecases/receive_network_demand.go:196.4,197.1 1 0
github.com/claudioed/network-fulfillment/internal/application/usecases/receive_network_demand.go:198.3,203.5 1 0
github.com/claudioed/network-fulfillment/internal/application/usecases/receive_network_demand.go:205.3,206.1 1 0
github.com/claudioed/network-fulfillment/internal/application/usecases/receive_network_demand.go:207.2,207.85 1 0
github.com/claudioed/network-fulfillment/internal/application/usecases/receive_network_demand.go:208.3,209.1 1 0
github.com/claudioed/network-fulfillment/internal/application/usecases/receive_network_demand.go:210.2,210.15 1 0
github.com/claudioed/network-fulfillment/internal/application/usecases/receive_network_demand.go:224.2,224.35 1 0
github.com/claudioed/network-fulfillment/internal/application/usecases/receive_network_demand.go:225.3,226.1 1 0
github.com/claudioed/network-fulfillment/internal/application/usecases/receive_network_demand.go:227.2,227.62 1 0
github.com/claudioed/network-fulfillment/internal/application/usecases/receive_network_demand.go:228.3,229.1 1 0
github.com/claudioed/network-fulfillment/internal/application/usecases/receive_network_demand.go:230.2,230.75 1 0
github.com/claudioed/network-fulfillment/internal/application/usecases/receive_network_demand.go:231.3,231.48 1 0
github.com/claudioed/network-fulfillment/internal/application/usecases/receive_network_demand.go:232.4,233.1 1 0
github.com/claudioed/network-fulfillment/internal/application/usecases/receive_network_demand.go:234.3,240.5 1 0
github.com/claudioed/network-fulfillment/internal/application/usecases/receive_network_demand.go:242.3,243.1 1 0
github.com/claudioed/network-fulfillment/internal/application/usecases/receive_network_demand.go:244.2,244.84 1 0
github.com/claudioed/network-fulfillment/internal/application/usecases/receive_network_demand.go:245.3,246.1 1 0
github.com/claudioed/network-fulfillment/internal/application/usecases/receive_network_demand.go:253.2,253.15 1 0
github.com/claudioed/network-fulfillment/internal/application/usecases/recompute_capability_offers.go:64.2,65.16 2 0
github.com/claudioed/network-fulfillment/internal/application/usecases/recompute_capability_offers.go:66.3,67.1 1 0
github.com/claudioed/network-fulfillment/internal/application/usecases/recompute_capability_offers.go:69.2,71.1 4 0
github.com/claudioed/network-fulfillment/internal/application/usecases/recompute_capability_offers.go:72.2,73.27 4 0
github.com/claudioed/network-fulfillment/internal/application/usecases/recompute_capability_offers.go:74.3,75.1 3 0
github.com/claudioed/network-fulfillment/internal/application/usecases/recompute_capability_offers.go:76.3,77.17 3 0
github.com/claudioed/network-fulfillment/internal/application/usecases/recompute_capability_offers.go:78.4,78.23 1 0
github.com/claudioed/network-fulfillment/internal/application/usecases/recompute_capability_offers.go:79.5,81.1 1 0
github.com/claudioed/network-fulfillment/internal/application/usecases/recompute_capability_offers.go:82.4,82.12 1 0
github.com/claudioed/network-fulfillment/internal/application/usecases/recompute_capability_offers.go:85.3,86.1 3 0
github.com/claudioed/network-fulfillment/internal/application/usecases/recompute_capability_offers.go:87.3,88.17 3 0
github.com/claudioed/network-fulfillment/internal/application/usecases/recompute_capability_offers.go:89.4,89.23 1 0
github.com/claudioed/network-fulfillment/internal/application/usecases/recompute_capability_offers.go:90.5,92.1 1 0
github.com/claudioed/network-fulfillment/internal/application/usecases/recompute_capability_offers.go:93.4,93.12 1 0
github.com/claudioed/network-fulfillment/internal/application/usecases/recompute_capability_offers.go:95.3,95.66 1 0
github.com/claudioed/network-fulfillment/internal/application/usecases/recompute_capability_offers.go:96.4,97.1 1 0
github.com/claudioed/network-fulfillment/internal/application/usecases/recompute_capability_offers.go:98.3,98.51 1 0
github.com/claudioed/network-fulfillment/internal/application/usecases/recompute_capability_offers.go:99.4,99.23 1 0
github.com/claudioed/network-fulfillment/internal/application/usecases/recompute_capability_offers.go:100.5,102.1 1 0
github.com/claudioed/network-fulfillment/internal/application/usecases/recompute_capability_offers.go:103.4,103.12 1 0
github.com/claudioed/network-fulfillment/internal/application/usecases/recompute_capability_offers.go:106.2,106.17 1 0
github.com/claudioed/network-fulfillment/internal/application/usecases/recompute_capability_offers.go:116.2,116.18 1 0
github.com/claudioed/network-fulfillment/internal/application/usecases/recompute_capability_offers.go:117.3,118.1 1 0
github.com/claudioed/network-fulfillment/internal/application/usecases/recompute_capability_offers.go:119.2,121.31 3 0
github.com/claudioed/network-fulfillment/internal/application/usecases/recompute_capability_offers.go:122.3,123.13 2 0
github.com/claudioed/network-fulfillment/internal/application/usecases/recompute_capability_offers.go:124.4,124.12 1 0
github.com/claudioed/network-fulfillment/internal/application/usecases/recompute_capability_offers.go:126.3,127.17 2 0
github.com/claudioed/network-fulfillment/internal/application/usecases/recompute_capability_offers.go:129.2,129.24 1 0
github.com/claudioed/network-fulfillment/internal/application/usecases/reconcile_submitted_orders.go:43.2,44.16 2 0
github.com/claudioed/network-fulfillment/internal/application/usecases/reconcile_submitted_orders.go:45.3,46.1 1 0
github.com/claudioed/network-fulfillment/internal/application/usecases/reconcile_submitted_orders.go:48.2,49.30 2 0
github.com/claudioed/network-fulfillment/internal/application/usecases/reconcile_submitted_orders.go:50.3,51.17 2 0
github.com/claudioed/network-fulfillment/internal/application/usecases/reconcile_submitted_orders.go:56.4,56.12 1 0
github.com/claudioed/network-fulfillment/internal/application/usecases/reconcile_submitted_orders.go:58.3,58.17 1 0
github.com/claudioed/network-fulfillment/internal/application/usecases/reconcile_submitted_orders.go:60.4,60.45 1 0
github.com/claudioed/network-fulfillment/internal/application/usecases/reconcile_submitted_orders.go:61.5,61.13 1 0
github.com/claudioed/network-fulfillment/internal/application/usecases/reconcile_submitted_orders.go:63.4,63.19 1 0
github.com/claudioed/network-fulfillment/internal/application/usecases/reconcile_submitted_orders.go:65.4,65.42 1 0
github.com/claudioed/network-fulfillment/internal/application/usecases/reconcile_submitted_orders.go:66.5,66.13 1 0
github.com/claudioed/network-fulfillment/internal/application/usecases/reconcile_submitted_orders.go:68.4,68.16 1 0
github.com/claudioed/network-fulfillment/internal/application/usecases/reconcile_submitted_orders.go:70.4,70.17 1 0
github.com/claudioed/network-fulfillment/internal/application/usecases/reconcile_submitted_orders.go:73.2,73.17 1 0
github.com/claudioed/network-fulfillment/internal/application/usecases/reconcile_submitted_orders.go:81.2,81.51 1 0
github.com/claudioed/network-fulfillment/internal/application/usecases/reconcile_submitted_orders.go:82.3,83.1 1 0
github.com/claudioed/network-fulfillment/internal/application/usecases/reconcile_submitted_orders.go:84.2,84.75 1 0
github.com/claudioed/network-fulfillment/internal/application/usecases/reconcile_submitted_orders.go:85.3,86.1 1 0
github.com/claudioed/network-fulfillment/internal/application/usecases/reconcile_submitted_orders.go:87.3,88.1 1 0
github.com/claudioed/network-fulfillment/internal/application/usecases/reconcile_submitted_orders.go:89.2,89.45 1 0
github.com/claudioed/network-fulfillment/internal/application/usecases/reconcile_submitted_orders.go:90.3,91.1 1 0
github.com/claudioed/network-fulfillment/internal/application/usecases/reconcile_submitted_orders.go:92.2,92.12 1 0
github.com/claudioed/network-fulfillment/internal/application/usecases/reconcile_submitted_orders.go:101.2,101.45 1 0
github.com/claudioed/network-fulfillment/internal/application/usecases/reconcile_submitted_orders.go:102.3,102.65 1 0
github.com/claudioed/network-fulfillment/internal/application/usecases/reconcile_submitted_orders.go:103.4,104.1 1 0
github.com/claudioed/network-fulfillment/internal/application/usecases/reconcile_submitted_orders.go:106.2,106.35 1 0
github.com/claudioed/network-fulfillment/internal/application/usecases/reconcile_submitted_orders.go:107.3,108.1 1 0
github.com/claudioed/network-fulfillment/internal/application/usecases/reconcile_submitted_orders.go:109.2,109.72 1 0
github.com/claudioed/network-fulfillment/internal/application/usecases/reconcile_submitted_orders.go:110.3,110.48 1 0
github.com/claudioed/network-fulfillment/internal/application/usecases/reconcile_submitted_orders.go:111.4,112.1 1 0
github.com/claudioed/network-fulfillment/internal/application/usecases/reconcile_submitted_orders.go:113.3,118.5 1 0
github.com/claudioed/network-fulfillment/internal/application/usecases/reject_overdue_orders.go:46.2,47.1 3 0
github.com/claudioed/network-fulfillment/internal/application/usecases/reject_overdue_orders.go:48.2,49.16 3 0
github.com/claudioed/network-fulfillment/internal/application/usecases/reject_overdue_orders.go:50.3,51.1 1 0
github.com/claudioed/network-fulfillment/internal/application/usecases/reject_overdue_orders.go:53.2,54.31 2 0
github.com/claudioed/network-fulfillment/internal/application/usecases/reject_overdue_orders.go:55.3,55.37 1 0
github.com/claudioed/network-fulfillment/internal/application/usecases/reject_overdue_orders.go:56.4,56.12 1 0
github.com/claudioed/network-fulfillment/internal/application/usecases/reject_overdue_orders.go:58.3,58.46 1 0
github.com/claudioed/network-fulfillment/internal/application/usecases/reject_overdue_orders.go:64.4,64.12 1 0
github.com/claudioed/network-fulfillment/internal/application/usecases/reject_overdue_orders.go:66.3,66.17 1 0
github.com/claudioed/network-fulfillment/internal/application/usecases/reject_overdue_orders.go:68.2,68.17 1 0
github.com/claudioed/network-fulfillment/internal/application/usecases/reject_overdue_orders.go:75.2,75.45 1 0
github.com/claudioed/network-fulfillment/internal/application/usecases/reject_overdue_orders.go:76.3,76.65 1 0
github.com/claudioed/network-fulfillment/internal/application/usecases/reject_overdue_orders.go:77.4,78.1 1 0
github.com/claudioed/network-fulfillment/internal/application/usecases/reject_overdue_orders.go:80.2,80.35 1 0
github.com/claudioed/network-fulfillment/internal/application/usecases/reject_overdue_orders.go:81.3,82.1 1 0
github.com/claudioed/network-fulfillment/internal/application/usecases/reject_overdue_orders.go:86.2,86.72 1 0
github.com/claudioed/network-fulfillment/internal/application/usecases/reject_overdue_orders.go:87.3,87.48 1 0
github.com/claudioed/network-fulfillment/internal/application/usecases/reject_overdue_orders.go:88.4,89.1 1 0
github.com/claudioed/network-fulfillment/internal/application/usecases/reject_overdue_orders.go:90.3,95.5 1 0
github.com/claudioed/network-fulfillment/internal/application/usecases/sweep_acknowledgement_deadlines.go:39.2,40.1 3 0
github.com/claudioed/network-fulfillment/internal/application/usecases/sweep_acknowledgement_deadlines.go:41.2,42.16 3 0
github.com/claudioed/network-fulfillment/internal/application/usecases/sweep_acknowledgement_deadlines.go:43.3,44.1 1 0
github.com/claudioed/network-fulfillment/internal/application/usecases/sweep_acknowledgement_deadlines.go:46.2,47.31 2 0
github.com/claudioed/network-fulfillment/internal/application/usecases/sweep_acknowledgement_deadlines.go:48.3,48.37 1 0
github.com/claudioed/network-fulfillment/internal/application/usecases/sweep_acknowledgement_deadlines.go:49.4,49.12 1 0
github.com/claudioed/network-fulfillment/internal/application/usecases/sweep_acknowledgement_deadlines.go:54.3,59.18 1 0
github.com/claudioed/network-fulfillment/internal/application/usecases/sweep_acknowledgement_deadlines.go:60.4,60.12 1 0
github.com/claudioed/network-fulfillment/internal/application/usecases/sweep_acknowledgement_deadlines.go:62.3,62.15 1 0
github.com/claudioed/network-fulfillment/internal/application/usecases/sweep_acknowledgement_deadlines.go:64.2,64.17 1 0
github.com/claudioed/network-fulfillment/internal/application/usecases/unit_of_work.go:14.2,14.16 1 0
github.com/claudioed/network-fulfillment/internal/application/usecases/unit_of_work.go:15.3,16.1 1 0
github.com/claudioed/network-fulfillment/internal/application/usecases/unit_of_work.go:17.2,17.29 1 0
github.com/claudioed/network-fulfillment/internal/domain/capabilityoffer/capability_offer.go:83.2,83.15 1 0
github.com/claudioed/network-fulfillment/internal/domain/capabilityoffer/capability_offer.go:84.3,85.1 1 0
github.com/claudioed/network-fulfillment/internal/domain/capabilityoffer/capability_offer.go:86.2,86.18 1 0
github.com/claudioed/network-fulfillment/internal/domain/capabilityoffer/capability_offer.go:87.3,88.1 1 0
github.com/claudioed/network-fulfillment/internal/domain/capabilityoffer/capability_offer.go:89.2,89.28 1 0
github.com/claudioed/network-fulfillment/internal/domain/capabilityoffer/capability_offer.go:90.3,91.1 1 0
github.com/claudioed/network-fulfillment/internal/domain/capabilityoffer/capability_offer.go:92.2,92.44 1 0
github.com/claudioed/network-fulfillment/internal/domain/capabilityoffer/capability_offer.go:93.3,94.1 1 0
github.com/claudioed/network-fulfillment/internal/domain/capabilityoffer/capability_offer.go:95.2,95.15 1 0
github.com/claudioed/network-fulfillment/internal/domain/capabilityoffer/capability_offer.go:96.49,96.49 0 0
github.com/claudioed/network-fulfillment/internal/domain/capabilityoffer/capability_offer.go:98.3,98.44 1 0
github.com/claudioed/network-fulfillment/internal/domain/capabilityoffer/capability_offer.go:100.2,106.8 1 0
github.com/claudioed/network-fulfillment/internal/domain/capabilityoffer/capability_offer.go:122.2,122.65 1 0
github.com/claudioed/network-fulfillment/internal/domain/capabilityoffer/capability_offer.go:123.3,124.1 1 0
github.com/claudioed/network-fulfillment/internal/domain/capabilityoffer/capability_offer.go:125.2,126.13 2 0
github.com/claudioed/network-fulfillment/internal/domain/capabilityoffer/capability_offer.go:127.3,128.1 1 0
github.com/claudioed/network-fulfillment/internal/domain/capabilityoffer/capability_offer.go:129.2,129.89 1 0
github.com/claudioed/network-fulfillment/internal/domain/capabilityoffer/capability_offer.go:132.53,132.67 1 0
github.com/claudioed/network-fulfillment/internal/domain/capabilityoffer/capability_offer.go:133.53,133.70 1 0
github.com/claudioed/network-fulfillment/internal/domain/capabilityoffer/capability_offer.go:134.53,134.82 1 0
github.com/claudioed/network-fulfillment/internal/domain/capabilityoffer/capability_offer.go:135.53,135.69 1 0
github.com/claudioed/network-fulfillment/internal/domain/capabilityoffer/capability_offer.go:136.53,136.74 1 0
github.com/claudioed/network-fulfillment/internal/domain/networkorder/network_order.go:96.2,96.15 1 0
github.com/claudioed/network-fulfillment/internal/domain/networkorder/network_order.go:97.3,98.1 1 0
github.com/claudioed/network-fulfillment/internal/domain/networkorder/network_order.go:99.2,99.21 1 0
github.com/claudioed/network-fulfillment/internal/domain/networkorder/network_order.go:100.3,101.1 1 0
github.com/claudioed/network-fulfillment/internal/domain/networkorder/network_order.go:102.2,102.15 1 0
github.com/claudioed/network-fulfillment/internal/domain/networkorder/network_order.go:103.3,104.1 1 0
github.com/claudioed/network-fulfillment/internal/domain/networkorder/network_order.go:105.2,105.19 1 0
github.com/claudioed/network-fulfillment/internal/domain/networkorder/network_order.go:106.3,107.1 1 0
github.com/claudioed/network-fulfillment/internal/domain/networkorder/network_order.go:108.2,108.98 1 0
github.com/claudioed/network-fulfillment/internal/domain/networkorder/network_order.go:111.60,111.85 1 0
github.com/claudioed/network-fulfillment/internal/domain/networkorder/network_order.go:112.60,112.87 1 0
github.com/claudioed/network-fulfillment/internal/domain/networkorder/network_order.go:113.60,113.74 1 0
github.com/claudioed/network-fulfillment/internal/domain/networkorder/network_order.go:114.60,114.79 1 0
github.com/claudioed/network-fulfillment/internal/domain/networkorder/network_order.go:156.2,156.15 1 0
github.com/claudioed/network-fulfillment/internal/domain/networkorder/network_order.go:157.3,158.1 1 0
github.com/claudioed/network-fulfillment/internal/domain/networkorder/network_order.go:159.2,159.21 1 0
github.com/claudioed/network-fulfillment/internal/domain/networkorder/network_order.go:160.3,161.1 1 0
github.com/claudioed/network-fulfillment/internal/domain/networkorder/network_order.go:162.2,170.8 1 0
github.com/claudioed/network-fulfillment/internal/domain/networkorder/network_order.go:192.2,192.15 1 0
github.com/claudioed/network-fulfillment/internal/domain/networkorder/network_order.go:193.3,194.1 1 0
github.com/claudioed/network-fulfillment/internal/domain/networkorder/network_order.go:195.2,202.8 1 0
github.com/claudioed/network-fulfillment/internal/domain/networkorder/network_order.go:211.2,211.25 1 0
github.com/claudioed/network-fulfillment/internal/domain/networkorder/network_order.go:212.3,213.1 1 0
github.com/claudioed/network-fulfillment/internal/domain/networkorder/network_order.go:214.2,215.12 2 0
github.com/claudioed/network-fulfillment/internal/domain/networkorder/network_order.go:224.2,224.31 1 0
github.com/claudioed/network-fulfillment/internal/domain/networkorder/network_order.go:225.3,226.1 1 0
github.com/claudioed/network-fulfillment/internal/domain/networkorder/network_order.go:227.2,228.12 2 0
github.com/claudioed/network-fulfillment/internal/domain/networkorder/network_order.go:238.2,238.35 1 0
github.com/claudioed/network-fulfillment/internal/domain/networkorder/network_order.go:239.3,240.1 1 0
github.com/claudioed/network-fulfillment/internal/domain/networkorder/network_order.go:241.2,241.35 1 0
github.com/claudioed/network-fulfillment/internal/domain/networkorder/network_order.go:250.2,250.54 1 0
github.com/claudioed/network-fulfillment/internal/domain/networkorder/network_order.go:251.3,252.1 1 0
github.com/claudioed/network-fulfillment/internal/domain/networkorder/network_order.go:253.2,254.12 2 0
github.com/claudioed/network-fulfillment/internal/domain/networkorder/network_order.go:263.2,263.63 1 0
github.com/claudioed/network-fulfillment/internal/domain/networkorder/network_order.go:264.3,265.1 1 0
github.com/claudioed/network-fulfillment/internal/domain/networkorder/network_order.go:266.2,266.27 1 0
github.com/claudioed/network-fulfillment/internal/domain/networkorder/network_order.go:267.3,268.1 1 0
github.com/claudioed/network-fulfillment/internal/domain/networkorder/network_order.go:269.2,270.12 2 0
github.com/claudioed/network-fulfillment/internal/domain/networkorder/network_order.go:276.2,276.34 1 0
github.com/claudioed/network-fulfillment/internal/domain/networkorder/network_order.go:277.3,278.1 1 0
github.com/claudioed/network-fulfillment/internal/domain/networkorder/network_order.go:279.2,280.12 2 0
github.com/claudioed/network-fulfillment/internal/domain/networkorder/network_order.go:287.2,288.1 1 0
github.com/claudioed/network-fulfillment/internal/domain/networkorder/network_order.go:296.2,297.28 2 0
github.com/claudioed/network-fulfillment/internal/domain/networkorder/network_order.go:298.3,299.1 1 0
github.com/claudioed/network-fulfillment/internal/domain/networkorder/network_order.go:300.2,300.12 1 0
github.com/claudioed/network-fulfillment/internal/domain/networkorder/network_order.go:303.57,303.78 1 0
github.com/claudioed/network-fulfillment/internal/domain/networkorder/network_order.go:304.57,304.74 1 0
github.com/claudioed/network-fulfillment/internal/domain/networkorder/network_order.go:305.57,305.82 1 0
github.com/claudioed/network-fulfillment/internal/domain/networkorder/network_order.go:306.57,306.81 1 0
github.com/claudioed/network-fulfillment/internal/domain/networkorder/network_order.go:307.57,307.73 1 0
github.com/claudioed/network-fulfillment/internal/domain/networkorder/network_order.go:308.57,308.78 1 0
github.com/claudioed/network-fulfillment/internal/domain/networkorder/network_order.go:310.2,311.1 1 0
github.com/claudioed/network-fulfillment/internal/domain/networkorder/network_order.go:317.2,320.1 3 0
github.com/claudioed/network-fulfillment/internal/domain/networkorder/network_order.go:333.2,342.1 1 0
github.com/claudioed/network-fulfillment/internal/domain/shared/events.go:32.56,32.87 1 0
github.com/claudioed/network-fulfillment/internal/domain/shared/events.go:33.56,33.69 1 0
github.com/claudioed/network-fulfillment/internal/domain/shared/events.go:49.60,49.95 1 0
github.com/claudioed/network-fulfillment/internal/domain/shared/events.go:50.60,50.73 1 0
github.com/claudioed/network-fulfillment/internal/domain/shared/events.go:92.56,92.87 1 0
github.com/claudioed/network-fulfillment/internal/domain/shared/events.go:93.56,93.69 1 0
github.com/claudioed/network-fulfillment/internal/domain/shared/events.go:112.65,112.105 1 0
github.com/claudioed/network-fulfillment/internal/domain/shared/events.go:113.65,113.78 1 0
github.com/claudioed/network-fulfillment/internal/domain/shared/events.go:130.65,130.105 1 0
github.com/claudioed/network-fulfillment/internal/domain/shared/events.go:131.65,131.78 1 0
github.com/claudioed/network-fulfillment/internal/application/usecases/confirm_network_order_shipment.go:47.2,48.16 2 0
github.com/claudioed/network-fulfillment/internal/application/usecases/confirm_network_order_shipment.go:49.3,50.1 1 0
github.com/claudioed/network-fulfillment/internal/application/usecases/confirm_network_order_shipment.go:51.2,51.14 1 0
github.com/claudioed/network-fulfillment/internal/application/usecases/confirm_network_order_shipment.go:52.3,53.1 1 0
github.com/claudioed/network-fulfillment/internal/application/usecases/confirm_network_order_shipment.go:54.2,54.46 1 0
github.com/claudioed/network-fulfillment/internal/application/usecases/confirm_network_order_shipment.go:55.3,56.1 1 0
github.com/claudioed/network-fulfillment/internal/application/usecases/confirm_network_order_shipment.go:58.2,58.44 1 0
github.com/claudioed/network-fulfillment/internal/application/usecases/confirm_network_order_shipment.go:59.3,60.1 1 0
github.com/claudioed/network-fulfillment/internal/application/usecases/confirm_network_order_shipment.go:62.2,64.39 3 0
github.com/claudioed/network-fulfillment/internal/application/usecases/confirm_network_order_shipment.go:65.3,66.1 1 0
github.com/claudioed/network-fulfillment/internal/application/usecases/confirm_network_order_shipment.go:68.2,68.75 1 0
github.com/claudioed/network-fulfillment/internal/application/usecases/confirm_network_order_shipment.go:69.3,69.48 1 0
github.com/claudioed/network-fulfillment/internal/application/usecases/confirm_network_order_shipment.go:70.4,71.1 1 0
github.com/claudioed/network-fulfillment/internal/application/usecases/confirm_network_order_shipment.go:72.3,77.5 1 0
github.com/claudioed/network-fulfillment/internal/application/usecases/confirm_network_order_shipment.go:79.3,80.1 1 0
github.com/claudioed/network-fulfillment/internal/application/usecases/confirm_network_order_shipment.go:82.2,82.83 1 0
github.com/claudioed/network-fulfillment/internal/application/usecases/confirm_network_order_shipment.go:83.3,84.1 1 0
github.com/claudioed/network-fulfillment/internal/application/usecases/confirm_network_order_shipment.go:85.2,85.15 1 0
github.com/claudioed/network-fulfillment/internal/application/usecases/receive_network_demand.go:67.2,68.1 2 0
github.com/claudioed/network-fulfillment/internal/application/usecases/receive_network_demand.go:74.2,74.78 2 0
github.com/claudioed/network-fulfillment/internal/application/usecases/receive_network_demand.go:75.3,76.1 1 0
github.com/claudioed/network-fulfillment/internal/application/usecases/receive_network_demand.go:76.9,76.28 1 0
github.com/claudioed/network-fulfillment/internal/application/usecases/receive_network_demand.go:77.3,78.1 1 0
github.com/claudioed/network-fulfillment/internal/application/usecases/receive_network_demand.go:80.2,81.1 2 0
github.com/claudioed/network-fulfillment/internal/application/usecases/receive_network_demand.go:86.2,86.27 2 0
github.com/claudioed/network-fulfillment/internal/application/usecases/receive_network_demand.go:87.3,87.59 1 0
github.com/claudioed/network-fulfillment/internal/application/usecases/receive_network_demand.go:88.4,89.1 1 0
github.com/claudioed/network-fulfillment/internal/application/usecases/receive_network_demand.go:90.3,90.51 1 0
github.com/claudioed/network-fulfillment/internal/application/usecases/receive_network_demand.go:93.2,94.16 2 0
github.com/claudioed/network-fulfillment/internal/application/usecases/receive_network_demand.go:95.3,96.1 1 0
github.com/claudioed/network-fulfillment/internal/application/usecases/receive_network_demand.go:97.2,97.75 1 0
github.com/claudioed/network-fulfillment/internal/application/usecases/receive_network_demand.go:98.3,99.1 1 0
github.com/claudioed/network-fulfillment/internal/application/usecases/receive_network_demand.go:101.2,106.16 2 0
github.com/claudioed/network-fulfillment/internal/application/usecases/receive_network_demand.go:107.3,108.1 1 0
github.com/claudioed/network-fulfillment/internal/application/usecases/receive_network_demand.go:110.2,110.22 1 0
github.com/claudioed/network-fulfillment/internal/application/usecases/receive_network_demand.go:111.3,112.1 1 0
github.com/claudioed/network-fulfillment/internal/application/usecases/receive_network_demand.go:113.2,113.39 1 0
github.com/claudioed/network-fulfillment/internal/application/usecases/receive_network_demand.go:125.2,125.72 1 0
github.com/claudioed/network-fulfillment/internal/application/usecases/receive_network_demand.go:126.3,126.48 1 0
github.com/claudioed/network-fulfillment/internal/application/usecases/receive_network_demand.go:127.4,128.1 1 0
github.com/claudioed/network-fulfillment/internal/application/usecases/receive_network_demand.go:129.3,136.5 1 0
github.com/claudioed/network-fulfillment/internal/application/usecases/receive_network_demand.go:143.2,144.33 2 0
github.com/claudioed/network-fulfillment/internal/application/usecases/receive_network_demand.go:145.3,146.17 2 0
github.com/claudioed/network-fulfillment/internal/application/usecases/receive_network_demand.go:147.4,148.1 1 0
github.com/claudioed/network-fulfillment/internal/application/usecases/receive_network_demand.go:149.3,150.17 2 0
github.com/claudioed/network-fulfillment/internal/application/usecases/receive_network_demand.go:151.4,152.1 1 0
github.com/claudioed/network-fulfillment/internal/application/usecases/receive_network_demand.go:153.3,153.30 1 0
github.com/claudioed/network-fulfillment/internal/application/usecases/receive_network_demand.go:155.2,155.19 1 0
github.com/claudioed/network-fulfillment/internal/application/usecases/receive_network_demand.go:163.2,164.16 2 0
github.com/claudioed/network-fulfillment/internal/application/usecases/receive_network_demand.go:165.3,166.1 1 0
github.com/claudioed/network-fulfillment/internal/application/usecases/receive_network_demand.go:167.2,167.66 1 0
github.com/claudioed/network-fulfillment/internal/application/usecases/receive_network_demand.go:168.3,169.1 1 0
github.com/claudioed/network-fulfillment/internal/application/usecases/receive_network_demand.go:170.2,170.72 1 0
github.com/claudioed/network-fulfillment/internal/application/usecases/receive_network_demand.go:186.2,186.18 1 0
github.com/claudioed/network-fulfillment/internal/application/usecases/receive_network_demand.go:187.3,187.65 1 0
github.com/claudioed/network-fulfillment/internal/application/usecases/receive_network_demand.go:188.4,189.1 1 0
github.com/claudioed/network-fulfillment/internal/application/usecases/receive_network_demand.go:191.2,191.35 1 0
github.com/claudioed/network-fulfillment/internal/application/usecases/receive_network_demand.go:192.3,193.1 1 0
github.com/claudioed/network-fulfillment/internal/application/usecases/receive_network_demand.go:194.2,194.75 1 0
github.com/claudioed/network-fulfillment/internal/application/usecases/receive_network_demand.go:195.3,195.48 1 0
github.com/claudioed/network-fulfillment/internal/application/usecases/receive_network_demand.go:196.4,197.1 1 0
github.com/claudioed/network-fulfillment/internal/application/usecases/receive_network_demand.go:198.3,203.5 1 0
github.com/claudioed/network-fulfillment/internal/application/usecases/receive_network_demand.go:205.3,206.1 1 0
github.com/claudioed/network-fulfillment/internal/application/usecases/receive_network_demand.go:207.2,207.85 1 0
github.com/claudioed/network-fulfillment/internal/application/usecases/receive_network_demand.go:208.3,209.1 1 0
github.com/claudioed/network-fulfillment/internal/application/usecases/receive_network_demand.go:210.2,210.15 1 0
github.com/claudioed/network-fulfillment/internal/application/usecases/receive_network_demand.go:224.2,224.35 1 0
github.com/claudioed/network-fulfillment/internal/application/usecases/receive_network_demand.go:225.3,226.1 1 0
github.com/claudioed/network-fulfillment/internal/application/usecases/receive_network_demand.go:227.2,227.62 1 0
github.com/claudioed/network-fulfillment/internal/application/usecases/receive_network_demand.go:228.3,229.1 1 0
github.com/claudioed/network-fulfillment/internal/application/usecases/receive_network_demand.go:230.2,230.75 1 0
github.com/claudioed/network-fulfillment/internal/application/usecases/receive_network_demand.go:231.3,231.48 1 0
github.com/claudioed/network-fulfillment/internal/application/usecases/receive_network_demand.go:232.4,233.1 1 0
github.com/claudioed/network-fulfillment/internal/application/usecases/receive_network_demand.go:234.3,240.5 1 0
github.com/claudioed/network-fulfillment/internal/application/usecases/receive_network_demand.go:242.3,243.1 1 0
github.com/claudioed/network-fulfillment/internal/application/usecases/receive_network_demand.go:244.2,244.84 1 0
github.com/claudioed/network-fulfillment/internal/application/usecases/receive_network_demand.go:245.3,246.1 1 0
github.com/claudioed/network-fulfillment/internal/application/usecases/receive_network_demand.go:253.2,253.15 1 0
github.com/claudioed/network-fulfillment/internal/application/usecases/recompute_capability_offers.go:64.2,65.16 2 0
github.com/claudioed/network-fulfillment/internal/application/usecases/recompute_capability_offers.go:66.3,67.1 1 0
github.com/claudioed/network-fulfillment/internal/application/usecases/recompute_capability_offers.go:69.2,71.1 4 0
github.com/claudioed/network-fulfillment/internal/application/usecases/recompute_capability_offers.go:72.2,73.27 4 0
github.com/claudioed/network-fulfillment/internal/application/usecases/recompute_capability_offers.go:74.3,75.1 3 0
github.com/claudioed/network-fulfillment/internal/application/usecases/recompute_capability_offers.go:76.3,77.17 3 0
github.com/claudioed/network-fulfillment/internal/application/usecases/recompute_capability_offers.go:78.4,78.23 1 0
github.com/claudioed/network-fulfillment/internal/application/usecases/recompute_capability_offers.go:79.5,81.1 1 0
github.com/claudioed/network-fulfillment/internal/application/usecases/recompute_capability_offers.go:82.4,82.12 1 0
github.com/claudioed/network-fulfillment/internal/application/usecases/recompute_capability_offers.go:85.3,86.1 3 0
github.com/claudioed/network-fulfillment/internal/application/usecases/recompute_capability_offers.go:87.3,88.17 3 0
github.com/claudioed/network-fulfillment/internal/application/usecases/recompute_capability_offers.go:89.4,89.23 1 0
github.com/claudioed/network-fulfillment/internal/application/usecases/recompute_capability_offers.go:90.5,92.1 1 0
github.com/claudioed/network-fulfillment/internal/application/usecases/recompute_capability_offers.go:93.4,93.12 1 0
github.com/claudioed/network-fulfillment/internal/application/usecases/recompute_capability_offers.go:95.3,95.66 1 0
github.com/claudioed/network-fulfillment/internal/application/usecases/recompute_capability_offers.go:96.4,97.1 1 0
github.com/claudioed/network-fulfillment/internal/application/usecases/recompute_capability_offers.go:98.3,98.51 1 0
github.com/claudioed/network-fulfillment/internal/application/usecases/recompute_capability_offers.go:99.4,99.23 1 0
github.com/claudioed/network-fulfillment/internal/application/usecases/recompute_capability_offers.go:100.5,102.1 1 0
github.com/claudioed/network-fulfillment/internal/application/usecases/recompute_capability_offers.go:103.4,103.12 1 0
github.com/claudioed/network-fulfillment/internal/application/usecases/recompute_capability_offers.go:106.2,106.17 1 0
github.com/claudioed/network-fulfillment/internal/application/usecases/recompute_capability_offers.go:116.2,116.18 1 0
github.com/claudioed/network-fulfillment/internal/application/usecases/recompute_capability_offers.go:117.3,118.1 1 0
github.com/claudioed/network-fulfillment/internal/application/usecases/recompute_capability_offers.go:119.2,121.31 3 0
github.com/claudioed/network-fulfillment/internal/application/usecases/recompute_capability_offers.go:122.3,123.13 2 0
github.com/claudioed/network-fulfillment/internal/application/usecases/recompute_capability_offers.go:124.4,124.12 1 0
github.com/claudioed/network-fulfillment/internal/application/usecases/recompute_capability_offers.go:126.3,127.17 2 0
github.com/claudioed/network-fulfillment/internal/application/usecases/recompute_capability_offers.go:129.2,129.24 1 0
github.com/claudioed/network-fulfillment/internal/application/usecases/reconcile_submitted_orders.go:43.2,44.16 2 0
github.com/claudioed/network-fulfillment/internal/application/usecases/reconcile_submitted_orders.go:45.3,46.1 1 0
github.com/claudioed/network-fulfillment/internal/application/usecases/reconcile_submitted_orders.go:48.2,49.30 2 0
github.com/claudioed/network-fulfillment/internal/application/usecases/reconcile_submitted_orders.go:50.3,51.17 2 0
github.com/claudioed/network-fulfillment/internal/application/usecases/reconcile_submitted_orders.go:56.4,56.12 1 0
github.com/claudioed/network-fulfillment/internal/application/usecases/reconcile_submitted_orders.go:58.3,58.17 1 0
github.com/claudioed/network-fulfillment/internal/application/usecases/reconcile_submitted_orders.go:60.4,60.45 1 0
github.com/claudioed/network-fulfillment/internal/application/usecases/reconcile_submitted_orders.go:61.5,61.13 1 0
github.com/claudioed/network-fulfillment/internal/application/usecases/reconcile_submitted_orders.go:63.4,63.19 1 0
github.com/claudioed/network-fulfillment/internal/application/usecases/reconcile_submitted_orders.go:65.4,65.42 1 0
github.com/claudioed/network-fulfillment/internal/application/usecases/reconcile_submitted_orders.go:66.5,66.13 1 0
github.com/claudioed/network-fulfillment/internal/application/usecases/reconcile_submitted_orders.go:68.4,68.16 1 0
github.com/claudioed/network-fulfillment/internal/application/usecases/reconcile_submitted_orders.go:70.4,70.17 1 0
github.com/claudioed/network-fulfillment/internal/application/usecases/reconcile_submitted_orders.go:73.2,73.17 1 0
github.com/claudioed/network-fulfillment/internal/application/usecases/reconcile_submitted_orders.go:81.2,81.51 1 0
github.com/claudioed/network-fulfillment/internal/application/usecases/reconcile_submitted_orders.go:82.3,83.1 1 0
github.com/claudioed/network-fulfillment/internal/application/usecases/reconcile_submitted_orders.go:84.2,84.75 1 0
github.com/claudioed/network-fulfillment/internal/application/usecases/reconcile_submitted_orders.go:85.3,86.1 1 0
github.com/claudioed/network-fulfillment/internal/application/usecases/reconcile_submitted_orders.go:87.3,88.1 1 0
github.com/claudioed/network-fulfillment/internal/application/usecases/reconcile_submitted_orders.go:89.2,89.45 1 0
github.com/claudioed/network-fulfillment/internal/application/usecases/reconcile_submitted_orders.go:90.3,91.1 1 0
github.com/claudioed/network-fulfillment/internal/application/usecases/reconcile_submitted_orders.go:92.2,92.12 1 0
github.com/claudioed/network-fulfillment/internal/application/usecases/reconcile_submitted_orders.go:101.2,101.45 1 0
github.com/claudioed/network-fulfillment/internal/application/usecases/reconcile_submitted_orders.go:102.3,102.65 1 0
github.com/claudioed/network-fulfillment/internal/application/usecases/reconcile_submitted_orders.go:103.4,104.1 1 0
github.com/claudioed/network-fulfillment/internal/application/usecases/reconcile_submitted_orders.go:106.2,106.35 1 0
github.com/claudioed/network-fulfillment/internal/application/usecases/reconcile_submitted_orders.go:107.3,108.1 1 0
github.com/claudioed/network-fulfillment/internal/application/usecases/reconcile_submitted_orders.go:109.2,109.72 1 0
github.com/claudioed/network-fulfillment/internal/application/usecases/reconcile_submitted_orders.go:110.3,110.48 1 0
github.com/claudioed/network-fulfillment/internal/application/usecases/reconcile_submitted_orders.go:111.4,112.1 1 0
github.com/claudioed/network-fulfillment/internal/application/usecases/reconcile_submitted_orders.go:113.3,118.5 1 0
github.com/claudioed/network-fulfillment/internal/application/usecases/reject_overdue_orders.go:46.2,47.1 3 0
github.com/claudioed/network-fulfillment/internal/application/usecases/reject_overdue_orders.go:48.2,49.16 3 0
github.com/claudioed/network-fulfillment/internal/application/usecases/reject_overdue_orders.go:50.3,51.1 1 0
github.com/claudioed/network-fulfillment/internal/application/usecases/reject_overdue_orders.go:53.2,54.31 2 0
github.com/claudioed/network-fulfillment/internal/application/usecases/reject_overdue_orders.go:55.3,55.37 1 0
github.com/claudioed/network-fulfillment/internal/application/usecases/reject_overdue_orders.go:56.4,56.12 1 0
github.com/claudioed/network-fulfillment/internal/application/usecases/reject_overdue_orders.go:58.3,58.46 1 0
github.com/claudioed/network-fulfillment/internal/application/usecases/reject_overdue_orders.go:64.4,64.12 1 0
github.com/claudioed/network-fulfillment/internal/application/usecases/reject_overdue_orders.go:66.3,66.17 1 0
github.com/claudioed/network-fulfillment/internal/application/usecases/reject_overdue_orders.go:68.2,68.17 1 0
github.com/claudioed/network-fulfillment/internal/application/usecases/reject_overdue_orders.go:75.2,75.45 1 0
github.com/claudioed/network-fulfillment/internal/application/usecases/reject_overdue_orders.go:76.3,76.65 1 0
github.com/claudioed/network-fulfillment/internal/application/usecases/reject_overdue_orders.go:77.4,78.1 1 0
github.com/claudioed/network-fulfillment/internal/application/usecases/reject_overdue_orders.go:80.2,80.35 1 0
github.com/claudioed/network-fulfillment/internal/application/usecases/reject_overdue_orders.go:81.3,82.1 1 0
github.com/claudioed/network-fulfillment/internal/application/usecases/reject_overdue_orders.go:86.2,86.72 1 0
github.com/claudioed/network-fulfillment/internal/application/usecases/reject_overdue_orders.go:87.3,87.48 1 0
github.com/claudioed/network-fulfillment/internal/application/usecases/reject_overdue_orders.go:88.4,89.1 1 0
github.com/claudioed/network-fulfillment/internal/application/usecases/reject_overdue_orders.go:90.3,95.5 1 0
github.com/claudioed/network-fulfillment/internal/application/usecases/sweep_acknowledgement_deadlines.go:39.2,40.1 3 0
github.com/claudioed/network-fulfillment/internal/application/usecases/sweep_acknowledgement_deadlines.go:41.2,42.16 3 0
github.com/claudioed/network-fulfillment/internal/application/usecases/sweep_acknowledgement_deadlines.go:43.3,44.1 1 0
github.com/claudioed/network-fulfillment/internal/application/usecases/sweep_acknowledgement_deadlines.go:46.2,47.31 2 0
github.com/claudioed/network-fulfillment/internal/application/usecases/sweep_acknowledgement_deadlines.go:48.3,48.37 1 0
github.com/claudioed/network-fulfillment/internal/application/usecases/sweep_acknowledgement_deadlines.go:49.4,49.12 1 0
github.com/claudioed/network-fulfillment/internal/application/usecases/sweep_acknowledgement_deadlines.go:54.3,59.18 1 0
github.com/claudioed/network-fulfillment/internal/application/usecases/sweep_acknowledgement_deadlines.go:60.4,60.12 1 0
github.com/claudioed/network-fulfillment/internal/application/usecases/sweep_acknowledgement_deadlines.go:62.3,62.15 1 0
github.com/claudioed/network-fulfillment/internal/application/usecases/sweep_acknowledgement_deadlines.go:64.2,64.17 1 0
github.com/claudioed/network-fulfillment/internal/application/usecases/unit_of_work.go:14.2,14.16 1 0
github.com/claudioed/network-fulfillment/internal/application/usecases/unit_of_work.go:15.3,16.1 1 0
github.com/claudioed/network-fulfillment/internal/application/usecases/unit_of_work.go:17.2,17.29 1 0
github.com/claudioed/network-fulfillment/internal/domain/capabilityoffer/capability_offer.go:83.2,83.15 1 12
github.com/claudioed/network-fulfillment/internal/domain/capabilityoffer/capability_offer.go:84.3,85.1 1 1
github.com/claudioed/network-fulfillment/internal/domain/capabilityoffer/capability_offer.go:86.2,86.18 1 11
github.com/claudioed/network-fulfillment/internal/domain/capabilityoffer/capability_offer.go:87.3,88.1 1 1
github.com/claudioed/network-fulfillment/internal/domain/capabilityoffer/capability_offer.go:89.2,89.28 1 10
github.com/claudioed/network-fulfillment/internal/domain/capabilityoffer/capability_offer.go:90.3,91.1 1 1
github.com/claudioed/network-fulfillment/internal/domain/capabilityoffer/capability_offer.go:92.2,92.44 1 9
github.com/claudioed/network-fulfillment/internal/domain/capabilityoffer/capability_offer.go:93.3,94.1 1 1
github.com/claudioed/network-fulfillment/internal/domain/capabilityoffer/capability_offer.go:95.2,95.15 1 8
github.com/claudioed/network-fulfillment/internal/domain/capabilityoffer/capability_offer.go:96.49,96.49 0 7
github.com/claudioed/network-fulfillment/internal/domain/capabilityoffer/capability_offer.go:98.3,98.44 1 1
github.com/claudioed/network-fulfillment/internal/domain/capabilityoffer/capability_offer.go:100.2,106.8 1 7
github.com/claudioed/network-fulfillment/internal/domain/capabilityoffer/capability_offer.go:122.2,122.65 1 5
github.com/claudioed/network-fulfillment/internal/domain/capabilityoffer/capability_offer.go:123.3,124.1 1 3
github.com/claudioed/network-fulfillment/internal/domain/capabilityoffer/capability_offer.go:125.2,126.13 2 2
github.com/claudioed/network-fulfillment/internal/domain/capabilityoffer/capability_offer.go:127.3,128.1 1 1
github.com/claudioed/network-fulfillment/internal/domain/capabilityoffer/capability_offer.go:129.2,129.89 1 2
github.com/claudioed/network-fulfillment/internal/domain/capabilityoffer/capability_offer.go:132.53,132.67 1 1
github.com/claudioed/network-fulfillment/internal/domain/capabilityoffer/capability_offer.go:133.53,133.70 1 1
github.com/claudioed/network-fulfillment/internal/domain/capabilityoffer/capability_offer.go:134.53,134.82 1 7
github.com/claudioed/network-fulfillment/internal/domain/capabilityoffer/capability_offer.go:135.53,135.69 1 6
github.com/claudioed/network-fulfillment/internal/domain/capabilityoffer/capability_offer.go:136.53,136.74 1 1
github.com/claudioed/network-fulfillment/internal/domain/networkorder/network_order.go:96.2,96.15 1 0
github.com/claudioed/network-fulfillment/internal/domain/networkorder/network_order.go:97.3,98.1 1 0
github.com/claudioed/network-fulfillment/internal/domain/networkorder/network_order.go:99.2,99.21 1 0
github.com/claudioed/network-fulfillment/internal/domain/networkorder/network_order.go:100.3,101.1 1 0
github.com/claudioed/network-fulfillment/internal/domain/networkorder/network_order.go:102.2,102.15 1 0
github.com/claudioed/network-fulfillment/internal/domain/networkorder/network_order.go:103.3,104.1 1 0
github.com/claudioed/network-fulfillment/internal/domain/networkorder/network_order.go:105.2,105.19 1 0
github.com/claudioed/network-fulfillment/internal/domain/networkorder/network_order.go:106.3,107.1 1 0
github.com/claudioed/network-fulfillment/internal/domain/networkorder/network_order.go:108.2,108.98 1 0
github.com/claudioed/network-fulfillment/internal/domain/networkorder/network_order.go:111.60,111.85 1 0
github.com/claudioed/network-fulfillment/internal/domain/networkorder/network_order.go:112.60,112.87 1 0
github.com/claudioed/network-fulfillment/internal/domain/networkorder/network_order.go:113.60,113.74 1 0
github.com/claudioed/network-fulfillment/internal/domain/networkorder/network_order.go:114.60,114.79 1 0
github.com/claudioed/network-fulfillment/internal/domain/networkorder/network_order.go:156.2,156.15 1 0
github.com/claudioed/network-fulfillment/internal/domain/networkorder/network_order.go:157.3,158.1 1 0
github.com/claudioed/network-fulfillment/internal/domain/networkorder/network_order.go:159.2,159.21 1 0
github.com/claudioed/network-fulfillment/internal/domain/networkorder/network_order.go:160.3,161.1 1 0
github.com/claudioed/network-fulfillment/internal/domain/networkorder/network_order.go:162.2,170.8 1 0
github.com/claudioed/network-fulfillment/internal/domain/networkorder/network_order.go:192.2,192.15 1 0
github.com/claudioed/network-fulfillment/internal/domain/networkorder/network_order.go:193.3,194.1 1 0
github.com/claudioed/network-fulfillment/internal/domain/networkorder/network_order.go:195.2,202.8 1 0
github.com/claudioed/network-fulfillment/internal/domain/networkorder/network_order.go:211.2,211.25 1 0
github.com/claudioed/network-fulfillment/internal/domain/networkorder/network_order.go:212.3,213.1 1 0
github.com/claudioed/network-fulfillment/internal/domain/networkorder/network_order.go:214.2,215.12 2 0
github.com/claudioed/network-fulfillment/internal/domain/networkorder/network_order.go:224.2,224.31 1 0
github.com/claudioed/network-fulfillment/internal/domain/networkorder/network_order.go:225.3,226.1 1 0
github.com/claudioed/network-fulfillment/internal/domain/networkorder/network_order.go:227.2,228.12 2 0
github.com/claudioed/network-fulfillment/internal/domain/networkorder/network_order.go:238.2,238.35 1 0
github.com/claudioed/network-fulfillment/internal/domain/networkorder/network_order.go:239.3,240.1 1 0
github.com/claudioed/network-fulfillment/internal/domain/networkorder/network_order.go:241.2,241.35 1 0
github.com/claudioed/network-fulfillment/internal/domain/networkorder/network_order.go:250.2,250.54 1 0
github.com/claudioed/network-fulfillment/internal/domain/networkorder/network_order.go:251.3,252.1 1 0
github.com/claudioed/network-fulfillment/internal/domain/networkorder/network_order.go:253.2,254.12 2 0
github.com/claudioed/network-fulfillment/internal/domain/networkorder/network_order.go:263.2,263.63 1 0
github.com/claudioed/network-fulfillment/internal/domain/networkorder/network_order.go:264.3,265.1 1 0
github.com/claudioed/network-fulfillment/internal/domain/networkorder/network_order.go:266.2,266.27 1 0
github.com/claudioed/network-fulfillment/internal/domain/networkorder/network_order.go:267.3,268.1 1 0
github.com/claudioed/network-fulfillment/internal/domain/networkorder/network_order.go:269.2,270.12 2 0
github.com/claudioed/network-fulfillment/internal/domain/networkorder/network_order.go:276.2,276.34 1 0
github.com/claudioed/network-fulfillment/internal/domain/networkorder/network_order.go:277.3,278.1 1 0
github.com/claudioed/network-fulfillment/internal/domain/networkorder/network_order.go:279.2,280.12 2 0
github.com/claudioed/network-fulfillment/internal/domain/networkorder/network_order.go:287.2,288.1 1 0
github.com/claudioed/network-fulfillment/internal/domain/networkorder/network_order.go:296.2,297.28 2 0
github.com/claudioed/network-fulfillment/internal/domain/networkorder/network_order.go:298.3,299.1 1 0
github.com/claudioed/network-fulfillment/internal/domain/networkorder/network_order.go:300.2,300.12 1 0
github.com/claudioed/network-fulfillment/internal/domain/networkorder/network_order.go:303.57,303.78 1 0
github.com/claudioed/network-fulfillment/internal/domain/networkorder/network_order.go:304.57,304.74 1 0
github.com/claudioed/network-fulfillment/internal/domain/networkorder/network_order.go:305.57,305.82 1 0
github.com/claudioed/network-fulfillment/internal/domain/networkorder/network_order.go:306.57,306.81 1 0
github.com/claudioed/network-fulfillment/internal/domain/networkorder/network_order.go:307.57,307.73 1 0
github.com/claudioed/network-fulfillment/internal/domain/networkorder/network_order.go:308.57,308.78 1 0
github.com/claudioed/network-fulfillment/internal/domain/networkorder/network_order.go:310.2,311.1 1 0
github.com/claudioed/network-fulfillment/internal/domain/networkorder/network_order.go:317.2,320.1 3 0
github.com/claudioed/network-fulfillment/internal/domain/networkorder/network_order.go:333.2,342.1 1 0
github.com/claudioed/network-fulfillment/internal/domain/shared/events.go:32.56,32.87 1 0
github.com/claudioed/network-fulfillment/internal/domain/shared/events.go:33.56,33.69 1 0
github.com/claudioed/network-fulfillment/internal/domain/shared/events.go:49.60,49.95 1 0
github.com/claudioed/network-fulfillment/internal/domain/shared/events.go:50.60,50.73 1 0
github.com/claudioed/network-fulfillment/internal/domain/shared/events.go:92.56,92.87 1 0
github.com/claudioed/network-fulfillment/internal/domain/shared/events.go:93.56,93.69 1 0
github.com/claudioed/network-fulfillment/internal/domain/shared/events.go:112.65,112.105 1 0
github.com/claudioed/network-fulfillment/internal/domain/shared/events.go:113.65,113.78 1 0
github.com/claudioed/network-fulfillment/internal/domain/shared/events.go:130.65,130.105 1 0
github.com/claudioed/network-fulfillment/internal/domain/shared/events.go:131.65,131.78 1 0
github.com/claudioed/network-fulfillment/internal/application/usecases/confirm_network_order_shipment.go:47.2,48.16 2 0
github.com/claudioed/network-fulfillment/internal/application/usecases/confirm_network_order_shipment.go:49.3,50.1 1 0
github.com/claudioed/network-fulfillment/internal/application/usecases/confirm_network_order_shipment.go:51.2,51.14 1 0
github.com/claudioed/network-fulfillment/internal/application/usecases/confirm_network_order_shipment.go:52.3,53.1 1 0
github.com/claudioed/network-fulfillment/internal/application/usecases/confirm_network_order_shipment.go:54.2,54.46 1 0
github.com/claudioed/network-fulfillment/internal/application/usecases/confirm_network_order_shipment.go:55.3,56.1 1 0
github.com/claudioed/network-fulfillment/internal/application/usecases/confirm_network_order_shipment.go:58.2,58.44 1 0
github.com/claudioed/network-fulfillment/internal/application/usecases/confirm_network_order_shipment.go:59.3,60.1 1 0
github.com/claudioed/network-fulfillment/internal/application/usecases/confirm_network_order_shipment.go:62.2,64.39 3 0
github.com/claudioed/network-fulfillment/internal/application/usecases/confirm_network_order_shipment.go:65.3,66.1 1 0
github.com/claudioed/network-fulfillment/internal/application/usecases/confirm_network_order_shipment.go:68.2,68.75 1 0
github.com/claudioed/network-fulfillment/internal/application/usecases/confirm_network_order_shipment.go:69.3,69.48 1 0
github.com/claudioed/network-fulfillment/internal/application/usecases/confirm_network_order_shipment.go:70.4,71.1 1 0
github.com/claudioed/network-fulfillment/internal/application/usecases/confirm_network_order_shipment.go:72.3,77.5 1 0
github.com/claudioed/network-fulfillment/internal/application/usecases/confirm_network_order_shipment.go:79.3,80.1 1 0
github.com/claudioed/network-fulfillment/internal/application/usecases/confirm_network_order_shipment.go:82.2,82.83 1 0
github.com/claudioed/network-fulfillment/internal/application/usecases/confirm_network_order_shipment.go:83.3,84.1 1 0
github.com/claudioed/network-fulfillment/internal/application/usecases/confirm_network_order_shipment.go:85.2,85.15 1 0
github.com/claudioed/network-fulfillment/internal/application/usecases/receive_network_demand.go:67.2,68.1 2 0
github.com/claudioed/network-fulfillment/internal/application/usecases/receive_network_demand.go:74.2,74.78 2 0
github.com/claudioed/network-fulfillment/internal/application/usecases/receive_network_demand.go:75.3,76.1 1 0
github.com/claudioed/network-fulfillment/internal/application/usecases/receive_network_demand.go:76.9,76.28 1 0
github.com/claudioed/network-fulfillment/internal/application/usecases/receive_network_demand.go:77.3,78.1 1 0
github.com/claudioed/network-fulfillment/internal/application/usecases/receive_network_demand.go:80.2,81.1 2 0
github.com/claudioed/network-fulfillment/internal/application/usecases/receive_network_demand.go:86.2,86.27 2 0
github.com/claudioed/network-fulfillment/internal/application/usecases/receive_network_demand.go:87.3,87.59 1 0
github.com/claudioed/network-fulfillment/internal/application/usecases/receive_network_demand.go:88.4,89.1 1 0
github.com/claudioed/network-fulfillment/internal/application/usecases/receive_network_demand.go:90.3,90.51 1 0
github.com/claudioed/network-fulfillment/internal/application/usecases/receive_network_demand.go:93.2,94.16 2 0
github.com/claudioed/network-fulfillment/internal/application/usecases/receive_network_demand.go:95.3,96.1 1 0
github.com/claudioed/network-fulfillment/internal/application/usecases/receive_network_demand.go:97.2,97.75 1 0
github.com/claudioed/network-fulfillment/internal/application/usecases/receive_network_demand.go:98.3,99.1 1 0
github.com/claudioed/network-fulfillment/internal/application/usecases/receive_network_demand.go:101.2,106.16 2 0
github.com/claudioed/network-fulfillment/internal/application/usecases/receive_network_demand.go:107.3,108.1 1 0
github.com/claudioed/network-fulfillment/internal/application/usecases/receive_network_demand.go:110.2,110.22 1 0
github.com/claudioed/network-fulfillment/internal/application/usecases/receive_network_demand.go:111.3,112.1 1 0
github.com/claudioed/network-fulfillment/internal/application/usecases/receive_network_demand.go:113.2,113.39 1 0
github.com/claudioed/network-fulfillment/internal/application/usecases/receive_network_demand.go:125.2,125.72 1 0
github.com/claudioed/network-fulfillment/internal/application/usecases/receive_network_demand.go:126.3,126.48 1 0
github.com/claudioed/network-fulfillment/internal/application/usecases/receive_network_demand.go:127.4,128.1 1 0
github.com/claudioed/network-fulfillment/internal/application/usecases/receive_network_demand.go:129.3,136.5 1 0
github.com/claudioed/network-fulfillment/internal/application/usecases/receive_network_demand.go:143.2,144.33 2 0
github.com/claudioed/network-fulfillment/internal/application/usecases/receive_network_demand.go:145.3,146.17 2 0
github.com/claudioed/network-fulfillment/internal/application/usecases/receive_network_demand.go:147.4,148.1 1 0
github.com/claudioed/network-fulfillment/internal/application/usecases/receive_network_demand.go:149.3,150.17 2 0
github.com/claudioed/network-fulfillment/internal/application/usecases/receive_network_demand.go:151.4,152.1 1 0
github.com/claudioed/network-fulfillment/internal/application/usecases/receive_network_demand.go:153.3,153.30 1 0
github.com/claudioed/network-fulfillment/internal/application/usecases/receive_network_demand.go:155.2,155.19 1 0
github.com/claudioed/network-fulfillment/internal/application/usecases/receive_network_demand.go:163.2,164.16 2 0
github.com/claudioed/network-fulfillment/internal/application/usecases/receive_network_demand.go:165.3,166.1 1 0
github.com/claudioed/network-fulfillment/internal/application/usecases/receive_network_demand.go:167.2,167.66 1 0
github.com/claudioed/network-fulfillment/internal/application/usecases/receive_network_demand.go:168.3,169.1 1 0
github.com/claudioed/network-fulfillment/internal/application/usecases/receive_network_demand.go:170.2,170.72 1 0
github.com/claudioed/network-fulfillment/internal/application/usecases/receive_network_demand.go:186.2,186.18 1 0
github.com/claudioed/network-fulfillment/internal/application/usecases/receive_network_demand.go:187.3,187.65 1 0
github.com/claudioed/network-fulfillment/internal/application/usecases/receive_network_demand.go:188.4,189.1 1 0
github.com/claudioed/network-fulfillment/internal/application/usecases/receive_network_demand.go:191.2,191.35 1 0
github.com/claudioed/network-fulfillment/internal/application/usecases/receive_network_demand.go:192.3,193.1 1 0
github.com/claudioed/network-fulfillment/internal/application/usecases/receive_network_demand.go:194.2,194.75 1 0
github.com/claudioed/network-fulfillment/internal/application/usecases/receive_network_demand.go:195.3,195.48 1 0
github.com/claudioed/network-fulfillment/internal/application/usecases/receive_network_demand.go:196.4,197.1 1 0
github.com/claudioed/network-fulfillment/internal/application/usecases/receive_network_demand.go:198.3,203.5 1 0
github.com/claudioed/network-fulfillment/internal/application/usecases/receive_network_demand.go:205.3,206.1 1 0
github.com/claudioed/network-fulfillment/internal/application/usecases/receive_network_demand.go:207.2,207.85 1 0
github.com/claudioed/network-fulfillment/internal/application/usecases/receive_network_demand.go:208.3,209.1 1 0
github.com/claudioed/network-fulfillment/internal/application/usecases/receive_network_demand.go:210.2,210.15 1 0
github.com/claudioed/network-fulfillment/internal/application/usecases/receive_network_demand.go:224.2,224.35 1 0
github.com/claudioed/network-fulfillment/internal/application/usecases/receive_network_demand.go:225.3,226.1 1 0
github.com/claudioed/network-fulfillment/internal/application/usecases/receive_network_demand.go:227.2,227.62 1 0
github.com/claudioed/network-fulfillment/internal/application/usecases/receive_network_demand.go:228.3,229.1 1 0
github.com/claudioed/network-fulfillment/internal/application/usecases/receive_network_demand.go:230.2,230.75 1 0
github.com/claudioed/network-fulfillment/internal/application/usecases/receive_network_demand.go:231.3,231.48 1 0
github.com/claudioed/network-fulfillment/internal/application/usecases/receive_network_demand.go:232.4,233.1 1 0
github.com/claudioed/network-fulfillment/internal/application/usecases/receive_network_demand.go:234.3,240.5 1 0
github.com/claudioed/network-fulfillment/internal/application/usecases/receive_network_demand.go:242.3,243.1 1 0
github.com/claudioed/network-fulfillment/internal/application/usecases/receive_network_demand.go:244.2,244.84 1 0
github.com/claudioed/network-fulfillment/internal/application/usecases/receive_network_demand.go:245.3,246.1 1 0
github.com/claudioed/network-fulfillment/internal/application/usecases/receive_network_demand.go:253.2,253.15 1 0
github.com/claudioed/network-fulfillment/internal/application/usecases/recompute_capability_offers.go:64.2,65.16 2 0
github.com/claudioed/network-fulfillment/internal/application/usecases/recompute_capability_offers.go:66.3,67.1 1 0
github.com/claudioed/network-fulfillment/internal/application/usecases/recompute_capability_offers.go:69.2,71.1 4 0
github.com/claudioed/network-fulfillment/internal/application/usecases/recompute_capability_offers.go:72.2,73.27 4 0
github.com/claudioed/network-fulfillment/internal/application/usecases/recompute_capability_offers.go:74.3,75.1 3 0
github.com/claudioed/network-fulfillment/internal/application/usecases/recompute_capability_offers.go:76.3,77.17 3 0
github.com/claudioed/network-fulfillment/internal/application/usecases/recompute_capability_offers.go:78.4,78.23 1 0
github.com/claudioed/network-fulfillment/internal/application/usecases/recompute_capability_offers.go:79.5,81.1 1 0
github.com/claudioed/network-fulfillment/internal/application/usecases/recompute_capability_offers.go:82.4,82.12 1 0
github.com/claudioed/network-fulfillment/internal/application/usecases/recompute_capability_offers.go:85.3,86.1 3 0
github.com/claudioed/network-fulfillment/internal/application/usecases/recompute_capability_offers.go:87.3,88.17 3 0
github.com/claudioed/network-fulfillment/internal/application/usecases/recompute_capability_offers.go:89.4,89.23 1 0
github.com/claudioed/network-fulfillment/internal/application/usecases/recompute_capability_offers.go:90.5,92.1 1 0
github.com/claudioed/network-fulfillment/internal/application/usecases/recompute_capability_offers.go:93.4,93.12 1 0
github.com/claudioed/network-fulfillment/internal/application/usecases/recompute_capability_offers.go:95.3,95.66 1 0
github.com/claudioed/network-fulfillment/internal/application/usecases/recompute_capability_offers.go:96.4,97.1 1 0
github.com/claudioed/network-fulfillment/internal/application/usecases/recompute_capability_offers.go:98.3,98.51 1 0
github.com/claudioed/network-fulfillment/internal/application/usecases/recompute_capability_offers.go:99.4,99.23 1 0
github.com/claudioed/network-fulfillment/internal/application/usecases/recompute_capability_offers.go:100.5,102.1 1 0
github.com/claudioed/network-fulfillment/internal/application/usecases/recompute_capability_offers.go:103.4,103.12 1 0
github.com/claudioed/network-fulfillment/internal/application/usecases/recompute_capability_offers.go:106.2,106.17 1 0
github.com/claudioed/network-fulfillment/internal/application/usecases/recompute_capability_offers.go:116.2,116.18 1 0
github.com/claudioed/network-fulfillment/internal/application/usecases/recompute_capability_offers.go:117.3,118.1 1 0
github.com/claudioed/network-fulfillment/internal/application/usecases/recompute_capability_offers.go:119.2,121.31 3 0
github.com/claudioed/network-fulfillment/internal/application/usecases/recompute_capability_offers.go:122.3,123.13 2 0
github.com/claudioed/network-fulfillment/internal/application/usecases/recompute_capability_offers.go:124.4,124.12 1 0
github.com/claudioed/network-fulfillment/internal/application/usecases/recompute_capability_offers.go:126.3,127.17 2 0
github.com/claudioed/network-fulfillment/internal/application/usecases/recompute_capability_offers.go:129.2,129.24 1 0
github.com/claudioed/network-fulfillment/internal/application/usecases/reconcile_submitted_orders.go:43.2,44.16 2 0
github.com/claudioed/network-fulfillment/internal/application/usecases/reconcile_submitted_orders.go:45.3,46.1 1 0
github.com/claudioed/network-fulfillment/internal/application/usecases/reconcile_submitted_orders.go:48.2,49.30 2 0
github.com/claudioed/network-fulfillment/internal/application/usecases/reconcile_submitted_orders.go:50.3,51.17 2 0
github.com/claudioed/network-fulfillment/internal/application/usecases/reconcile_submitted_orders.go:56.4,56.12 1 0
github.com/claudioed/network-fulfillment/internal/application/usecases/reconcile_submitted_orders.go:58.3,58.17 1 0
github.com/claudioed/network-fulfillment/internal/application/usecases/reconcile_submitted_orders.go:60.4,60.45 1 0
github.com/claudioed/network-fulfillment/internal/application/usecases/reconcile_submitted_orders.go:61.5,61.13 1 0
github.com/claudioed/network-fulfillment/internal/application/usecases/reconcile_submitted_orders.go:63.4,63.19 1 0
github.com/claudioed/network-fulfillment/internal/application/usecases/reconcile_submitted_orders.go:65.4,65.42 1 0
github.com/claudioed/network-fulfillment/internal/application/usecases/reconcile_submitted_orders.go:66.5,66.13 1 0
github.com/claudioed/network-fulfillment/internal/application/usecases/reconcile_submitted_orders.go:68.4,68.16 1 0
github.com/claudioed/network-fulfillment/internal/application/usecases/reconcile_submitted_orders.go:70.4,70.17 1 0
github.com/claudioed/network-fulfillment/internal/application/usecases/reconcile_submitted_orders.go:73.2,73.17 1 0
github.com/claudioed/network-fulfillment/internal/application/usecases/reconcile_submitted_orders.go:81.2,81.51 1 0
github.com/claudioed/network-fulfillment/internal/application/usecases/reconcile_submitted_orders.go:82.3,83.1 1 0
github.com/claudioed/network-fulfillment/internal/application/usecases/reconcile_submitted_orders.go:84.2,84.75 1 0
github.com/claudioed/network-fulfillment/internal/application/usecases/reconcile_submitted_orders.go:85.3,86.1 1 0
github.com/claudioed/network-fulfillment/internal/application/usecases/reconcile_submitted_orders.go:87.3,88.1 1 0
github.com/claudioed/network-fulfillment/internal/application/usecases/reconcile_submitted_orders.go:89.2,89.45 1 0
github.com/claudioed/network-fulfillment/internal/application/usecases/reconcile_submitted_orders.go:90.3,91.1 1 0
github.com/claudioed/network-fulfillment/internal/application/usecases/reconcile_submitted_orders.go:92.2,92.12 1 0
github.com/claudioed/network-fulfillment/internal/application/usecases/reconcile_submitted_orders.go:101.2,101.45 1 0
github.com/claudioed/network-fulfillment/internal/application/usecases/reconcile_submitted_orders.go:102.3,102.65 1 0
github.com/claudioed/network-fulfillment/internal/application/usecases/reconcile_submitted_orders.go:103.4,104.1 1 0
github.com/claudioed/network-fulfillment/internal/application/usecases/reconcile_submitted_orders.go:106.2,106.35 1 0
github.com/claudioed/network-fulfillment/internal/application/usecases/reconcile_submitted_orders.go:107.3,108.1 1 0
github.com/claudioed/network-fulfillment/internal/application/usecases/reconcile_submitted_orders.go:109.2,109.72 1 0
github.com/claudioed/network-fulfillment/internal/application/usecases/reconcile_submitted_orders.go:110.3,110.48 1 0
github.com/claudioed/network-fulfillment/internal/application/usecases/reconcile_submitted_orders.go:111.4,112.1 1 0
github.com/claudioed/network-fulfillment/internal/application/usecases/reconcile_submitted_orders.go:113.3,118.5 1 0
github.com/claudioed/network-fulfillment/internal/application/usecases/reject_overdue_orders.go:46.2,47.1 3 0
github.com/claudioed/network-fulfillment/internal/application/usecases/reject_overdue_orders.go:48.2,49.16 3 0
github.com/claudioed/network-fulfillment/internal/application/usecases/reject_overdue_orders.go:50.3,51.1 1 0
github.com/claudioed/network-fulfillment/internal/application/usecases/reject_overdue_orders.go:53.2,54.31 2 0
github.com/claudioed/network-fulfillment/internal/application/usecases/reject_overdue_orders.go:55.3,55.37 1 0
github.com/claudioed/network-fulfillment/internal/application/usecases/reject_overdue_orders.go:56.4,56.12 1 0
github.com/claudioed/network-fulfillment/internal/application/usecases/reject_overdue_orders.go:58.3,58.46 1 0
github.com/claudioed/network-fulfillment/internal/application/usecases/reject_overdue_orders.go:64.4,64.12 1 0
github.com/claudioed/network-fulfillment/internal/application/usecases/reject_overdue_orders.go:66.3,66.17 1 0
github.com/claudioed/network-fulfillment/internal/application/usecases/reject_overdue_orders.go:68.2,68.17 1 0
github.com/claudioed/network-fulfillment/internal/application/usecases/reject_overdue_orders.go:75.2,75.45 1 0
github.com/claudioed/network-fulfillment/internal/application/usecases/reject_overdue_orders.go:76.3,76.65 1 0
github.com/claudioed/network-fulfillment/internal/application/usecases/reject_overdue_orders.go:77.4,78.1 1 0
github.com/claudioed/network-fulfillment/internal/application/usecases/reject_overdue_orders.go:80.2,80.35 1 0
github.com/claudioed/network-fulfillment/internal/application/usecases/reject_overdue_orders.go:81.3,82.1 1 0
github.com/claudioed/network-fulfillment/internal/application/usecases/reject_overdue_orders.go:86.2,86.72 1 0
github.com/claudioed/network-fulfillment/internal/application/usecases/reject_overdue_orders.go:87.3,87.48 1 0
github.com/claudioed/network-fulfillment/internal/application/usecases/reject_overdue_orders.go:88.4,89.1 1 0
github.com/claudioed/network-fulfillment/internal/application/usecases/reject_overdue_orders.go:90.3,95.5 1 0
github.com/claudioed/network-fulfillment/internal/application/usecases/sweep_acknowledgement_deadlines.go:39.2,40.1 3 0
github.com/claudioed/network-fulfillment/internal/application/usecases/sweep_acknowledgement_deadlines.go:41.2,42.16 3 0
github.com/claudioed/network-fulfillment/internal/application/usecases/sweep_acknowledgement_deadlines.go:43.3,44.1 1 0
github.com/claudioed/network-fulfillment/internal/application/usecases/sweep_acknowledgement_deadlines.go:46.2,47.31 2 0
github.com/claudioed/network-fulfillment/internal/application/usecases/sweep_acknowledgement_deadlines.go:48.3,48.37 1 0
github.com/claudioed/network-fulfillment/internal/application/usecases/sweep_acknowledgement_deadlines.go:49.4,49.12 1 0
github.com/claudioed/network-fulfillment/internal/application/usecases/sweep_acknowledgement_deadlines.go:54.3,59.18 1 0
github.com/claudioed/network-fulfillment/internal/application/usecases/sweep_acknowledgement_deadlines.go:60.4,60.12 1 0
github.com/claudioed/network-fulfillment/internal/application/usecases/sweep_acknowledgement_deadlines.go:62.3,62.15 1 0
github.com/claudioed/network-fulfillment/internal/application/usecases/sweep_acknowledgement_deadlines.go:64.2,64.17 1 0
github.com/claudioed/network-fulfillment/internal/application/usecases/unit_of_work.go:14.2,14.16 1 0
github.com/claudioed/network-fulfillment/internal/application/usecases/unit_of_work.go:15.3,16.1 1 0
github.com/claudioed/network-fulfillment/internal/application/usecases/unit_of_work.go:17.2,17.29 1 0
github.com/claudioed/network-fulfillment/internal/domain/capabilityoffer/capability_offer.go:83.2,83.15 1 0
github.com/claudioed/network-fulfillment/internal/domain/capabilityoffer/capability_offer.go:84.3,85.1 1 0
github.com/claudioed/network-fulfillment/internal/domain/capabilityoffer/capability_offer.go:86.2,86.18 1 0
github.com/claudioed/network-fulfillment/internal/domain/capabilityoffer/capability_offer.go:87.3,88.1 1 0
github.com/claudioed/network-fulfillment/internal/domain/capabilityoffer/capability_offer.go:89.2,89.28 1 0
github.com/claudioed/network-fulfillment/internal/domain/capabilityoffer/capability_offer.go:90.3,91.1 1 0
github.com/claudioed/network-fulfillment/internal/domain/capabilityoffer/capability_offer.go:92.2,92.44 1 0
github.com/claudioed/network-fulfillment/internal/domain/capabilityoffer/capability_offer.go:93.3,94.1 1 0
github.com/claudioed/network-fulfillment/internal/domain/capabilityoffer/capability_offer.go:95.2,95.15 1 0
github.com/claudioed/network-fulfillment/internal/domain/capabilityoffer/capability_offer.go:96.49,96.49 0 0
github.com/claudioed/network-fulfillment/internal/domain/capabilityoffer/capability_offer.go:98.3,98.44 1 0
github.com/claudioed/network-fulfillment/internal/domain/capabilityoffer/capability_offer.go:100.2,106.8 1 0
github.com/claudioed/network-fulfillment/internal/domain/capabilityoffer/capability_offer.go:122.2,122.65 1 0
github.com/claudioed/network-fulfillment/internal/domain/capabilityoffer/capability_offer.go:123.3,124.1 1 0
github.com/claudioed/network-fulfillment/internal/domain/capabilityoffer/capability_offer.go:125.2,126.13 2 0
github.com/claudioed/network-fulfillment/internal/domain/capabilityoffer/capability_offer.go:127.3,128.1 1 0
github.com/claudioed/network-fulfillment/internal/domain/capabilityoffer/capability_offer.go:129.2,129.89 1 0
github.com/claudioed/network-fulfillment/internal/domain/capabilityoffer/capability_offer.go:132.53,132.67 1 0
github.com/claudioed/network-fulfillment/internal/domain/capabilityoffer/capability_offer.go:133.53,133.70 1 0
github.com/claudioed/network-fulfillment/internal/domain/capabilityoffer/capability_offer.go:134.53,134.82 1 0
github.com/claudioed/network-fulfillment/internal/domain/capabilityoffer/capability_offer.go:135.53,135.69 1 0
github.com/claudioed/network-fulfillment/internal/domain/capabilityoffer/capability_offer.go:136.53,136.74 1 0
github.com/claudioed/network-fulfillment/internal/domain/networkorder/network_order.go:96.2,96.15 1 0
github.com/claudioed/network-fulfillment/internal/domain/networkorder/network_order.go:97.3,98.1 1 0
github.com/claudioed/network-fulfillment/internal/domain/networkorder/network_order.go:99.2,99.21 1 0
github.com/claudioed/network-fulfillment/internal/domain/networkorder/network_order.go:100.3,101.1 1 0
github.com/claudioed/network-fulfillment/internal/domain/networkorder/network_order.go:102.2,102.15 1 0
github.com/claudioed/network-fulfillment/internal/domain/networkorder/network_order.go:103.3,104.1 1 0
github.com/claudioed/network-fulfillment/internal/domain/networkorder/network_order.go:105.2,105.19 1 0
github.com/claudioed/network-fulfillment/internal/domain/networkorder/network_order.go:106.3,107.1 1 0
github.com/claudioed/network-fulfillment/internal/domain/networkorder/network_order.go:108.2,108.98 1 0
github.com/claudioed/network-fulfillment/internal/domain/networkorder/network_order.go:111.60,111.85 1 0
github.com/claudioed/network-fulfillment/internal/domain/networkorder/network_order.go:112.60,112.87 1 0
github.com/claudioed/network-fulfillment/internal/domain/networkorder/network_order.go:113.60,113.74 1 0
github.com/claudioed/network-fulfillment/internal/domain/networkorder/network_order.go:114.60,114.79 1 0
github.com/claudioed/network-fulfillment/internal/domain/networkorder/network_order.go:156.2,156.15 1 0
github.com/claudioed/network-fulfillment/internal/domain/networkorder/network_order.go:157.3,158.1 1 0
github.com/claudioed/network-fulfillment/internal/domain/networkorder/network_order.go:159.2,159.21 1 0
github.com/claudioed/network-fulfillment/internal/domain/networkorder/network_order.go:160.3,161.1 1 0
github.com/claudioed/network-fulfillment/internal/domain/networkorder/network_order.go:162.2,170.8 1 0
github.com/claudioed/network-fulfillment/internal/domain/networkorder/network_order.go:192.2,192.15 1 0
github.com/claudioed/network-fulfillment/internal/domain/networkorder/network_order.go:193.3,194.1 1 0
github.com/claudioed/network-fulfillment/internal/domain/networkorder/network_order.go:195.2,202.8 1 0
github.com/claudioed/network-fulfillment/internal/domain/networkorder/network_order.go:211.2,211.25 1 0
github.com/claudioed/network-fulfillment/internal/domain/networkorder/network_order.go:212.3,213.1 1 0
github.com/claudioed/network-fulfillment/internal/domain/networkorder/network_order.go:214.2,215.12 2 0
github.com/claudioed/network-fulfillment/internal/domain/networkorder/network_order.go:224.2,224.31 1 0
github.com/claudioed/network-fulfillment/internal/domain/networkorder/network_order.go:225.3,226.1 1 0
github.com/claudioed/network-fulfillment/internal/domain/networkorder/network_order.go:227.2,228.12 2 0
github.com/claudioed/network-fulfillment/internal/domain/networkorder/network_order.go:238.2,238.35 1 0
github.com/claudioed/network-fulfillment/internal/domain/networkorder/network_order.go:239.3,240.1 1 0
github.com/claudioed/network-fulfillment/internal/domain/networkorder/network_order.go:241.2,241.35 1 0
github.com/claudioed/network-fulfillment/internal/domain/networkorder/network_order.go:250.2,250.54 1 0
github.com/claudioed/network-fulfillment/internal/domain/networkorder/network_order.go:251.3,252.1 1 0
github.com/claudioed/network-fulfillment/internal/domain/networkorder/network_order.go:253.2,254.12 2 0
github.com/claudioed/network-fulfillment/internal/domain/networkorder/network_order.go:263.2,263.63 1 0
github.com/claudioed/network-fulfillment/internal/domain/networkorder/network_order.go:264.3,265.1 1 0
github.com/claudioed/network-fulfillment/internal/domain/networkorder/network_order.go:266.2,266.27 1 0
github.com/claudioed/network-fulfillment/internal/domain/networkorder/network_order.go:267.3,268.1 1 0
github.com/claudioed/network-fulfillment/internal/domain/networkorder/network_order.go:269.2,270.12 2 0
github.com/claudioed/network-fulfillment/internal/domain/networkorder/network_order.go:276.2,276.34 1 0
github.com/claudioed/network-fulfillment/internal/domain/networkorder/network_order.go:277.3,278.1 1 0
github.com/claudioed/network-fulfillment/internal/domain/networkorder/network_order.go:279.2,280.12 2 0
github.com/claudioed/network-fulfillment/internal/domain/networkorder/network_order.go:287.2,288.1 1 0
github.com/claudioed/network-fulfillment/internal/domain/networkorder/network_order.go:296.2,297.28 2 0
github.com/claudioed/network-fulfillment/internal/domain/networkorder/network_order.go:298.3,299.1 1 0
github.com/claudioed/network-fulfillment/internal/domain/networkorder/network_order.go:300.2,300.12 1 0
github.com/claudioed/network-fulfillment/internal/domain/networkorder/network_order.go:303.57,303.78 1 0
github.com/claudioed/network-fulfillment/internal/domain/networkorder/network_order.go:304.57,304.74 1 0
github.com/claudioed/network-fulfillment/internal/domain/networkorder/network_order.go:305.57,305.82 1 0
github.com/claudioed/network-fulfillment/internal/domain/networkorder/network_order.go:306.57,306.81 1 0
github.com/claudioed/network-fulfillment/internal/domain/networkorder/network_order.go:307.57,307.73 1 0
github.com/claudioed/network-fulfillment/internal/domain/networkorder/network_order.go:308.57,308.78 1 0
github.com/claudioed/network-fulfillment/internal/domain/networkorder/network_order.go:310.2,311.1 1 0
github.com/claudioed/network-fulfillment/internal/domain/networkorder/network_order.go:317.2,320.1 3 0
github.com/claudioed/network-fulfillment/internal/domain/networkorder/network_order.go:333.2,342.1 1 0
github.com/claudioed/network-fulfillment/internal/domain/shared/events.go:32.56,32.87 1 0
github.com/claudioed/network-fulfillment/internal/domain/shared/events.go:33.56,33.69 1 0
github.com/claudioed/network-fulfillment/internal/domain/shared/events.go:49.60,49.95 1 0
github.com/claudioed/network-fulfillment/internal/domain/shared/events.go:50.60,50.73 1 0
github.com/claudioed/network-fulfillment/internal/domain/shared/events.go:92.56,92.87 1 0
github.com/claudioed/network-fulfillment/internal/domain/shared/events.go:93.56,93.69 1 0
github.com/claudioed/network-fulfillment/internal/domain/shared/events.go:112.65,112.105 1 0
github.com/claudioed/network-fulfillment/internal/domain/shared/events.go:113.65,113.78 1 0
github.com/claudioed/network-fulfillment/internal/domain/shared/events.go:130.65,130.105 1 0
github.com/claudioed/network-fulfillment/internal/domain/shared/events.go:131.65,131.78 1 0
github.com/claudioed/network-fulfillment/internal/application/usecases/confirm_network_order_shipment.go:47.2,48.16 2 0
github.com/claudioed/network-fulfillment/internal/application/usecases/confirm_network_order_shipment.go:49.3,50.1 1 0
github.com/claudioed/network-fulfillment/internal/application/usecases/confirm_network_order_shipment.go:51.2,51.14 1 0
github.com/claudioed/network-fulfillment/internal/application/usecases/confirm_network_order_shipment.go:52.3,53.1 1 0
github.com/claudioed/network-fulfillment/internal/application/usecases/confirm_network_order_shipment.go:54.2,54.46 1 0
github.com/claudioed/network-fulfillment/internal/application/usecases/confirm_network_order_shipment.go:55.3,56.1 1 0
github.com/claudioed/network-fulfillment/internal/application/usecases/confirm_network_order_shipment.go:58.2,58.44 1 0
github.com/claudioed/network-fulfillment/internal/application/usecases/confirm_network_order_shipment.go:59.3,60.1 1 0
github.com/claudioed/network-fulfillment/internal/application/usecases/confirm_network_order_shipment.go:62.2,64.39 3 0
github.com/claudioed/network-fulfillment/internal/application/usecases/confirm_network_order_shipment.go:65.3,66.1 1 0
github.com/claudioed/network-fulfillment/internal/application/usecases/confirm_network_order_shipment.go:68.2,68.75 1 0
github.com/claudioed/network-fulfillment/internal/application/usecases/confirm_network_order_shipment.go:69.3,69.48 1 0
github.com/claudioed/network-fulfillment/internal/application/usecases/confirm_network_order_shipment.go:70.4,71.1 1 0
github.com/claudioed/network-fulfillment/internal/application/usecases/confirm_network_order_shipment.go:72.3,77.5 1 0
github.com/claudioed/network-fulfillment/internal/application/usecases/confirm_network_order_shipment.go:79.3,80.1 1 0
github.com/claudioed/network-fulfillment/internal/application/usecases/confirm_network_order_shipment.go:82.2,82.83 1 0
github.com/claudioed/network-fulfillment/internal/application/usecases/confirm_network_order_shipment.go:83.3,84.1 1 0
github.com/claudioed/network-fulfillment/internal/application/usecases/confirm_network_order_shipment.go:85.2,85.15 1 0
github.com/claudioed/network-fulfillment/internal/application/usecases/receive_network_demand.go:67.2,68.1 2 0
github.com/claudioed/network-fulfillment/internal/application/usecases/receive_network_demand.go:74.2,74.78 2 0
github.com/claudioed/network-fulfillment/internal/application/usecases/receive_network_demand.go:75.3,76.1 1 0
github.com/claudioed/network-fulfillment/internal/application/usecases/receive_network_demand.go:76.9,76.28 1 0
github.com/claudioed/network-fulfillment/internal/application/usecases/receive_network_demand.go:77.3,78.1 1 0
github.com/claudioed/network-fulfillment/internal/application/usecases/receive_network_demand.go:80.2,81.1 2 0
github.com/claudioed/network-fulfillment/internal/application/usecases/receive_network_demand.go:86.2,86.27 2 0
github.com/claudioed/network-fulfillment/internal/application/usecases/receive_network_demand.go:87.3,87.59 1 0
github.com/claudioed/network-fulfillment/internal/application/usecases/receive_network_demand.go:88.4,89.1 1 0
github.com/claudioed/network-fulfillment/internal/application/usecases/receive_network_demand.go:90.3,90.51 1 0
github.com/claudioed/network-fulfillment/internal/application/usecases/receive_network_demand.go:93.2,94.16 2 0
github.com/claudioed/network-fulfillment/internal/application/usecases/receive_network_demand.go:95.3,96.1 1 0
github.com/claudioed/network-fulfillment/internal/application/usecases/receive_network_demand.go:97.2,97.75 1 0
github.com/claudioed/network-fulfillment/internal/application/usecases/receive_network_demand.go:98.3,99.1 1 0
github.com/claudioed/network-fulfillment/internal/application/usecases/receive_network_demand.go:101.2,106.16 2 0
github.com/claudioed/network-fulfillment/internal/application/usecases/receive_network_demand.go:107.3,108.1 1 0
github.com/claudioed/network-fulfillment/internal/application/usecases/receive_network_demand.go:110.2,110.22 1 0
github.com/claudioed/network-fulfillment/internal/application/usecases/receive_network_demand.go:111.3,112.1 1 0
github.com/claudioed/network-fulfillment/internal/application/usecases/receive_network_demand.go:113.2,113.39 1 0
github.com/claudioed/network-fulfillment/internal/application/usecases/receive_network_demand.go:125.2,125.72 1 0
github.com/claudioed/network-fulfillment/internal/application/usecases/receive_network_demand.go:126.3,126.48 1 0
github.com/claudioed/network-fulfillment/internal/application/usecases/receive_network_demand.go:127.4,128.1 1 0
github.com/claudioed/network-fulfillment/internal/application/usecases/receive_network_demand.go:129.3,136.5 1 0
github.com/claudioed/network-fulfillment/internal/application/usecases/receive_network_demand.go:143.2,144.33 2 0
github.com/claudioed/network-fulfillment/internal/application/usecases/receive_network_demand.go:145.3,146.17 2 0
github.com/claudioed/network-fulfillment/internal/application/usecases/receive_network_demand.go:147.4,148.1 1 0
github.com/claudioed/network-fulfillment/internal/application/usecases/receive_network_demand.go:149.3,150.17 2 0
github.com/claudioed/network-fulfillment/internal/application/usecases/receive_network_demand.go:151.4,152.1 1 0
github.com/claudioed/network-fulfillment/internal/application/usecases/receive_network_demand.go:153.3,153.30 1 0
github.com/claudioed/network-fulfillment/internal/application/usecases/receive_network_demand.go:155.2,155.19 1 0
github.com/claudioed/network-fulfillment/internal/application/usecases/receive_network_demand.go:163.2,164.16 2 0
github.com/claudioed/network-fulfillment/internal/application/usecases/receive_network_demand.go:165.3,166.1 1 0
github.com/claudioed/network-fulfillment/internal/application/usecases/receive_network_demand.go:167.2,167.66 1 0
github.com/claudioed/network-fulfillment/internal/application/usecases/receive_network_demand.go:168.3,169.1 1 0
github.com/claudioed/network-fulfillment/internal/application/usecases/receive_network_demand.go:170.2,170.72 1 0
github.com/claudioed/network-fulfillment/internal/application/usecases/receive_network_demand.go:186.2,186.18 1 0
github.com/claudioed/network-fulfillment/internal/application/usecases/receive_network_demand.go:187.3,187.65 1 0
github.com/claudioed/network-fulfillment/internal/application/usecases/receive_network_demand.go:188.4,189.1 1 0
github.com/claudioed/network-fulfillment/internal/application/usecases/receive_network_demand.go:191.2,191.35 1 0
github.com/claudioed/network-fulfillment/internal/application/usecases/receive_network_demand.go:192.3,193.1 1 0
github.com/claudioed/network-fulfillment/internal/application/usecases/receive_network_demand.go:194.2,194.75 1 0
github.com/claudioed/network-fulfillment/internal/application/usecases/receive_network_demand.go:195.3,195.48 1 0
github.com/claudioed/network-fulfillment/internal/application/usecases/receive_network_demand.go:196.4,197.1 1 0
github.com/claudioed/network-fulfillment/internal/application/usecases/receive_network_demand.go:198.3,203.5 1 0
github.com/claudioed/network-fulfillment/internal/application/usecases/receive_network_demand.go:205.3,206.1 1 0
github.com/claudioed/network-fulfillment/internal/application/usecases/receive_network_demand.go:207.2,207.85 1 0
github.com/claudioed/network-fulfillment/internal/application/usecases/receive_network_demand.go:208.3,209.1 1 0
github.com/claudioed/network-fulfillment/internal/application/usecases/receive_network_demand.go:210.2,210.15 1 0
github.com/claudioed/network-fulfillment/internal/application/usecases/receive_network_demand.go:224.2,224.35 1 0
github.com/claudioed/network-fulfillment/internal/application/usecases/receive_network_demand.go:225.3,226.1 1 0
github.com/claudioed/network-fulfillment/internal/application/usecases/receive_network_demand.go:227.2,227.62 1 0
github.com/claudioed/network-fulfillment/internal/application/usecases/receive_network_demand.go:228.3,229.1 1 0
github.com/claudioed/network-fulfillment/internal/application/usecases/receive_network_demand.go:230.2,230.75 1 0
github.com/claudioed/network-fulfillment/internal/application/usecases/receive_network_demand.go:231.3,231.48 1 0
github.com/claudioed/network-fulfillment/internal/application/usecases/receive_network_demand.go:232.4,233.1 1 0
github.com/claudioed/network-fulfillment/internal/application/usecases/receive_network_demand.go:234.3,240.5 1 0
github.com/claudioed/network-fulfillment/internal/application/usecases/receive_network_demand.go:242.3,243.1 1 0
github.com/claudioed/network-fulfillment/internal/application/usecases/receive_network_demand.go:244.2,244.84 1 0
github.com/claudioed/network-fulfillment/internal/application/usecases/receive_network_demand.go:245.3,246.1 1 0
github.com/claudioed/network-fulfillment/internal/application/usecases/receive_network_demand.go:253.2,253.15 1 0
github.com/claudioed/network-fulfillment/internal/application/usecases/recompute_capability_offers.go:64.2,65.16 2 0
github.com/claudioed/network-fulfillment/internal/application/usecases/recompute_capability_offers.go:66.3,67.1 1 0
github.com/claudioed/network-fulfillment/internal/application/usecases/recompute_capability_offers.go:69.2,71.1 4 0
github.com/claudioed/network-fulfillment/internal/application/usecases/recompute_capability_offers.go:72.2,73.27 4 0
github.com/claudioed/network-fulfillment/internal/application/usecases/recompute_capability_offers.go:74.3,75.1 3 0
github.com/claudioed/network-fulfillment/internal/application/usecases/recompute_capability_offers.go:76.3,77.17 3 0
github.com/claudioed/network-fulfillment/internal/application/usecases/recompute_capability_offers.go:78.4,78.23 1 0
github.com/claudioed/network-fulfillment/internal/application/usecases/recompute_capability_offers.go:79.5,81.1 1 0
github.com/claudioed/network-fulfillment/internal/application/usecases/recompute_capability_offers.go:82.4,82.12 1 0
github.com/claudioed/network-fulfillment/internal/application/usecases/recompute_capability_offers.go:85.3,86.1 3 0
github.com/claudioed/network-fulfillment/internal/application/usecases/recompute_capability_offers.go:87.3,88.17 3 0
github.com/claudioed/network-fulfillment/internal/application/usecases/recompute_capability_offers.go:89.4,89.23 1 0
github.com/claudioed/network-fulfillment/internal/application/usecases/recompute_capability_offers.go:90.5,92.1 1 0
github.com/claudioed/network-fulfillment/internal/application/usecases/recompute_capability_offers.go:93.4,93.12 1 0
github.com/claudioed/network-fulfillment/internal/application/usecases/recompute_capability_offers.go:95.3,95.66 1 0
github.com/claudioed/network-fulfillment/internal/application/usecases/recompute_capability_offers.go:96.4,97.1 1 0
github.com/claudioed/network-fulfillment/internal/application/usecases/recompute_capability_offers.go:98.3,98.51 1 0
github.com/claudioed/network-fulfillment/internal/application/usecases/recompute_capability_offers.go:99.4,99.23 1 0
github.com/claudioed/network-fulfillment/internal/application/usecases/recompute_capability_offers.go:100.5,102.1 1 0
github.com/claudioed/network-fulfillment/internal/application/usecases/recompute_capability_offers.go:103.4,103.12 1 0
github.com/claudioed/network-fulfillment/internal/application/usecases/recompute_capability_offers.go:106.2,106.17 1 0
github.com/claudioed/network-fulfillment/internal/application/usecases/recompute_capability_offers.go:116.2,116.18 1 0
github.com/claudioed/network-fulfillment/internal/application/usecases/recompute_capability_offers.go:117.3,118.1 1 0
github.com/claudioed/network-fulfillment/internal/application/usecases/recompute_capability_offers.go:119.2,121.31 3 0
github.com/claudioed/network-fulfillment/internal/application/usecases/recompute_capability_offers.go:122.3,123.13 2 0
github.com/claudioed/network-fulfillment/internal/application/usecases/recompute_capability_offers.go:124.4,124.12 1 0
github.com/claudioed/network-fulfillment/internal/application/usecases/recompute_capability_offers.go:126.3,127.17 2 0
github.com/claudioed/network-fulfillment/internal/application/usecases/recompute_capability_offers.go:129.2,129.24 1 0
github.com/claudioed/network-fulfillment/internal/application/usecases/reconcile_submitted_orders.go:43.2,44.16 2 0
github.com/claudioed/network-fulfillment/internal/application/usecases/reconcile_submitted_orders.go:45.3,46.1 1 0
github.com/claudioed/network-fulfillment/internal/application/usecases/reconcile_submitted_orders.go:48.2,49.30 2 0
github.com/claudioed/network-fulfillment/internal/application/usecases/reconcile_submitted_orders.go:50.3,51.17 2 0
github.com/claudioed/network-fulfillment/internal/application/usecases/reconcile_submitted_orders.go:56.4,56.12 1 0
github.com/claudioed/network-fulfillment/internal/application/usecases/reconcile_submitted_orders.go:58.3,58.17 1 0
github.com/claudioed/network-fulfillment/internal/application/usecases/reconcile_submitted_orders.go:60.4,60.45 1 0
github.com/claudioed/network-fulfillment/internal/application/usecases/reconcile_submitted_orders.go:61.5,61.13 1 0
github.com/claudioed/network-fulfillment/internal/application/usecases/reconcile_submitted_orders.go:63.4,63.19 1 0
github.com/claudioed/network-fulfillment/internal/application/usecases/reconcile_submitted_orders.go:65.4,65.42 1 0
github.com/claudioed/network-fulfillment/internal/application/usecases/reconcile_submitted_orders.go:66.5,66.13 1 0
github.com/claudioed/network-fulfillment/internal/application/usecases/reconcile_submitted_orders.go:68.4,68.16 1 0
github.com/claudioed/network-fulfillment/internal/application/usecases/reconcile_submitted_orders.go:70.4,70.17 1 0
github.com/claudioed/network-fulfillment/internal/application/usecases/reconcile_submitted_orders.go:73.2,73.17 1 0
github.com/claudioed/network-fulfillment/internal/application/usecases/reconcile_submitted_orders.go:81.2,81.51 1 0
github.com/claudioed/network-fulfillment/internal/application/usecases/reconcile_submitted_orders.go:82.3,83.1 1 0
github.com/claudioed/network-fulfillment/internal/application/usecases/reconcile_submitted_orders.go:84.2,84.75 1 0
github.com/claudioed/network-fulfillment/internal/application/usecases/reconcile_submitted_orders.go:85.3,86.1 1 0
github.com/claudioed/network-fulfillment/internal/application/usecases/reconcile_submitted_orders.go:87.3,88.1 1 0
github.com/claudioed/network-fulfillment/internal/application/usecases/reconcile_submitted_orders.go:89.2,89.45 1 0
github.com/claudioed/network-fulfillment/internal/application/usecases/reconcile_submitted_orders.go:90.3,91.1 1 0
github.com/claudioed/network-fulfillment/internal/application/usecases/reconcile_submitted_orders.go:92.2,92.12 1 0
github.com/claudioed/network-fulfillment/internal/application/usecases/reconcile_submitted_orders.go:101.2,101.45 1 0
github.com/claudioed/network-fulfillment/internal/application/usecases/reconcile_submitted_orders.go:102.3,102.65 1 0
github.com/claudioed/network-fulfillment/internal/application/usecases/reconcile_submitted_orders.go:103.4,104.1 1 0
github.com/claudioed/network-fulfillment/internal/application/usecases/reconcile_submitted_orders.go:106.2,106.35 1 0
github.com/claudioed/network-fulfillment/internal/application/usecases/reconcile_submitted_orders.go:107.3,108.1 1 0
github.com/claudioed/network-fulfillment/internal/application/usecases/reconcile_submitted_orders.go:109.2,109.72 1 0
github.com/claudioed/network-fulfillment/internal/application/usecases/reconcile_submitted_orders.go:110.3,110.48 1 0
github.com/claudioed/network-fulfillment/internal/application/usecases/reconcile_submitted_orders.go:111.4,112.1 1 0
github.com/claudioed/network-fulfillment/internal/application/usecases/reconcile_submitted_orders.go:113.3,118.5 1 0
github.com/claudioed/network-fulfillment/internal/application/usecases/reject_overdue_orders.go:46.2,47.1 3 0
github.com/claudioed/network-fulfillment/internal/application/usecases/reject_overdue_orders.go:48.2,49.16 3 0
github.com/claudioed/network-fulfillment/internal/application/usecases/reject_overdue_orders.go:50.3,51.1 1 0
github.com/claudioed/network-fulfillment/internal/application/usecases/reject_overdue_orders.go:53.2,54.31 2 0
github.com/claudioed/network-fulfillment/internal/application/usecases/reject_overdue_orders.go:55.3,55.37 1 0
github.com/claudioed/network-fulfillment/internal/application/usecases/reject_overdue_orders.go:56.4,56.12 1 0
github.com/claudioed/network-fulfillment/internal/application/usecases/reject_overdue_orders.go:58.3,58.46 1 0
github.com/claudioed/network-fulfillment/internal/application/usecases/reject_overdue_orders.go:64.4,64.12 1 0
github.com/claudioed/network-fulfillment/internal/application/usecases/reject_overdue_orders.go:66.3,66.17 1 0
github.com/claudioed/network-fulfillment/internal/application/usecases/reject_overdue_orders.go:68.2,68.17 1 0
github.com/claudioed/network-fulfillment/internal/application/usecases/reject_overdue_orders.go:75.2,75.45 1 0
github.com/claudioed/network-fulfillment/internal/application/usecases/reject_overdue_orders.go:76.3,76.65 1 0
github.com/claudioed/network-fulfillment/internal/application/usecases/reject_overdue_orders.go:77.4,78.1 1 0
github.com/claudioed/network-fulfillment/internal/application/usecases/reject_overdue_orders.go:80.2,80.35 1 0
github.com/claudioed/network-fulfillment/internal/application/usecases/reject_overdue_orders.go:81.3,82.1 1 0
github.com/claudioed/network-fulfillment/internal/application/usecases/reject_overdue_orders.go:86.2,86.72 1 0
github.com/claudioed/network-fulfillment/internal/application/usecases/reject_overdue_orders.go:87.3,87.48 1 0
github.com/claudioed/network-fulfillment/internal/application/usecases/reject_overdue_orders.go:88.4,89.1 1 0
github.com/claudioed/network-fulfillment/internal/application/usecases/reject_overdue_orders.go:90.3,95.5 1 0
github.com/claudioed/network-fulfillment/internal/application/usecases/sweep_acknowledgement_deadlines.go:39.2,40.1 3 0
github.com/claudioed/network-fulfillment/internal/application/usecases/sweep_acknowledgement_deadlines.go:41.2,42.16 3 0
github.com/claudioed/network-fulfillment/internal/application/usecases/sweep_acknowledgement_deadlines.go:43.3,44.1 1 0
github.com/claudioed/network-fulfillment/internal/application/usecases/sweep_acknowledgement_deadlines.go:46.2,47.31 2 0
github.com/claudioed/network-fulfillment/internal/application/usecases/sweep_acknowledgement_deadlines.go:48.3,48.37 1 0
github.com/claudioed/network-fulfillment/internal/application/usecases/sweep_acknowledgement_deadlines.go:49.4,49.12 1 0
github.com/claudioed/network-fulfillment/internal/application/usecases/sweep_acknowledgement_deadlines.go:54.3,59.18 1 0
github.com/claudioed/network-fulfillment/internal/application/usecases/sweep_acknowledgement_deadlines.go:60.4,60.12 1 0
github.com/claudioed/network-fulfillment/internal/application/usecases/sweep_acknowledgement_deadlines.go:62.3,62.15 1 0
github.com/claudioed/network-fulfillment/internal/application/usecases/sweep_acknowledgement_deadlines.go:64.2,64.17 1 0
github.com/claudioed/network-fulfillment/internal/application/usecases/unit_of_work.go:14.2,14.16 1 0
github.com/claudioed/network-fulfillment/internal/application/usecases/unit_of_work.go:15.3,16.1 1 0
github.com/claudioed/network-fulfillment/internal/application/usecases/unit_of_work.go:17.2,17.29 1 0
github.com/claudioed/network-fulfillment/internal/domain/capabilityoffer/capability_offer.go:83.2,83.15 1 0
github.com/claudioed/network-fulfillment/internal/domain/capabilityoffer/capability_offer.go:84.3,85.1 1 0
github.com/claudioed/network-fulfillment/internal/domain/capabilityoffer/capability_offer.go:86.2,86.18 1 0
github.com/claudioed/network-fulfillment/internal/domain/capabilityoffer/capability_offer.go:87.3,88.1 1 0
github.com/claudioed/network-fulfillment/internal/domain/capabilityoffer/capability_offer.go:89.2,89.28 1 0
github.com/claudioed/network-fulfillment/internal/domain/capabilityoffer/capability_offer.go:90.3,91.1 1 0
github.com/claudioed/network-fulfillment/internal/domain/capabilityoffer/capability_offer.go:92.2,92.44 1 0
github.com/claudioed/network-fulfillment/internal/domain/capabilityoffer/capability_offer.go:93.3,94.1 1 0
github.com/claudioed/network-fulfillment/internal/domain/capabilityoffer/capability_offer.go:95.2,95.15 1 0
github.com/claudioed/network-fulfillment/internal/domain/capabilityoffer/capability_offer.go:96.49,96.49 0 0
github.com/claudioed/network-fulfillment/internal/domain/capabilityoffer/capability_offer.go:98.3,98.44 1 0
github.com/claudioed/network-fulfillment/internal/domain/capabilityoffer/capability_offer.go:100.2,106.8 1 0
github.com/claudioed/network-fulfillment/internal/domain/capabilityoffer/capability_offer.go:122.2,122.65 1 0
github.com/claudioed/network-fulfillment/internal/domain/capabilityoffer/capability_offer.go:123.3,124.1 1 0
github.com/claudioed/network-fulfillment/internal/domain/capabilityoffer/capability_offer.go:125.2,126.13 2 0
github.com/claudioed/network-fulfillment/internal/domain/capabilityoffer/capability_offer.go:127.3,128.1 1 0
github.com/claudioed/network-fulfillment/internal/domain/capabilityoffer/capability_offer.go:129.2,129.89 1 0
github.com/claudioed/network-fulfillment/internal/domain/capabilityoffer/capability_offer.go:132.53,132.67 1 0
github.com/claudioed/network-fulfillment/internal/domain/capabilityoffer/capability_offer.go:133.53,133.70 1 0
github.com/claudioed/network-fulfillment/internal/domain/capabilityoffer/capability_offer.go:134.53,134.82 1 0
github.com/claudioed/network-fulfillment/internal/domain/capabilityoffer/capability_offer.go:135.53,135.69 1 0
github.com/claudioed/network-fulfillment/internal/domain/capabilityoffer/capability_offer.go:136.53,136.74 1 0
github.com/claudioed/network-fulfillment/internal/domain/networkorder/network_order.go:96.2,96.15 1 0
github.com/claudioed/network-fulfillment/internal/domain/networkorder/network_order.go:97.3,98.1 1 0
github.com/claudioed/network-fulfillment/internal/domain/networkorder/network_order.go:99.2,99.21 1 0
github.com/claudioed/network-fulfillment/internal/domain/networkorder/network_order.go:100.3,101.1 1 0
github.com/claudioed/network-fulfillment/internal/domain/networkorder/network_order.go:102.2,102.15 1 0
github.com/claudioed/network-fulfillment/internal/domain/networkorder/network_order.go:103.3,104.1 1 0
github.com/claudioed/network-fulfillment/internal/domain/networkorder/network_order.go:105.2,105.19 1 0
github.com/claudioed/network-fulfillment/internal/domain/networkorder/network_order.go:106.3,107.1 1 0
github.com/claudioed/network-fulfillment/internal/domain/networkorder/network_order.go:108.2,108.98 1 0
github.com/claudioed/network-fulfillment/internal/domain/networkorder/network_order.go:111.60,111.85 1 0
github.com/claudioed/network-fulfillment/internal/domain/networkorder/network_order.go:112.60,112.87 1 0
github.com/claudioed/network-fulfillment/internal/domain/networkorder/network_order.go:113.60,113.74 1 0
github.com/claudioed/network-fulfillment/internal/domain/networkorder/network_order.go:114.60,114.79 1 0
github.com/claudioed/network-fulfillment/internal/domain/networkorder/network_order.go:156.2,156.15 1 0
github.com/claudioed/network-fulfillment/internal/domain/networkorder/network_order.go:157.3,158.1 1 0
github.com/claudioed/network-fulfillment/internal/domain/networkorder/network_order.go:159.2,159.21 1 0
github.com/claudioed/network-fulfillment/internal/domain/networkorder/network_order.go:160.3,161.1 1 0
github.com/claudioed/network-fulfillment/internal/domain/networkorder/network_order.go:162.2,170.8 1 0
github.com/claudioed/network-fulfillment/internal/domain/networkorder/network_order.go:192.2,192.15 1 0
github.com/claudioed/network-fulfillment/internal/domain/networkorder/network_order.go:193.3,194.1 1 0
github.com/claudioed/network-fulfillment/internal/domain/networkorder/network_order.go:195.2,202.8 1 0
github.com/claudioed/network-fulfillment/internal/domain/networkorder/network_order.go:211.2,211.25 1 0
github.com/claudioed/network-fulfillment/internal/domain/networkorder/network_order.go:212.3,213.1 1 0
github.com/claudioed/network-fulfillment/internal/domain/networkorder/network_order.go:214.2,215.12 2 0
github.com/claudioed/network-fulfillment/internal/domain/networkorder/network_order.go:224.2,224.31 1 0
github.com/claudioed/network-fulfillment/internal/domain/networkorder/network_order.go:225.3,226.1 1 0
github.com/claudioed/network-fulfillment/internal/domain/networkorder/network_order.go:227.2,228.12 2 0
github.com/claudioed/network-fulfillment/internal/domain/networkorder/network_order.go:238.2,238.35 1 0
github.com/claudioed/network-fulfillment/internal/domain/networkorder/network_order.go:239.3,240.1 1 0
github.com/claudioed/network-fulfillment/internal/domain/networkorder/network_order.go:241.2,241.35 1 0
github.com/claudioed/network-fulfillment/internal/domain/networkorder/network_order.go:250.2,250.54 1 0
github.com/claudioed/network-fulfillment/internal/domain/networkorder/network_order.go:251.3,252.1 1 0
github.com/claudioed/network-fulfillment/internal/domain/networkorder/network_order.go:253.2,254.12 2 0
github.com/claudioed/network-fulfillment/internal/domain/networkorder/network_order.go:263.2,263.63 1 0
github.com/claudioed/network-fulfillment/internal/domain/networkorder/network_order.go:264.3,265.1 1 0
github.com/claudioed/network-fulfillment/internal/domain/networkorder/network_order.go:266.2,266.27 1 0
github.com/claudioed/network-fulfillment/internal/domain/networkorder/network_order.go:267.3,268.1 1 0
github.com/claudioed/network-fulfillment/internal/domain/networkorder/network_order.go:269.2,270.12 2 0
github.com/claudioed/network-fulfillment/internal/domain/networkorder/network_order.go:276.2,276.34 1 0
github.com/claudioed/network-fulfillment/internal/domain/networkorder/network_order.go:277.3,278.1 1 0
github.com/claudioed/network-fulfillment/internal/domain/networkorder/network_order.go:279.2,280.12 2 0
github.com/claudioed/network-fulfillment/internal/domain/networkorder/network_order.go:287.2,288.1 1 0
github.com/claudioed/network-fulfillment/internal/domain/networkorder/network_order.go:296.2,297.28 2 0
github.com/claudioed/network-fulfillment/internal/domain/networkorder/network_order.go:298.3,299.1 1 0
github.com/claudioed/network-fulfillment/internal/domain/networkorder/network_order.go:300.2,300.12 1 0
github.com/claudioed/network-fulfillment/internal/domain/networkorder/network_order.go:303.57,303.78 1 0
github.com/claudioed/network-fulfillment/internal/domain/networkorder/network_order.go:304.57,304.74 1 0
github.com/claudioed/network-fulfillment/internal/domain/networkorder/network_order.go:305.57,305.82 1 0
github.com/claudioed/network-fulfillment/internal/domain/networkorder/network_order.go:306.57,306.81 1 0
github.com/claudioed/network-fulfillment/internal/domain/networkorder/network_order.go:307.57,307.73 1 0
github.com/claudioed/network-fulfillment/internal/domain/networkorder/network_order.go:308.57,308.78 1 0
github.com/claudioed/network-fulfillment/internal/domain/networkorder/network_order.go:310.2,311.1 1 0
github.com/claudioed/network-fulfillment/internal/domain/networkorder/network_order.go:317.2,320.1 3 0
github.com/claudioed/network-fulfillment/internal/domain/networkorder/network_order.go:333.2,342.1 1 0
github.com/claudioed/network-fulfillment/internal/domain/shared/events.go:32.56,32.87 1 1
github.com/claudioed/network-fulfillment/internal/domain/shared/events.go:33.56,33.69 1 1
github.com/claudioed/network-fulfillment/internal/domain/shared/events.go:49.60,49.95 1 1
github.com/claudioed/network-fulfillment/internal/domain/shared/events.go:50.60,50.73 1 1
github.com/claudioed/network-fulfillment/internal/domain/shared/events.go:92.56,92.87 1 1
github.com/claudioed/network-fulfillment/internal/domain/shared/events.go:93.56,93.69 1 1
github.com/claudioed/network-fulfillment/internal/domain/shared/events.go:112.65,112.105 1 1
github.com/claudioed/network-fulfillment/internal/domain/shared/events.go:113.65,113.78 1 1
github.com/claudioed/network-fulfillment/internal/domain/shared/events.go:130.65,130.105 1 0
github.com/claudioed/network-fulfillment/internal/domain/shared/events.go:131.65,131.78 1 0
github.com/claudioed/network-fulfillment/internal/application/usecases/confirm_network_order_shipment.go:47.2,48.16 2 0
github.com/claudioed/network-fulfillment/internal/application/usecases/confirm_network_order_shipment.go:49.3,50.1 1 0
github.com/claudioed/network-fulfillment/internal/application/usecases/confirm_network_order_shipment.go:51.2,51.14 1 0
github.com/claudioed/network-fulfillment/internal/application/usecases/confirm_network_order_shipment.go:52.3,53.1 1 0
github.com/claudioed/network-fulfillment/internal/application/usecases/confirm_network_order_shipment.go:54.2,54.46 1 0
github.com/claudioed/network-fulfillment/internal/application/usecases/confirm_network_order_shipment.go:55.3,56.1 1 0
github.com/claudioed/network-fulfillment/internal/application/usecases/confirm_network_order_shipment.go:58.2,58.44 1 0
github.com/claudioed/network-fulfillment/internal/application/usecases/confirm_network_order_shipment.go:59.3,60.1 1 0
github.com/claudioed/network-fulfillment/internal/application/usecases/confirm_network_order_shipment.go:62.2,64.39 3 0
github.com/claudioed/network-fulfillment/internal/application/usecases/confirm_network_order_shipment.go:65.3,66.1 1 0
github.com/claudioed/network-fulfillment/internal/application/usecases/confirm_network_order_shipment.go:68.2,68.75 1 0
github.com/claudioed/network-fulfillment/internal/application/usecases/confirm_network_order_shipment.go:69.3,69.48 1 0
github.com/claudioed/network-fulfillment/internal/application/usecases/confirm_network_order_shipment.go:70.4,71.1 1 0
github.com/claudioed/network-fulfillment/internal/application/usecases/confirm_network_order_shipment.go:72.3,77.5 1 0
github.com/claudioed/network-fulfillment/internal/application/usecases/confirm_network_order_shipment.go:79.3,80.1 1 0
github.com/claudioed/network-fulfillment/internal/application/usecases/confirm_network_order_shipment.go:82.2,82.83 1 0
github.com/claudioed/network-fulfillment/internal/application/usecases/confirm_network_order_shipment.go:83.3,84.1 1 0
github.com/claudioed/network-fulfillment/internal/application/usecases/confirm_network_order_shipment.go:85.2,85.15 1 0
github.com/claudioed/network-fulfillment/internal/application/usecases/receive_network_demand.go:67.2,68.1 2 0
github.com/claudioed/network-fulfillment/internal/application/usecases/receive_network_demand.go:74.2,74.78 2 0
github.com/claudioed/network-fulfillment/internal/application/usecases/receive_network_demand.go:75.3,76.1 1 0
github.com/claudioed/network-fulfillment/internal/application/usecases/receive_network_demand.go:76.9,76.28 1 0
github.com/claudioed/network-fulfillment/internal/application/usecases/receive_network_demand.go:77.3,78.1 1 0
github.com/claudioed/network-fulfillment/internal/application/usecases/receive_network_demand.go:80.2,81.1 2 0
github.com/claudioed/network-fulfillment/internal/application/usecases/receive_network_demand.go:86.2,86.27 2 0
github.com/claudioed/network-fulfillment/internal/application/usecases/receive_network_demand.go:87.3,87.59 1 0
github.com/claudioed/network-fulfillment/internal/application/usecases/receive_network_demand.go:88.4,89.1 1 0
github.com/claudioed/network-fulfillment/internal/application/usecases/receive_network_demand.go:90.3,90.51 1 0
github.com/claudioed/network-fulfillment/internal/application/usecases/receive_network_demand.go:93.2,94.16 2 0
github.com/claudioed/network-fulfillment/internal/application/usecases/receive_network_demand.go:95.3,96.1 1 0
github.com/claudioed/network-fulfillment/internal/application/usecases/receive_network_demand.go:97.2,97.75 1 0
github.com/claudioed/network-fulfillment/internal/application/usecases/receive_network_demand.go:98.3,99.1 1 0
github.com/claudioed/network-fulfillment/internal/application/usecases/receive_network_demand.go:101.2,106.16 2 0
github.com/claudioed/network-fulfillment/internal/application/usecases/receive_network_demand.go:107.3,108.1 1 0
github.com/claudioed/network-fulfillment/internal/application/usecases/receive_network_demand.go:110.2,110.22 1 0
github.com/claudioed/network-fulfillment/internal/application/usecases/receive_network_demand.go:111.3,112.1 1 0
github.com/claudioed/network-fulfillment/internal/application/usecases/receive_network_demand.go:113.2,113.39 1 0
github.com/claudioed/network-fulfillment/internal/application/usecases/receive_network_demand.go:125.2,125.72 1 0
github.com/claudioed/network-fulfillment/internal/application/usecases/receive_network_demand.go:126.3,126.48 1 0
github.com/claudioed/network-fulfillment/internal/application/usecases/receive_network_demand.go:127.4,128.1 1 0
github.com/claudioed/network-fulfillment/internal/application/usecases/receive_network_demand.go:129.3,136.5 1 0
github.com/claudioed/network-fulfillment/internal/application/usecases/receive_network_demand.go:143.2,144.33 2 0
github.com/claudioed/network-fulfillment/internal/application/usecases/receive_network_demand.go:145.3,146.17 2 0
github.com/claudioed/network-fulfillment/internal/application/usecases/receive_network_demand.go:147.4,148.1 1 0
github.com/claudioed/network-fulfillment/internal/application/usecases/receive_network_demand.go:149.3,150.17 2 0
github.com/claudioed/network-fulfillment/internal/application/usecases/receive_network_demand.go:151.4,152.1 1 0
github.com/claudioed/network-fulfillment/internal/application/usecases/receive_network_demand.go:153.3,153.30 1 0
github.com/claudioed/network-fulfillment/internal/application/usecases/receive_network_demand.go:155.2,155.19 1 0
github.com/claudioed/network-fulfillment/internal/application/usecases/receive_network_demand.go:163.2,164.16 2 0
github.com/claudioed/network-fulfillment/internal/application/usecases/receive_network_demand.go:165.3,166.1 1 0
github.com/claudioed/network-fulfillment/internal/application/usecases/receive_network_demand.go:167.2,167.66 1 0
github.com/claudioed/network-fulfillment/internal/application/usecases/receive_network_demand.go:168.3,169.1 1 0
github.com/claudioed/network-fulfillment/internal/application/usecases/receive_network_demand.go:170.2,170.72 1 0
github.com/claudioed/network-fulfillment/internal/application/usecases/receive_network_demand.go:186.2,186.18 1 0
github.com/claudioed/network-fulfillment/internal/application/usecases/receive_network_demand.go:187.3,187.65 1 0
github.com/claudioed/network-fulfillment/internal/application/usecases/receive_network_demand.go:188.4,189.1 1 0
github.com/claudioed/network-fulfillment/internal/application/usecases/receive_network_demand.go:191.2,191.35 1 0
github.com/claudioed/network-fulfillment/internal/application/usecases/receive_network_demand.go:192.3,193.1 1 0
github.com/claudioed/network-fulfillment/internal/application/usecases/receive_network_demand.go:194.2,194.75 1 0
github.com/claudioed/network-fulfillment/internal/application/usecases/receive_network_demand.go:195.3,195.48 1 0
github.com/claudioed/network-fulfillment/internal/application/usecases/receive_network_demand.go:196.4,197.1 1 0
github.com/claudioed/network-fulfillment/internal/application/usecases/receive_network_demand.go:198.3,203.5 1 0
github.com/claudioed/network-fulfillment/internal/application/usecases/receive_network_demand.go:205.3,206.1 1 0
github.com/claudioed/network-fulfillment/internal/application/usecases/receive_network_demand.go:207.2,207.85 1 0
github.com/claudioed/network-fulfillment/internal/application/usecases/receive_network_demand.go:208.3,209.1 1 0
github.com/claudioed/network-fulfillment/internal/application/usecases/receive_network_demand.go:210.2,210.15 1 0
github.com/claudioed/network-fulfillment/internal/application/usecases/receive_network_demand.go:224.2,224.35 1 0
github.com/claudioed/network-fulfillment/internal/application/usecases/receive_network_demand.go:225.3,226.1 1 0
github.com/claudioed/network-fulfillment/internal/application/usecases/receive_network_demand.go:227.2,227.62 1 0
github.com/claudioed/network-fulfillment/internal/application/usecases/receive_network_demand.go:228.3,229.1 1 0
github.com/claudioed/network-fulfillment/internal/application/usecases/receive_network_demand.go:230.2,230.75 1 0
github.com/claudioed/network-fulfillment/internal/application/usecases/receive_network_demand.go:231.3,231.48 1 0
github.com/claudioed/network-fulfillment/internal/application/usecases/receive_network_demand.go:232.4,233.1 1 0
github.com/claudioed/network-fulfillment/internal/application/usecases/receive_network_demand.go:234.3,240.5 1 0
github.com/claudioed/network-fulfillment/internal/application/usecases/receive_network_demand.go:242.3,243.1 1 0
github.com/claudioed/network-fulfillment/internal/application/usecases/receive_network_demand.go:244.2,244.84 1 0
github.com/claudioed/network-fulfillment/internal/application/usecases/receive_network_demand.go:245.3,246.1 1 0
github.com/claudioed/network-fulfillment/internal/application/usecases/receive_network_demand.go:253.2,253.15 1 0
github.com/claudioed/network-fulfillment/internal/application/usecases/recompute_capability_offers.go:64.2,65.16 2 0
github.com/claudioed/network-fulfillment/internal/application/usecases/recompute_capability_offers.go:66.3,67.1 1 0
github.com/claudioed/network-fulfillment/internal/application/usecases/recompute_capability_offers.go:69.2,71.1 4 0
github.com/claudioed/network-fulfillment/internal/application/usecases/recompute_capability_offers.go:72.2,73.27 4 0
github.com/claudioed/network-fulfillment/internal/application/usecases/recompute_capability_offers.go:74.3,75.1 3 0
github.com/claudioed/network-fulfillment/internal/application/usecases/recompute_capability_offers.go:76.3,77.17 3 0
github.com/claudioed/network-fulfillment/internal/application/usecases/recompute_capability_offers.go:78.4,78.23 1 0
github.com/claudioed/network-fulfillment/internal/application/usecases/recompute_capability_offers.go:79.5,81.1 1 0
github.com/claudioed/network-fulfillment/internal/application/usecases/recompute_capability_offers.go:82.4,82.12 1 0
github.com/claudioed/network-fulfillment/internal/application/usecases/recompute_capability_offers.go:85.3,86.1 3 0
github.com/claudioed/network-fulfillment/internal/application/usecases/recompute_capability_offers.go:87.3,88.17 3 0
github.com/claudioed/network-fulfillment/internal/application/usecases/recompute_capability_offers.go:89.4,89.23 1 0
github.com/claudioed/network-fulfillment/internal/application/usecases/recompute_capability_offers.go:90.5,92.1 1 0
github.com/claudioed/network-fulfillment/internal/application/usecases/recompute_capability_offers.go:93.4,93.12 1 0
github.com/claudioed/network-fulfillment/internal/application/usecases/recompute_capability_offers.go:95.3,95.66 1 0
github.com/claudioed/network-fulfillment/internal/application/usecases/recompute_capability_offers.go:96.4,97.1 1 0
github.com/claudioed/network-fulfillment/internal/application/usecases/recompute_capability_offers.go:98.3,98.51 1 0
github.com/claudioed/network-fulfillment/internal/application/usecases/recompute_capability_offers.go:99.4,99.23 1 0
github.com/claudioed/network-fulfillment/internal/application/usecases/recompute_capability_offers.go:100.5,102.1 1 0
github.com/claudioed/network-fulfillment/internal/application/usecases/recompute_capability_offers.go:103.4,103.12 1 0
github.com/claudioed/network-fulfillment/internal/application/usecases/recompute_capability_offers.go:106.2,106.17 1 0
github.com/claudioed/network-fulfillment/internal/application/usecases/recompute_capability_offers.go:116.2,116.18 1 0
github.com/claudioed/network-fulfillment/internal/application/usecases/recompute_capability_offers.go:117.3,118.1 1 0
github.com/claudioed/network-fulfillment/internal/application/usecases/recompute_capability_offers.go:119.2,121.31 3 0
github.com/claudioed/network-fulfillment/internal/application/usecases/recompute_capability_offers.go:122.3,123.13 2 0
github.com/claudioed/network-fulfillment/internal/application/usecases/recompute_capability_offers.go:124.4,124.12 1 0
github.com/claudioed/network-fulfillment/internal/application/usecases/recompute_capability_offers.go:126.3,127.17 2 0
github.com/claudioed/network-fulfillment/internal/application/usecases/recompute_capability_offers.go:129.2,129.24 1 0
github.com/claudioed/network-fulfillment/internal/application/usecases/reconcile_submitted_orders.go:43.2,44.16 2 0
github.com/claudioed/network-fulfillment/internal/application/usecases/reconcile_submitted_orders.go:45.3,46.1 1 0
github.com/claudioed/network-fulfillment/internal/application/usecases/reconcile_submitted_orders.go:48.2,49.30 2 0
github.com/claudioed/network-fulfillment/internal/application/usecases/reconcile_submitted_orders.go:50.3,51.17 2 0
github.com/claudioed/network-fulfillment/internal/application/usecases/reconcile_submitted_orders.go:56.4,56.12 1 0
github.com/claudioed/network-fulfillment/internal/application/usecases/reconcile_submitted_orders.go:58.3,58.17 1 0
github.com/claudioed/network-fulfillment/internal/application/usecases/reconcile_submitted_orders.go:60.4,60.45 1 0
github.com/claudioed/network-fulfillment/internal/application/usecases/reconcile_submitted_orders.go:61.5,61.13 1 0
github.com/claudioed/network-fulfillment/internal/application/usecases/reconcile_submitted_orders.go:63.4,63.19 1 0
github.com/claudioed/network-fulfillment/internal/application/usecases/reconcile_submitted_orders.go:65.4,65.42 1 0
github.com/claudioed/network-fulfillment/internal/application/usecases/reconcile_submitted_orders.go:66.5,66.13 1 0
github.com/claudioed/network-fulfillment/internal/application/usecases/reconcile_submitted_orders.go:68.4,68.16 1 0
github.com/claudioed/network-fulfillment/internal/application/usecases/reconcile_submitted_orders.go:70.4,70.17 1 0
github.com/claudioed/network-fulfillment/internal/application/usecases/reconcile_submitted_orders.go:73.2,73.17 1 0
github.com/claudioed/network-fulfillment/internal/application/usecases/reconcile_submitted_orders.go:81.2,81.51 1 0
github.com/claudioed/network-fulfillment/internal/application/usecases/reconcile_submitted_orders.go:82.3,83.1 1 0
github.com/claudioed/network-fulfillment/internal/application/usecases/reconcile_submitted_orders.go:84.2,84.75 1 0
github.com/claudioed/network-fulfillment/internal/application/usecases/reconcile_submitted_orders.go:85.3,86.1 1 0
github.com/claudioed/network-fulfillment/internal/application/usecases/reconcile_submitted_orders.go:87.3,88.1 1 0
github.com/claudioed/network-fulfillment/internal/application/usecases/reconcile_submitted_orders.go:89.2,89.45 1 0
github.com/claudioed/network-fulfillment/internal/application/usecases/reconcile_submitted_orders.go:90.3,91.1 1 0
github.com/claudioed/network-fulfillment/internal/application/usecases/reconcile_submitted_orders.go:92.2,92.12 1 0
github.com/claudioed/network-fulfillment/internal/application/usecases/reconcile_submitted_orders.go:101.2,101.45 1 0
github.com/claudioed/network-fulfillment/internal/application/usecases/reconcile_submitted_orders.go:102.3,102.65 1 0
github.com/claudioed/network-fulfillment/internal/application/usecases/reconcile_submitted_orders.go:103.4,104.1 1 0
github.com/claudioed/network-fulfillment/internal/application/usecases/reconcile_submitted_orders.go:106.2,106.35 1 0
github.com/claudioed/network-fulfillment/internal/application/usecases/reconcile_submitted_orders.go:107.3,108.1 1 0
github.com/claudioed/network-fulfillment/internal/application/usecases/reconcile_submitted_orders.go:109.2,109.72 1 0
github.com/claudioed/network-fulfillment/internal/application/usecases/reconcile_submitted_orders.go:110.3,110.48 1 0
github.com/claudioed/network-fulfillment/internal/application/usecases/reconcile_submitted_orders.go:111.4,112.1 1 0
github.com/claudioed/network-fulfillment/internal/application/usecases/reconcile_submitted_orders.go:113.3,118.5 1 0
github.com/claudioed/network-fulfillment/internal/application/usecases/reject_overdue_orders.go:46.2,47.1 3 0
github.com/claudioed/network-fulfillment/internal/application/usecases/reject_overdue_orders.go:48.2,49.16 3 0
github.com/claudioed/network-fulfillment/internal/application/usecases/reject_overdue_orders.go:50.3,51.1 1 0
github.com/claudioed/network-fulfillment/internal/application/usecases/reject_overdue_orders.go:53.2,54.31 2 0
github.com/claudioed/network-fulfillment/internal/application/usecases/reject_overdue_orders.go:55.3,55.37 1 0
github.com/claudioed/network-fulfillment/internal/application/usecases/reject_overdue_orders.go:56.4,56.12 1 0
github.com/claudioed/network-fulfillment/internal/application/usecases/reject_overdue_orders.go:58.3,58.46 1 0
github.com/claudioed/network-fulfillment/internal/application/usecases/reject_overdue_orders.go:64.4,64.12 1 0
github.com/claudioed/network-fulfillment/internal/application/usecases/reject_overdue_orders.go:66.3,66.17 1 0
github.com/claudioed/network-fulfillment/internal/application/usecases/reject_overdue_orders.go:68.2,68.17 1 0
github.com/claudioed/network-fulfillment/internal/application/usecases/reject_overdue_orders.go:75.2,75.45 1 0
github.com/claudioed/network-fulfillment/internal/application/usecases/reject_overdue_orders.go:76.3,76.65 1 0
github.com/claudioed/network-fulfillment/internal/application/usecases/reject_overdue_orders.go:77.4,78.1 1 0
github.com/claudioed/network-fulfillment/internal/application/usecases/reject_overdue_orders.go:80.2,80.35 1 0
github.com/claudioed/network-fulfillment/internal/application/usecases/reject_overdue_orders.go:81.3,82.1 1 0
github.com/claudioed/network-fulfillment/internal/application/usecases/reject_overdue_orders.go:86.2,86.72 1 0
github.com/claudioed/network-fulfillment/internal/application/usecases/reject_overdue_orders.go:87.3,87.48 1 0
github.com/claudioed/network-fulfillment/internal/application/usecases/reject_overdue_orders.go:88.4,89.1 1 0
github.com/claudioed/network-fulfillment/internal/application/usecases/reject_overdue_orders.go:90.3,95.5 1 0
github.com/claudioed/network-fulfillment/internal/application/usecases/sweep_acknowledgement_deadlines.go:39.2,40.1 3 0
github.com/claudioed/network-fulfillment/internal/application/usecases/sweep_acknowledgement_deadlines.go:41.2,42.16 3 0
github.com/claudioed/network-fulfillment/internal/application/usecases/sweep_acknowledgement_deadlines.go:43.3,44.1 1 0
github.com/claudioed/network-fulfillment/internal/application/usecases/sweep_acknowledgement_deadlines.go:46.2,47.31 2 0
github.com/claudioed/network-fulfillment/internal/application/usecases/sweep_acknowledgement_deadlines.go:48.3,48.37 1 0
github.com/claudioed/network-fulfillment/internal/application/usecases/sweep_acknowledgement_deadlines.go:49.4,49.12 1 0
github.com/claudioed/network-fulfillment/internal/application/usecases/sweep_acknowledgement_deadlines.go:54.3,59.18 1 0
github.com/claudioed/network-fulfillment/internal/application/usecases/sweep_acknowledgement_deadlines.go:60.4,60.12 1 0
github.com/claudioed/network-fulfillment/internal/application/usecases/sweep_acknowledgement_deadlines.go:62.3,62.15 1 0
github.com/claudioed/network-fulfillment/internal/application/usecases/sweep_acknowledgement_deadlines.go:64.2,64.17 1 0
github.com/claudioed/network-fulfillment/internal/application/usecases/unit_of_work.go:14.2,14.16 1 0
github.com/claudioed/network-fulfillment/internal/application/usecases/unit_of_work.go:15.3,16.1 1 0
github.com/claudioed/network-fulfillment/internal/application/usecases/unit_of_work.go:17.2,17.29 1 0
github.com/claudioed/network-fulfillment/internal/domain/capabilityoffer/capability_offer.go:83.2,83.15 1 0
github.com/claudioed/network-fulfillment/internal/domain/capabilityoffer/capability_offer.go:84.3,85.1 1 0
github.com/claudioed/network-fulfillment/internal/domain/capabilityoffer/capability_offer.go:86.2,86.18 1 0
github.com/claudioed/network-fulfillment/internal/domain/capabilityoffer/capability_offer.go:87.3,88.1 1 0
github.com/claudioed/network-fulfillment/internal/domain/capabilityoffer/capability_offer.go:89.2,89.28 1 0
github.com/claudioed/network-fulfillment/internal/domain/capabilityoffer/capability_offer.go:90.3,91.1 1 0
github.com/claudioed/network-fulfillment/internal/domain/capabilityoffer/capability_offer.go:92.2,92.44 1 0
github.com/claudioed/network-fulfillment/internal/domain/capabilityoffer/capability_offer.go:93.3,94.1 1 0
github.com/claudioed/network-fulfillment/internal/domain/capabilityoffer/capability_offer.go:95.2,95.15 1 0
github.com/claudioed/network-fulfillment/internal/domain/capabilityoffer/capability_offer.go:96.49,96.49 0 0
github.com/claudioed/network-fulfillment/internal/domain/capabilityoffer/capability_offer.go:98.3,98.44 1 0
github.com/claudioed/network-fulfillment/internal/domain/capabilityoffer/capability_offer.go:100.2,106.8 1 0
github.com/claudioed/network-fulfillment/internal/domain/capabilityoffer/capability_offer.go:122.2,122.65 1 0
github.com/claudioed/network-fulfillment/internal/domain/capabilityoffer/capability_offer.go:123.3,124.1 1 0
github.com/claudioed/network-fulfillment/internal/domain/capabilityoffer/capability_offer.go:125.2,126.13 2 0
github.com/claudioed/network-fulfillment/internal/domain/capabilityoffer/capability_offer.go:127.3,128.1 1 0
github.com/claudioed/network-fulfillment/internal/domain/capabilityoffer/capability_offer.go:129.2,129.89 1 0
github.com/claudioed/network-fulfillment/internal/domain/capabilityoffer/capability_offer.go:132.53,132.67 1 0
github.com/claudioed/network-fulfillment/internal/domain/capabilityoffer/capability_offer.go:133.53,133.70 1 0
github.com/claudioed/network-fulfillment/internal/domain/capabilityoffer/capability_offer.go:134.53,134.82 1 0
github.com/claudioed/network-fulfillment/internal/domain/capabilityoffer/capability_offer.go:135.53,135.69 1 0
github.com/claudioed/network-fulfillment/internal/domain/capabilityoffer/capability_offer.go:136.53,136.74 1 0
github.com/claudioed/network-fulfillment/internal/domain/networkorder/network_order.go:96.2,96.15 1 22
github.com/claudioed/network-fulfillment/internal/domain/networkorder/network_order.go:97.3,98.1 1 1
github.com/claudioed/network-fulfillment/internal/domain/networkorder/network_order.go:99.2,99.21 1 21
github.com/claudioed/network-fulfillment/internal/domain/networkorder/network_order.go:100.3,101.1 1 1
github.com/claudioed/network-fulfillment/internal/domain/networkorder/network_order.go:102.2,102.15 1 20
github.com/claudioed/network-fulfillment/internal/domain/networkorder/network_order.go:103.3,104.1 1 1
github.com/claudioed/network-fulfillment/internal/domain/networkorder/network_order.go:105.2,105.19 1 19
github.com/claudioed/network-fulfillment/internal/domain/networkorder/network_order.go:106.3,107.1 1 2
github.com/claudioed/network-fulfillment/internal/domain/networkorder/network_order.go:108.2,108.98 1 17
github.com/claudioed/network-fulfillment/internal/domain/networkorder/network_order.go:111.60,111.85 1 1
github.com/claudioed/network-fulfillment/internal/domain/networkorder/network_order.go:112.60,112.87 1 1
github.com/claudioed/network-fulfillment/internal/domain/networkorder/network_order.go:113.60,113.74 1 2
github.com/claudioed/network-fulfillment/internal/domain/networkorder/network_order.go:114.60,114.79 1 1
github.com/claudioed/network-fulfillment/internal/domain/networkorder/network_order.go:156.2,156.15 1 14
github.com/claudioed/network-fulfillment/internal/domain/networkorder/network_order.go:157.3,158.1 1 1
github.com/claudioed/network-fulfillment/internal/domain/networkorder/network_order.go:159.2,159.21 1 13
github.com/claudioed/network-fulfillment/internal/domain/networkorder/network_order.go:160.3,161.1 1 1
github.com/claudioed/network-fulfillment/internal/domain/networkorder/network_order.go:162.2,170.8 1 12
github.com/claudioed/network-fulfillment/internal/domain/networkorder/network_order.go:192.2,192.15 1 2
github.com/claudioed/network-fulfillment/internal/domain/networkorder/network_order.go:193.3,194.1 1 1
github.com/claudioed/network-fulfillment/internal/domain/networkorder/network_order.go:195.2,202.8 1 1
github.com/claudioed/network-fulfillment/internal/domain/networkorder/network_order.go:211.2,211.25 1 10
github.com/claudioed/network-fulfillment/internal/domain/networkorder/network_order.go:212.3,213.1 1 4
github.com/claudioed/network-fulfillment/internal/domain/networkorder/network_order.go:214.2,215.12 2 6
github.com/claudioed/network-fulfillment/internal/domain/networkorder/network_order.go:224.2,224.31 1 7
github.com/claudioed/network-fulfillment/internal/domain/networkorder/network_order.go:225.3,226.1 1 2
github.com/claudioed/network-fulfillment/internal/domain/networkorder/network_order.go:227.2,228.12 2 5
github.com/claudioed/network-fulfillment/internal/domain/networkorder/network_order.go:238.2,238.35 1 7
github.com/claudioed/network-fulfillment/internal/domain/networkorder/network_order.go:239.3,240.1 1 3
github.com/claudioed/network-fulfillment/internal/domain/networkorder/network_order.go:241.2,241.35 1 4
github.com/claudioed/network-fulfillment/internal/domain/networkorder/network_order.go:250.2,250.54 1 4
github.com/claudioed/network-fulfillment/internal/domain/networkorder/network_order.go:251.3,252.1 1 1
github.com/claudioed/network-fulfillment/internal/domain/networkorder/network_order.go:253.2,254.12 2 3
github.com/claudioed/network-fulfillment/internal/domain/networkorder/network_order.go:263.2,263.63 1 3
github.com/claudioed/network-fulfillment/internal/domain/networkorder/network_order.go:264.3,265.1 1 1
github.com/claudioed/network-fulfillment/internal/domain/networkorder/network_order.go:266.2,266.27 1 2
github.com/claudioed/network-fulfillment/internal/domain/networkorder/network_order.go:267.3,268.1 1 1
github.com/claudioed/network-fulfillment/internal/domain/networkorder/network_order.go:269.2,270.12 2 1
github.com/claudioed/network-fulfillment/internal/domain/networkorder/network_order.go:276.2,276.34 1 2
github.com/claudioed/network-fulfillment/internal/domain/networkorder/network_order.go:277.3,278.1 1 1
github.com/claudioed/network-fulfillment/internal/domain/networkorder/network_order.go:279.2,280.12 2 1
github.com/claudioed/network-fulfillment/internal/domain/networkorder/network_order.go:287.2,288.1 1 3
github.com/claudioed/network-fulfillment/internal/domain/networkorder/network_order.go:296.2,297.28 2 1
github.com/claudioed/network-fulfillment/internal/domain/networkorder/network_order.go:298.3,299.1 1 3
github.com/claudioed/network-fulfillment/internal/domain/networkorder/network_order.go:300.2,300.12 1 1
github.com/claudioed/network-fulfillment/internal/domain/networkorder/network_order.go:303.57,303.78 1 1
github.com/claudioed/network-fulfillment/internal/domain/networkorder/network_order.go:304.57,304.74 1 1
github.com/claudioed/network-fulfillment/internal/domain/networkorder/network_order.go:305.57,305.82 1 1
github.com/claudioed/network-fulfillment/internal/domain/networkorder/network_order.go:306.57,306.81 1 3
github.com/claudioed/network-fulfillment/internal/domain/networkorder/network_order.go:307.57,307.73 1 6
github.com/claudioed/network-fulfillment/internal/domain/networkorder/network_order.go:308.57,308.78 1 1
github.com/claudioed/network-fulfillment/internal/domain/networkorder/network_order.go:310.2,311.1 1 3
github.com/claudioed/network-fulfillment/internal/domain/networkorder/network_order.go:317.2,320.1 3 4
github.com/claudioed/network-fulfillment/internal/domain/networkorder/network_order.go:333.2,342.1 1 1
github.com/claudioed/network-fulfillment/internal/domain/shared/events.go:32.56,32.87 1 0
github.com/claudioed/network-fulfillment/internal/domain/shared/events.go:33.56,33.69 1 0
github.com/claudioed/network-fulfillment/internal/domain/shared/events.go:49.60,49.95 1 0
github.com/claudioed/network-fulfillment/internal/domain/shared/events.go:50.60,50.73 1 0
github.com/claudioed/network-fulfillment/internal/domain/shared/events.go:92.56,92.87 1 0
github.com/claudioed/network-fulfillment/internal/domain/shared/events.go:93.56,93.69 1 0
github.com/claudioed/network-fulfillment/internal/domain/shared/events.go:112.65,112.105 1 0
github.com/claudioed/network-fulfillment/internal/domain/shared/events.go:113.65,113.78 1 0
github.com/claudioed/network-fulfillment/internal/domain/shared/events.go:130.65,130.105 1 0
github.com/claudioed/network-fulfillment/internal/domain/shared/events.go:131.65,131.78 1 0
github.com/claudioed/network-fulfillment/internal/application/usecases/confirm_network_order_shipment.go:47.2,48.16 2 0
github.com/claudioed/network-fulfillment/internal/application/usecases/confirm_network_order_shipment.go:49.3,50.1 1 0
github.com/claudioed/network-fulfillment/internal/application/usecases/confirm_network_order_shipment.go:51.2,51.14 1 0
github.com/claudioed/network-fulfillment/internal/application/usecases/confirm_network_order_shipment.go:52.3,53.1 1 0
github.com/claudioed/network-fulfillment/internal/application/usecases/confirm_network_order_shipment.go:54.2,54.46 1 0
github.com/claudioed/network-fulfillment/internal/application/usecases/confirm_network_order_shipment.go:55.3,56.1 1 0
github.com/claudioed/network-fulfillment/internal/application/usecases/confirm_network_order_shipment.go:58.2,58.44 1 0
github.com/claudioed/network-fulfillment/internal/application/usecases/confirm_network_order_shipment.go:59.3,60.1 1 0
github.com/claudioed/network-fulfillment/internal/application/usecases/confirm_network_order_shipment.go:62.2,64.39 3 0
github.com/claudioed/network-fulfillment/internal/application/usecases/confirm_network_order_shipment.go:65.3,66.1 1 0
github.com/claudioed/network-fulfillment/internal/application/usecases/confirm_network_order_shipment.go:68.2,68.75 1 0
github.com/claudioed/network-fulfillment/internal/application/usecases/confirm_network_order_shipment.go:69.3,69.48 1 0
github.com/claudioed/network-fulfillment/internal/application/usecases/confirm_network_order_shipment.go:70.4,71.1 1 0
github.com/claudioed/network-fulfillment/internal/application/usecases/confirm_network_order_shipment.go:72.3,77.5 1 0
github.com/claudioed/network-fulfillment/internal/application/usecases/confirm_network_order_shipment.go:79.3,80.1 1 0
github.com/claudioed/network-fulfillment/internal/application/usecases/confirm_network_order_shipment.go:82.2,82.83 1 0
github.com/claudioed/network-fulfillment/internal/application/usecases/confirm_network_order_shipment.go:83.3,84.1 1 0
github.com/claudioed/network-fulfillment/internal/application/usecases/confirm_network_order_shipment.go:85.2,85.15 1 0
github.com/claudioed/network-fulfillment/internal/application/usecases/receive_network_demand.go:67.2,68.1 2 0
github.com/claudioed/network-fulfillment/internal/application/usecases/receive_network_demand.go:74.2,74.78 2 0
github.com/claudioed/network-fulfillment/internal/application/usecases/receive_network_demand.go:75.3,76.1 1 0
github.com/claudioed/network-fulfillment/internal/application/usecases/receive_network_demand.go:76.9,76.28 1 0
github.com/claudioed/network-fulfillment/internal/application/usecases/receive_network_demand.go:77.3,78.1 1 0
github.com/claudioed/network-fulfillment/internal/application/usecases/receive_network_demand.go:80.2,81.1 2 0
github.com/claudioed/network-fulfillment/internal/application/usecases/receive_network_demand.go:86.2,86.27 2 0
github.com/claudioed/network-fulfillment/internal/application/usecases/receive_network_demand.go:87.3,87.59 1 0
github.com/claudioed/network-fulfillment/internal/application/usecases/receive_network_demand.go:88.4,89.1 1 0
github.com/claudioed/network-fulfillment/internal/application/usecases/receive_network_demand.go:90.3,90.51 1 0
github.com/claudioed/network-fulfillment/internal/application/usecases/receive_network_demand.go:93.2,94.16 2 0
github.com/claudioed/network-fulfillment/internal/application/usecases/receive_network_demand.go:95.3,96.1 1 0
github.com/claudioed/network-fulfillment/internal/application/usecases/receive_network_demand.go:97.2,97.75 1 0
github.com/claudioed/network-fulfillment/internal/application/usecases/receive_network_demand.go:98.3,99.1 1 0
github.com/claudioed/network-fulfillment/internal/application/usecases/receive_network_demand.go:101.2,106.16 2 0
github.com/claudioed/network-fulfillment/internal/application/usecases/receive_network_demand.go:107.3,108.1 1 0
github.com/claudioed/network-fulfillment/internal/application/usecases/receive_network_demand.go:110.2,110.22 1 0
github.com/claudioed/network-fulfillment/internal/application/usecases/receive_network_demand.go:111.3,112.1 1 0
github.com/claudioed/network-fulfillment/internal/application/usecases/receive_network_demand.go:113.2,113.39 1 0
github.com/claudioed/network-fulfillment/internal/application/usecases/receive_network_demand.go:125.2,125.72 1 0
github.com/claudioed/network-fulfillment/internal/application/usecases/receive_network_demand.go:126.3,126.48 1 0
github.com/claudioed/network-fulfillment/internal/application/usecases/receive_network_demand.go:127.4,128.1 1 0
github.com/claudioed/network-fulfillment/internal/application/usecases/receive_network_demand.go:129.3,136.5 1 0
github.com/claudioed/network-fulfillment/internal/application/usecases/receive_network_demand.go:143.2,144.33 2 0
github.com/claudioed/network-fulfillment/internal/application/usecases/receive_network_demand.go:145.3,146.17 2 0
github.com/claudioed/network-fulfillment/internal/application/usecases/receive_network_demand.go:147.4,148.1 1 0
github.com/claudioed/network-fulfillment/internal/application/usecases/receive_network_demand.go:149.3,150.17 2 0
github.com/claudioed/network-fulfillment/internal/application/usecases/receive_network_demand.go:151.4,152.1 1 0
github.com/claudioed/network-fulfillment/internal/application/usecases/receive_network_demand.go:153.3,153.30 1 0
github.com/claudioed/network-fulfillment/internal/application/usecases/receive_network_demand.go:155.2,155.19 1 0
github.com/claudioed/network-fulfillment/internal/application/usecases/receive_network_demand.go:163.2,164.16 2 0
github.com/claudioed/network-fulfillment/internal/application/usecases/receive_network_demand.go:165.3,166.1 1 0
github.com/claudioed/network-fulfillment/internal/application/usecases/receive_network_demand.go:167.2,167.66 1 0
github.com/claudioed/network-fulfillment/internal/application/usecases/receive_network_demand.go:168.3,169.1 1 0
github.com/claudioed/network-fulfillment/internal/application/usecases/receive_network_demand.go:170.2,170.72 1 0
github.com/claudioed/network-fulfillment/internal/application/usecases/receive_network_demand.go:186.2,186.18 1 0
github.com/claudioed/network-fulfillment/internal/application/usecases/receive_network_demand.go:187.3,187.65 1 0
github.com/claudioed/network-fulfillment/internal/application/usecases/receive_network_demand.go:188.4,189.1 1 0
github.com/claudioed/network-fulfillment/internal/application/usecases/receive_network_demand.go:191.2,191.35 1 0
github.com/claudioed/network-fulfillment/internal/application/usecases/receive_network_demand.go:192.3,193.1 1 0
github.com/claudioed/network-fulfillment/internal/application/usecases/receive_network_demand.go:194.2,194.75 1 0
github.com/claudioed/network-fulfillment/internal/application/usecases/receive_network_demand.go:195.3,195.48 1 0
github.com/claudioed/network-fulfillment/internal/application/usecases/receive_network_demand.go:196.4,197.1 1 0
github.com/claudioed/network-fulfillment/internal/application/usecases/receive_network_demand.go:198.3,203.5 1 0
github.com/claudioed/network-fulfillment/internal/application/usecases/receive_network_demand.go:205.3,206.1 1 0
github.com/claudioed/network-fulfillment/internal/application/usecases/receive_network_demand.go:207.2,207.85 1 0
github.com/claudioed/network-fulfillment/internal/application/usecases/receive_network_demand.go:208.3,209.1 1 0
github.com/claudioed/network-fulfillment/internal/application/usecases/receive_network_demand.go:210.2,210.15 1 0
github.com/claudioed/network-fulfillment/internal/application/usecases/receive_network_demand.go:224.2,224.35 1 0
github.com/claudioed/network-fulfillment/internal/application/usecases/receive_network_demand.go:225.3,226.1 1 0
github.com/claudioed/network-fulfillment/internal/application/usecases/receive_network_demand.go:227.2,227.62 1 0
github.com/claudioed/network-fulfillment/internal/application/usecases/receive_network_demand.go:228.3,229.1 1 0
github.com/claudioed/network-fulfillment/internal/application/usecases/receive_network_demand.go:230.2,230.75 1 0
github.com/claudioed/network-fulfillment/internal/application/usecases/receive_network_demand.go:231.3,231.48 1 0
github.com/claudioed/network-fulfillment/internal/application/usecases/receive_network_demand.go:232.4,233.1 1 0
github.com/claudioed/network-fulfillment/internal/application/usecases/receive_network_demand.go:234.3,240.5 1 0
github.com/claudioed/network-fulfillment/internal/application/usecases/receive_network_demand.go:242.3,243.1 1 0
github.com/claudioed/network-fulfillment/internal/application/usecases/receive_network_demand.go:244.2,244.84 1 0
github.com/claudioed/network-fulfillment/internal/application/usecases/receive_network_demand.go:245.3,246.1 1 0
github.com/claudioed/network-fulfillment/internal/application/usecases/receive_network_demand.go:253.2,253.15 1 0
github.com/claudioed/network-fulfillment/internal/application/usecases/recompute_capability_offers.go:64.2,65.16 2 0
github.com/claudioed/network-fulfillment/internal/application/usecases/recompute_capability_offers.go:66.3,67.1 1 0
github.com/claudioed/network-fulfillment/internal/application/usecases/recompute_capability_offers.go:69.2,71.1 4 0
github.com/claudioed/network-fulfillment/internal/application/usecases/recompute_capability_offers.go:72.2,73.27 4 0
github.com/claudioed/network-fulfillment/internal/application/usecases/recompute_capability_offers.go:74.3,75.1 3 0
github.com/claudioed/network-fulfillment/internal/application/usecases/recompute_capability_offers.go:76.3,77.17 3 0
github.com/claudioed/network-fulfillment/internal/application/usecases/recompute_capability_offers.go:78.4,78.23 1 0
github.com/claudioed/network-fulfillment/internal/application/usecases/recompute_capability_offers.go:79.5,81.1 1 0
github.com/claudioed/network-fulfillment/internal/application/usecases/recompute_capability_offers.go:82.4,82.12 1 0
github.com/claudioed/network-fulfillment/internal/application/usecases/recompute_capability_offers.go:85.3,86.1 3 0
github.com/claudioed/network-fulfillment/internal/application/usecases/recompute_capability_offers.go:87.3,88.17 3 0
github.com/claudioed/network-fulfillment/internal/application/usecases/recompute_capability_offers.go:89.4,89.23 1 0
github.com/claudioed/network-fulfillment/internal/application/usecases/recompute_capability_offers.go:90.5,92.1 1 0
github.com/claudioed/network-fulfillment/internal/application/usecases/recompute_capability_offers.go:93.4,93.12 1 0
github.com/claudioed/network-fulfillment/internal/application/usecases/recompute_capability_offers.go:95.3,95.66 1 0
github.com/claudioed/network-fulfillment/internal/application/usecases/recompute_capability_offers.go:96.4,97.1 1 0
github.com/claudioed/network-fulfillment/internal/application/usecases/recompute_capability_offers.go:98.3,98.51 1 0
github.com/claudioed/network-fulfillment/internal/application/usecases/recompute_capability_offers.go:99.4,99.23 1 0
github.com/claudioed/network-fulfillment/internal/application/usecases/recompute_capability_offers.go:100.5,102.1 1 0
github.com/claudioed/network-fulfillment/internal/application/usecases/recompute_capability_offers.go:103.4,103.12 1 0
github.com/claudioed/network-fulfillment/internal/application/usecases/recompute_capability_offers.go:106.2,106.17 1 0
github.com/claudioed/network-fulfillment/internal/application/usecases/recompute_capability_offers.go:116.2,116.18 1 0
github.com/claudioed/network-fulfillment/internal/application/usecases/recompute_capability_offers.go:117.3,118.1 1 0
github.com/claudioed/network-fulfillment/internal/application/usecases/recompute_capability_offers.go:119.2,121.31 3 0
github.com/claudioed/network-fulfillment/internal/application/usecases/recompute_capability_offers.go:122.3,123.13 2 0
github.com/claudioed/network-fulfillment/internal/application/usecases/recompute_capability_offers.go:124.4,124.12 1 0
github.com/claudioed/network-fulfillment/internal/application/usecases/recompute_capability_offers.go:126.3,127.17 2 0
github.com/claudioed/network-fulfillment/internal/application/usecases/recompute_capability_offers.go:129.2,129.24 1 0
github.com/claudioed/network-fulfillment/internal/application/usecases/reconcile_submitted_orders.go:43.2,44.16 2 0
github.com/claudioed/network-fulfillment/internal/application/usecases/reconcile_submitted_orders.go:45.3,46.1 1 0
github.com/claudioed/network-fulfillment/internal/application/usecases/reconcile_submitted_orders.go:48.2,49.30 2 0
github.com/claudioed/network-fulfillment/internal/application/usecases/reconcile_submitted_orders.go:50.3,51.17 2 0
github.com/claudioed/network-fulfillment/internal/application/usecases/reconcile_submitted_orders.go:56.4,56.12 1 0
github.com/claudioed/network-fulfillment/internal/application/usecases/reconcile_submitted_orders.go:58.3,58.17 1 0
github.com/claudioed/network-fulfillment/internal/application/usecases/reconcile_submitted_orders.go:60.4,60.45 1 0
github.com/claudioed/network-fulfillment/internal/application/usecases/reconcile_submitted_orders.go:61.5,61.13 1 0
github.com/claudioed/network-fulfillment/internal/application/usecases/reconcile_submitted_orders.go:63.4,63.19 1 0
github.com/claudioed/network-fulfillment/internal/application/usecases/reconcile_submitted_orders.go:65.4,65.42 1 0
github.com/claudioed/network-fulfillment/internal/application/usecases/reconcile_submitted_orders.go:66.5,66.13 1 0
github.com/claudioed/network-fulfillment/internal/application/usecases/reconcile_submitted_orders.go:68.4,68.16 1 0
github.com/claudioed/network-fulfillment/internal/application/usecases/reconcile_submitted_orders.go:70.4,70.17 1 0
github.com/claudioed/network-fulfillment/internal/application/usecases/reconcile_submitted_orders.go:73.2,73.17 1 0
github.com/claudioed/network-fulfillment/internal/application/usecases/reconcile_submitted_orders.go:81.2,81.51 1 0
github.com/claudioed/network-fulfillment/internal/application/usecases/reconcile_submitted_orders.go:82.3,83.1 1 0
github.com/claudioed/network-fulfillment/internal/application/usecases/reconcile_submitted_orders.go:84.2,84.75 1 0
github.com/claudioed/network-fulfillment/internal/application/usecases/reconcile_submitted_orders.go:85.3,86.1 1 0
github.com/claudioed/network-fulfillment/internal/application/usecases/reconcile_submitted_orders.go:87.3,88.1 1 0
github.com/claudioed/network-fulfillment/internal/application/usecases/reconcile_submitted_orders.go:89.2,89.45 1 0
github.com/claudioed/network-fulfillment/internal/application/usecases/reconcile_submitted_orders.go:90.3,91.1 1 0
github.com/claudioed/network-fulfillment/internal/application/usecases/reconcile_submitted_orders.go:92.2,92.12 1 0
github.com/claudioed/network-fulfillment/internal/application/usecases/reconcile_submitted_orders.go:101.2,101.45 1 0
github.com/claudioed/network-fulfillment/internal/application/usecases/reconcile_submitted_orders.go:102.3,102.65 1 0
github.com/claudioed/network-fulfillment/internal/application/usecases/reconcile_submitted_orders.go:103.4,104.1 1 0
github.com/claudioed/network-fulfillment/internal/application/usecases/reconcile_submitted_orders.go:106.2,106.35 1 0
github.com/claudioed/network-fulfillment/internal/application/usecases/reconcile_submitted_orders.go:107.3,108.1 1 0
github.com/claudioed/network-fulfillment/internal/application/usecases/reconcile_submitted_orders.go:109.2,109.72 1 0
github.com/claudioed/network-fulfillment/internal/application/usecases/reconcile_submitted_orders.go:110.3,110.48 1 0
github.com/claudioed/network-fulfillment/internal/application/usecases/reconcile_submitted_orders.go:111.4,112.1 1 0
github.com/claudioed/network-fulfillment/internal/application/usecases/reconcile_submitted_orders.go:113.3,118.5 1 0
github.com/claudioed/network-fulfillment/internal/application/usecases/reject_overdue_orders.go:46.2,47.1 3 0
github.com/claudioed/network-fulfillment/internal/application/usecases/reject_overdue_orders.go:48.2,49.16 3 0
github.com/claudioed/network-fulfillment/internal/application/usecases/reject_overdue_orders.go:50.3,51.1 1 0
github.com/claudioed/network-fulfillment/internal/application/usecases/reject_overdue_orders.go:53.2,54.31 2 0
github.com/claudioed/network-fulfillment/internal/application/usecases/reject_overdue_orders.go:55.3,55.37 1 0
github.com/claudioed/network-fulfillment/internal/application/usecases/reject_overdue_orders.go:56.4,56.12 1 0
github.com/claudioed/network-fulfillment/internal/application/usecases/reject_overdue_orders.go:58.3,58.46 1 0
github.com/claudioed/network-fulfillment/internal/application/usecases/reject_overdue_orders.go:64.4,64.12 1 0
github.com/claudioed/network-fulfillment/internal/application/usecases/reject_overdue_orders.go:66.3,66.17 1 0
github.com/claudioed/network-fulfillment/internal/application/usecases/reject_overdue_orders.go:68.2,68.17 1 0
github.com/claudioed/network-fulfillment/internal/application/usecases/reject_overdue_orders.go:75.2,75.45 1 0
github.com/claudioed/network-fulfillment/internal/application/usecases/reject_overdue_orders.go:76.3,76.65 1 0
github.com/claudioed/network-fulfillment/internal/application/usecases/reject_overdue_orders.go:77.4,78.1 1 0
github.com/claudioed/network-fulfillment/internal/application/usecases/reject_overdue_orders.go:80.2,80.35 1 0
github.com/claudioed/network-fulfillment/internal/application/usecases/reject_overdue_orders.go:81.3,82.1 1 0
github.com/claudioed/network-fulfillment/internal/application/usecases/reject_overdue_orders.go:86.2,86.72 1 0
github.com/claudioed/network-fulfillment/internal/application/usecases/reject_overdue_orders.go:87.3,87.48 1 0
github.com/claudioed/network-fulfillment/internal/application/usecases/reject_overdue_orders.go:88.4,89.1 1 0
github.com/claudioed/network-fulfillment/internal/application/usecases/reject_overdue_orders.go:90.3,95.5 1 0
github.com/claudioed/network-fulfillment/internal/application/usecases/sweep_acknowledgement_deadlines.go:39.2,40.1 3 0
github.com/claudioed/network-fulfillment/internal/application/usecases/sweep_acknowledgement_deadlines.go:41.2,42.16 3 0
github.com/claudioed/network-fulfillment/internal/application/usecases/sweep_acknowledgement_deadlines.go:43.3,44.1 1 0
github.com/claudioed/network-fulfillment/internal/application/usecases/sweep_acknowledgement_deadlines.go:46.2,47.31 2 0
github.com/claudioed/network-fulfillment/internal/application/usecases/sweep_acknowledgement_deadlines.go:48.3,48.37 1 0
github.com/claudioed/network-fulfillment/internal/application/usecases/sweep_acknowledgement_deadlines.go:49.4,49.12 1 0
github.com/claudioed/network-fulfillment/internal/application/usecases/sweep_acknowledgement_deadlines.go:54.3,59.18 1 0
github.com/claudioed/network-fulfillment/internal/application/usecases/sweep_acknowledgement_deadlines.go:60.4,60.12 1 0
github.com/claudioed/network-fulfillment/internal/application/usecases/sweep_acknowledgement_deadlines.go:62.3,62.15 1 0
github.com/claudioed/network-fulfillment/internal/application/usecases/sweep_acknowledgement_deadlines.go:64.2,64.17 1 0
github.com/claudioed/network-fulfillment/internal/application/usecases/unit_of_work.go:14.2,14.16 1 0
github.com/claudioed/network-fulfillment/internal/application/usecases/unit_of_work.go:15.3,16.1 1 0
github.com/claudioed/network-fulfillment/internal/application/usecases/unit_of_work.go:17.2,17.29 1 0
github.com/claudioed/network-fulfillment/internal/domain/capabilityoffer/capability_offer.go:83.2,83.15 1 0
github.com/claudioed/network-fulfillment/internal/domain/capabilityoffer/capability_offer.go:84.3,85.1 1 0
github.com/claudioed/network-fulfillment/internal/domain/capabilityoffer/capability_offer.go:86.2,86.18 1 0
github.com/claudioed/network-fulfillment/internal/domain/capabilityoffer/capability_offer.go:87.3,88.1 1 0
github.com/claudioed/network-fulfillment/internal/domain/capabilityoffer/capability_offer.go:89.2,89.28 1 0
github.com/claudioed/network-fulfillment/internal/domain/capabilityoffer/capability_offer.go:90.3,91.1 1 0
github.com/claudioed/network-fulfillment/internal/domain/capabilityoffer/capability_offer.go:92.2,92.44 1 0
github.com/claudioed/network-fulfillment/internal/domain/capabilityoffer/capability_offer.go:93.3,94.1 1 0
github.com/claudioed/network-fulfillment/internal/domain/capabilityoffer/capability_offer.go:95.2,95.15 1 0
github.com/claudioed/network-fulfillment/internal/domain/capabilityoffer/capability_offer.go:96.49,96.49 0 0
github.com/claudioed/network-fulfillment/internal/domain/capabilityoffer/capability_offer.go:98.3,98.44 1 0
github.com/claudioed/network-fulfillment/internal/domain/capabilityoffer/capability_offer.go:100.2,106.8 1 0
github.com/claudioed/network-fulfillment/internal/domain/capabilityoffer/capability_offer.go:122.2,122.65 1 0
github.com/claudioed/network-fulfillment/internal/domain/capabilityoffer/capability_offer.go:123.3,124.1 1 0
github.com/claudioed/network-fulfillment/internal/domain/capabilityoffer/capability_offer.go:125.2,126.13 2 0
github.com/claudioed/network-fulfillment/internal/domain/capabilityoffer/capability_offer.go:127.3,128.1 1 0
github.com/claudioed/network-fulfillment/internal/domain/capabilityoffer/capability_offer.go:129.2,129.89 1 0
github.com/claudioed/network-fulfillment/internal/domain/capabilityoffer/capability_offer.go:132.53,132.67 1 0
github.com/claudioed/network-fulfillment/internal/domain/capabilityoffer/capability_offer.go:133.53,133.70 1 0
github.com/claudioed/network-fulfillment/internal/domain/capabilityoffer/capability_offer.go:134.53,134.82 1 0
github.com/claudioed/network-fulfillment/internal/domain/capabilityoffer/capability_offer.go:135.53,135.69 1 0
github.com/claudioed/network-fulfillment/internal/domain/capabilityoffer/capability_offer.go:136.53,136.74 1 0
github.com/claudioed/network-fulfillment/internal/domain/networkorder/network_order.go:96.2,96.15 1 0
github.com/claudioed/network-fulfillment/internal/domain/networkorder/network_order.go:97.3,98.1 1 0
github.com/claudioed/network-fulfillment/internal/domain/networkorder/network_order.go:99.2,99.21 1 0
github.com/claudioed/network-fulfillment/internal/domain/networkorder/network_order.go:100.3,101.1 1 0
github.com/claudioed/network-fulfillment/internal/domain/networkorder/network_order.go:102.2,102.15 1 0
github.com/claudioed/network-fulfillment/internal/domain/networkorder/network_order.go:103.3,104.1 1 0
github.com/claudioed/network-fulfillment/internal/domain/networkorder/network_order.go:105.2,105.19 1 0
github.com/claudioed/network-fulfillment/internal/domain/networkorder/network_order.go:106.3,107.1 1 0
github.com/claudioed/network-fulfillment/internal/domain/networkorder/network_order.go:108.2,108.98 1 0
github.com/claudioed/network-fulfillment/internal/domain/networkorder/network_order.go:111.60,111.85 1 0
github.com/claudioed/network-fulfillment/internal/domain/networkorder/network_order.go:112.60,112.87 1 0
github.com/claudioed/network-fulfillment/internal/domain/networkorder/network_order.go:113.60,113.74 1 0
github.com/claudioed/network-fulfillment/internal/domain/networkorder/network_order.go:114.60,114.79 1 0
github.com/claudioed/network-fulfillment/internal/domain/networkorder/network_order.go:156.2,156.15 1 0
github.com/claudioed/network-fulfillment/internal/domain/networkorder/network_order.go:157.3,158.1 1 0
github.com/claudioed/network-fulfillment/internal/domain/networkorder/network_order.go:159.2,159.21 1 0
github.com/claudioed/network-fulfillment/internal/domain/networkorder/network_order.go:160.3,161.1 1 0
github.com/claudioed/network-fulfillment/internal/domain/networkorder/network_order.go:162.2,170.8 1 0
github.com/claudioed/network-fulfillment/internal/domain/networkorder/network_order.go:192.2,192.15 1 0
github.com/claudioed/network-fulfillment/internal/domain/networkorder/network_order.go:193.3,194.1 1 0
github.com/claudioed/network-fulfillment/internal/domain/networkorder/network_order.go:195.2,202.8 1 0
github.com/claudioed/network-fulfillment/internal/domain/networkorder/network_order.go:211.2,211.25 1 0
github.com/claudioed/network-fulfillment/internal/domain/networkorder/network_order.go:212.3,213.1 1 0
github.com/claudioed/network-fulfillment/internal/domain/networkorder/network_order.go:214.2,215.12 2 0
github.com/claudioed/network-fulfillment/internal/domain/networkorder/network_order.go:224.2,224.31 1 0
github.com/claudioed/network-fulfillment/internal/domain/networkorder/network_order.go:225.3,226.1 1 0
github.com/claudioed/network-fulfillment/internal/domain/networkorder/network_order.go:227.2,228.12 2 0
github.com/claudioed/network-fulfillment/internal/domain/networkorder/network_order.go:238.2,238.35 1 0
github.com/claudioed/network-fulfillment/internal/domain/networkorder/network_order.go:239.3,240.1 1 0
github.com/claudioed/network-fulfillment/internal/domain/networkorder/network_order.go:241.2,241.35 1 0
github.com/claudioed/network-fulfillment/internal/domain/networkorder/network_order.go:250.2,250.54 1 0
github.com/claudioed/network-fulfillment/internal/domain/networkorder/network_order.go:251.3,252.1 1 0
github.com/claudioed/network-fulfillment/internal/domain/networkorder/network_order.go:253.2,254.12 2 0
github.com/claudioed/network-fulfillment/internal/domain/networkorder/network_order.go:263.2,263.63 1 0
github.com/claudioed/network-fulfillment/internal/domain/networkorder/network_order.go:264.3,265.1 1 0
github.com/claudioed/network-fulfillment/internal/domain/networkorder/network_order.go:266.2,266.27 1 0
github.com/claudioed/network-fulfillment/internal/domain/networkorder/network_order.go:267.3,268.1 1 0
github.com/claudioed/network-fulfillment/internal/domain/networkorder/network_order.go:269.2,270.12 2 0
github.com/claudioed/network-fulfillment/internal/domain/networkorder/network_order.go:276.2,276.34 1 0
github.com/claudioed/network-fulfillment/internal/domain/networkorder/network_order.go:277.3,278.1 1 0
github.com/claudioed/network-fulfillment/internal/domain/networkorder/network_order.go:279.2,280.12 2 0
github.com/claudioed/network-fulfillment/internal/domain/networkorder/network_order.go:287.2,288.1 1 0
github.com/claudioed/network-fulfillment/internal/domain/networkorder/network_order.go:296.2,297.28 2 0
github.com/claudioed/network-fulfillment/internal/domain/networkorder/network_order.go:298.3,299.1 1 0
github.com/claudioed/network-fulfillment/internal/domain/networkorder/network_order.go:300.2,300.12 1 0
github.com/claudioed/network-fulfillment/internal/domain/networkorder/network_order.go:303.57,303.78 1 0
github.com/claudioed/network-fulfillment/internal/domain/networkorder/network_order.go:304.57,304.74 1 0
github.com/claudioed/network-fulfillment/internal/domain/networkorder/network_order.go:305.57,305.82 1 0
github.com/claudioed/network-fulfillment/internal/domain/networkorder/network_order.go:306.57,306.81 1 0
github.com/claudioed/network-fulfillment/internal/domain/networkorder/network_order.go:307.57,307.73 1 0
github.com/claudioed/network-fulfillment/internal/domain/networkorder/network_order.go:308.57,308.78 1 0
github.com/claudioed/network-fulfillment/internal/domain/networkorder/network_order.go:310.2,311.1 1 0
github.com/claudioed/network-fulfillment/internal/domain/networkorder/network_order.go:317.2,320.1 3 0
github.com/claudioed/network-fulfillment/internal/domain/networkorder/network_order.go:333.2,342.1 1 0
github.com/claudioed/network-fulfillment/internal/domain/shared/events.go:32.56,32.87 1 0
github.com/claudioed/network-fulfillment/internal/domain/shared/events.go:33.56,33.69 1 0
github.com/claudioed/network-fulfillment/internal/domain/shared/events.go:49.60,49.95 1 0
github.com/claudioed/network-fulfillment/internal/domain/shared/events.go:50.60,50.73 1 0
github.com/claudioed/network-fulfillment/internal/domain/shared/events.go:92.56,92.87 1 0
github.com/claudioed/network-fulfillment/internal/domain/shared/events.go:93.56,93.69 1 0
github.com/claudioed/network-fulfillment/internal/domain/shared/events.go:112.65,112.105 1 0
github.com/claudioed/network-fulfillment/internal/domain/shared/events.go:113.65,113.78 1 0
github.com/claudioed/network-fulfillment/internal/domain/shared/events.go:130.65,130.105 1 0
github.com/claudioed/network-fulfillment/internal/domain/shared/events.go:131.65,131.78 1 0
github.com/claudioed/network-fulfillment/internal/application/usecases/confirm_network_order_shipment.go:47.2,48.16 2 0
github.com/claudioed/network-fulfillment/internal/application/usecases/confirm_network_order_shipment.go:49.3,50.1 1 0
github.com/claudioed/network-fulfillment/internal/application/usecases/confirm_network_order_shipment.go:51.2,51.14 1 0
github.com/claudioed/network-fulfillment/internal/application/usecases/confirm_network_order_shipment.go:52.3,53.1 1 0
github.com/claudioed/network-fulfillment/internal/application/usecases/confirm_network_order_shipment.go:54.2,54.46 1 0
github.com/claudioed/network-fulfillment/internal/application/usecases/confirm_network_order_shipment.go:55.3,56.1 1 0
github.com/claudioed/network-fulfillment/internal/application/usecases/confirm_network_order_shipment.go:58.2,58.44 1 0
github.com/claudioed/network-fulfillment/internal/application/usecases/confirm_network_order_shipment.go:59.3,60.1 1 0
github.com/claudioed/network-fulfillment/internal/application/usecases/confirm_network_order_shipment.go:62.2,64.39 3 0
github.com/claudioed/network-fulfillment/internal/application/usecases/confirm_network_order_shipment.go:65.3,66.1 1 0
github.com/claudioed/network-fulfillment/internal/application/usecases/confirm_network_order_shipment.go:68.2,68.75 1 0
github.com/claudioed/network-fulfillment/internal/application/usecases/confirm_network_order_shipment.go:69.3,69.48 1 0
github.com/claudioed/network-fulfillment/internal/application/usecases/confirm_network_order_shipment.go:70.4,71.1 1 0
github.com/claudioed/network-fulfillment/internal/application/usecases/confirm_network_order_shipment.go:72.3,77.5 1 0
github.com/claudioed/network-fulfillment/internal/application/usecases/confirm_network_order_shipment.go:79.3,80.1 1 0
github.com/claudioed/network-fulfillment/internal/application/usecases/confirm_network_order_shipment.go:82.2,82.83 1 0
github.com/claudioed/network-fulfillment/internal/application/usecases/confirm_network_order_shipment.go:83.3,84.1 1 0
github.com/claudioed/network-fulfillment/internal/application/usecases/confirm_network_order_shipment.go:85.2,85.15 1 0
github.com/claudioed/network-fulfillment/internal/application/usecases/receive_network_demand.go:67.2,68.1 2 0
github.com/claudioed/network-fulfillment/internal/application/usecases/receive_network_demand.go:74.2,74.78 2 0
github.com/claudioed/network-fulfillment/internal/application/usecases/receive_network_demand.go:75.3,76.1 1 0
github.com/claudioed/network-fulfillment/internal/application/usecases/receive_network_demand.go:76.9,76.28 1 0
github.com/claudioed/network-fulfillment/internal/application/usecases/receive_network_demand.go:77.3,78.1 1 0
github.com/claudioed/network-fulfillment/internal/application/usecases/receive_network_demand.go:80.2,81.1 2 0
github.com/claudioed/network-fulfillment/internal/application/usecases/receive_network_demand.go:86.2,86.27 2 0
github.com/claudioed/network-fulfillment/internal/application/usecases/receive_network_demand.go:87.3,87.59 1 0
github.com/claudioed/network-fulfillment/internal/application/usecases/receive_network_demand.go:88.4,89.1 1 0
github.com/claudioed/network-fulfillment/internal/application/usecases/receive_network_demand.go:90.3,90.51 1 0
github.com/claudioed/network-fulfillment/internal/application/usecases/receive_network_demand.go:93.2,94.16 2 0
github.com/claudioed/network-fulfillment/internal/application/usecases/receive_network_demand.go:95.3,96.1 1 0
github.com/claudioed/network-fulfillment/internal/application/usecases/receive_network_demand.go:97.2,97.75 1 0
github.com/claudioed/network-fulfillment/internal/application/usecases/receive_network_demand.go:98.3,99.1 1 0
github.com/claudioed/network-fulfillment/internal/application/usecases/receive_network_demand.go:101.2,106.16 2 0
github.com/claudioed/network-fulfillment/internal/application/usecases/receive_network_demand.go:107.3,108.1 1 0
github.com/claudioed/network-fulfillment/internal/application/usecases/receive_network_demand.go:110.2,110.22 1 0
github.com/claudioed/network-fulfillment/internal/application/usecases/receive_network_demand.go:111.3,112.1 1 0
github.com/claudioed/network-fulfillment/internal/application/usecases/receive_network_demand.go:113.2,113.39 1 0
github.com/claudioed/network-fulfillment/internal/application/usecases/receive_network_demand.go:125.2,125.72 1 0
github.com/claudioed/network-fulfillment/internal/application/usecases/receive_network_demand.go:126.3,126.48 1 0
github.com/claudioed/network-fulfillment/internal/application/usecases/receive_network_demand.go:127.4,128.1 1 0
github.com/claudioed/network-fulfillment/internal/application/usecases/receive_network_demand.go:129.3,136.5 1 0
github.com/claudioed/network-fulfillment/internal/application/usecases/receive_network_demand.go:143.2,144.33 2 0
github.com/claudioed/network-fulfillment/internal/application/usecases/receive_network_demand.go:145.3,146.17 2 0
github.com/claudioed/network-fulfillment/internal/application/usecases/receive_network_demand.go:147.4,148.1 1 0
github.com/claudioed/network-fulfillment/internal/application/usecases/receive_network_demand.go:149.3,150.17 2 0
github.com/claudioed/network-fulfillment/internal/application/usecases/receive_network_demand.go:151.4,152.1 1 0
github.com/claudioed/network-fulfillment/internal/application/usecases/receive_network_demand.go:153.3,153.30 1 0
github.com/claudioed/network-fulfillment/internal/application/usecases/receive_network_demand.go:155.2,155.19 1 0
github.com/claudioed/network-fulfillment/internal/application/usecases/receive_network_demand.go:163.2,164.16 2 0
github.com/claudioed/network-fulfillment/internal/application/usecases/receive_network_demand.go:165.3,166.1 1 0
github.com/claudioed/network-fulfillment/internal/application/usecases/receive_network_demand.go:167.2,167.66 1 0
github.com/claudioed/network-fulfillment/internal/application/usecases/receive_network_demand.go:168.3,169.1 1 0
github.com/claudioed/network-fulfillment/internal/application/usecases/receive_network_demand.go:170.2,170.72 1 0
github.com/claudioed/network-fulfillment/internal/application/usecases/receive_network_demand.go:186.2,186.18 1 0
github.com/claudioed/network-fulfillment/internal/application/usecases/receive_network_demand.go:187.3,187.65 1 0
github.com/claudioed/network-fulfillment/internal/application/usecases/receive_network_demand.go:188.4,189.1 1 0
github.com/claudioed/network-fulfillment/internal/application/usecases/receive_network_demand.go:191.2,191.35 1 0
github.com/claudioed/network-fulfillment/internal/application/usecases/receive_network_demand.go:192.3,193.1 1 0
github.com/claudioed/network-fulfillment/internal/application/usecases/receive_network_demand.go:194.2,194.75 1 0
github.com/claudioed/network-fulfillment/internal/application/usecases/receive_network_demand.go:195.3,195.48 1 0
github.com/claudioed/network-fulfillment/internal/application/usecases/receive_network_demand.go:196.4,197.1 1 0
github.com/claudioed/network-fulfillment/internal/application/usecases/receive_network_demand.go:198.3,203.5 1 0
github.com/claudioed/network-fulfillment/internal/application/usecases/receive_network_demand.go:205.3,206.1 1 0
github.com/claudioed/network-fulfillment/internal/application/usecases/receive_network_demand.go:207.2,207.85 1 0
github.com/claudioed/network-fulfillment/internal/application/usecases/receive_network_demand.go:208.3,209.1 1 0
github.com/claudioed/network-fulfillment/internal/application/usecases/receive_network_demand.go:210.2,210.15 1 0
github.com/claudioed/network-fulfillment/internal/application/usecases/receive_network_demand.go:224.2,224.35 1 0
github.com/claudioed/network-fulfillment/internal/application/usecases/receive_network_demand.go:225.3,226.1 1 0
github.com/claudioed/network-fulfillment/internal/application/usecases/receive_network_demand.go:227.2,227.62 1 0
github.com/claudioed/network-fulfillment/internal/application/usecases/receive_network_demand.go:228.3,229.1 1 0
github.com/claudioed/network-fulfillment/internal/application/usecases/receive_network_demand.go:230.2,230.75 1 0
github.com/claudioed/network-fulfillment/internal/application/usecases/receive_network_demand.go:231.3,231.48 1 0
github.com/claudioed/network-fulfillment/internal/application/usecases/receive_network_demand.go:232.4,233.1 1 0
github.com/claudioed/network-fulfillment/internal/application/usecases/receive_network_demand.go:234.3,240.5 1 0
github.com/claudioed/network-fulfillment/internal/application/usecases/receive_network_demand.go:242.3,243.1 1 0
github.com/claudioed/network-fulfillment/internal/application/usecases/receive_network_demand.go:244.2,244.84 1 0
github.com/claudioed/network-fulfillment/internal/application/usecases/receive_network_demand.go:245.3,246.1 1 0
github.com/claudioed/network-fulfillment/internal/application/usecases/receive_network_demand.go:253.2,253.15 1 0
github.com/claudioed/network-fulfillment/internal/application/usecases/recompute_capability_offers.go:64.2,65.16 2 0
github.com/claudioed/network-fulfillment/internal/application/usecases/recompute_capability_offers.go:66.3,67.1 1 0
github.com/claudioed/network-fulfillment/internal/application/usecases/recompute_capability_offers.go:69.2,71.1 4 0
github.com/claudioed/network-fulfillment/internal/application/usecases/recompute_capability_offers.go:72.2,73.27 4 0
github.com/claudioed/network-fulfillment/internal/application/usecases/recompute_capability_offers.go:74.3,75.1 3 0
github.com/claudioed/network-fulfillment/internal/application/usecases/recompute_capability_offers.go:76.3,77.17 3 0
github.com/claudioed/network-fulfillment/internal/application/usecases/recompute_capability_offers.go:78.4,78.23 1 0
github.com/claudioed/network-fulfillment/internal/application/usecases/recompute_capability_offers.go:79.5,81.1 1 0
github.com/claudioed/network-fulfillment/internal/application/usecases/recompute_capability_offers.go:82.4,82.12 1 0
github.com/claudioed/network-fulfillment/internal/application/usecases/recompute_capability_offers.go:85.3,86.1 3 0
github.com/claudioed/network-fulfillment/internal/application/usecases/recompute_capability_offers.go:87.3,88.17 3 0
github.com/claudioed/network-fulfillment/internal/application/usecases/recompute_capability_offers.go:89.4,89.23 1 0
github.com/claudioed/network-fulfillment/internal/application/usecases/recompute_capability_offers.go:90.5,92.1 1 0
github.com/claudioed/network-fulfillment/internal/application/usecases/recompute_capability_offers.go:93.4,93.12 1 0
github.com/claudioed/network-fulfillment/internal/application/usecases/recompute_capability_offers.go:95.3,95.66 1 0
github.com/claudioed/network-fulfillment/internal/application/usecases/recompute_capability_offers.go:96.4,97.1 1 0
github.com/claudioed/network-fulfillment/internal/application/usecases/recompute_capability_offers.go:98.3,98.51 1 0
github.com/claudioed/network-fulfillment/internal/application/usecases/recompute_capability_offers.go:99.4,99.23 1 0
github.com/claudioed/network-fulfillment/internal/application/usecases/recompute_capability_offers.go:100.5,102.1 1 0
github.com/claudioed/network-fulfillment/internal/application/usecases/recompute_capability_offers.go:103.4,103.12 1 0
github.com/claudioed/network-fulfillment/internal/application/usecases/recompute_capability_offers.go:106.2,106.17 1 0
github.com/claudioed/network-fulfillment/internal/application/usecases/recompute_capability_offers.go:116.2,116.18 1 0
github.com/claudioed/network-fulfillment/internal/application/usecases/recompute_capability_offers.go:117.3,118.1 1 0
github.com/claudioed/network-fulfillment/internal/application/usecases/recompute_capability_offers.go:119.2,121.31 3 0
github.com/claudioed/network-fulfillment/internal/application/usecases/recompute_capability_offers.go:122.3,123.13 2 0
github.com/claudioed/network-fulfillment/internal/application/usecases/recompute_capability_offers.go:124.4,124.12 1 0
github.com/claudioed/network-fulfillment/internal/application/usecases/recompute_capability_offers.go:126.3,127.17 2 0
github.com/claudioed/network-fulfillment/internal/application/usecases/recompute_capability_offers.go:129.2,129.24 1 0
github.com/claudioed/network-fulfillment/internal/application/usecases/reconcile_submitted_orders.go:43.2,44.16 2 0
github.com/claudioed/network-fulfillment/internal/application/usecases/reconcile_submitted_orders.go:45.3,46.1 1 0
github.com/claudioed/network-fulfillment/internal/application/usecases/reconcile_submitted_orders.go:48.2,49.30 2 0
github.com/claudioed/network-fulfillment/internal/application/usecases/reconcile_submitted_orders.go:50.3,51.17 2 0
github.com/claudioed/network-fulfillment/internal/application/usecases/reconcile_submitted_orders.go:56.4,56.12 1 0
github.com/claudioed/network-fulfillment/internal/application/usecases/reconcile_submitted_orders.go:58.3,58.17 1 0
github.com/claudioed/network-fulfillment/internal/application/usecases/reconcile_submitted_orders.go:60.4,60.45 1 0
github.com/claudioed/network-fulfillment/internal/application/usecases/reconcile_submitted_orders.go:61.5,61.13 1 0
github.com/claudioed/network-fulfillment/internal/application/usecases/reconcile_submitted_orders.go:63.4,63.19 1 0
github.com/claudioed/network-fulfillment/internal/application/usecases/reconcile_submitted_orders.go:65.4,65.42 1 0
github.com/claudioed/network-fulfillment/internal/application/usecases/reconcile_submitted_orders.go:66.5,66.13 1 0
github.com/claudioed/network-fulfillment/internal/application/usecases/reconcile_submitted_orders.go:68.4,68.16 1 0
github.com/claudioed/network-fulfillment/internal/application/usecases/reconcile_submitted_orders.go:70.4,70.17 1 0
github.com/claudioed/network-fulfillment/internal/application/usecases/reconcile_submitted_orders.go:73.2,73.17 1 0
github.com/claudioed/network-fulfillment/internal/application/usecases/reconcile_submitted_orders.go:81.2,81.51 1 0
github.com/claudioed/network-fulfillment/internal/application/usecases/reconcile_submitted_orders.go:82.3,83.1 1 0
github.com/claudioed/network-fulfillment/internal/application/usecases/reconcile_submitted_orders.go:84.2,84.75 1 0
github.com/claudioed/network-fulfillment/internal/application/usecases/reconcile_submitted_orders.go:85.3,86.1 1 0
github.com/claudioed/network-fulfillment/internal/application/usecases/reconcile_submitted_orders.go:87.3,88.1 1 0
github.com/claudioed/network-fulfillment/internal/application/usecases/reconcile_submitted_orders.go:89.2,89.45 1 0
github.com/claudioed/network-fulfillment/internal/application/usecases/reconcile_submitted_orders.go:90.3,91.1 1 0
github.com/claudioed/network-fulfillment/internal/application/usecases/reconcile_submitted_orders.go:92.2,92.12 1 0
github.com/claudioed/network-fulfillment/internal/application/usecases/reconcile_submitted_orders.go:101.2,101.45 1 0
github.com/claudioed/network-fulfillment/internal/application/usecases/reconcile_submitted_orders.go:102.3,102.65 1 0
github.com/claudioed/network-fulfillment/internal/application/usecases/reconcile_submitted_orders.go:103.4,104.1 1 0
github.com/claudioed/network-fulfillment/internal/application/usecases/reconcile_submitted_orders.go:106.2,106.35 1 0
github.com/claudioed/network-fulfillment/internal/application/usecases/reconcile_submitted_orders.go:107.3,108.1 1 0
github.com/claudioed/network-fulfillment/internal/application/usecases/reconcile_submitted_orders.go:109.2,109.72 1 0
github.com/claudioed/network-fulfillment/internal/application/usecases/reconcile_submitted_orders.go:110.3,110.48 1 0
github.com/claudioed/network-fulfillment/internal/application/usecases/reconcile_submitted_orders.go:111.4,112.1 1 0
github.com/claudioed/network-fulfillment/internal/application/usecases/reconcile_submitted_orders.go:113.3,118.5 1 0
github.com/claudioed/network-fulfillment/internal/application/usecases/reject_overdue_orders.go:46.2,47.1 3 0
github.com/claudioed/network-fulfillment/internal/application/usecases/reject_overdue_orders.go:48.2,49.16 3 0
github.com/claudioed/network-fulfillment/internal/application/usecases/reject_overdue_orders.go:50.3,51.1 1 0
github.com/claudioed/network-fulfillment/internal/application/usecases/reject_overdue_orders.go:53.2,54.31 2 0
github.com/claudioed/network-fulfillment/internal/application/usecases/reject_overdue_orders.go:55.3,55.37 1 0
github.com/claudioed/network-fulfillment/internal/application/usecases/reject_overdue_orders.go:56.4,56.12 1 0
github.com/claudioed/network-fulfillment/internal/application/usecases/reject_overdue_orders.go:58.3,58.46 1 0
github.com/claudioed/network-fulfillment/internal/application/usecases/reject_overdue_orders.go:64.4,64.12 1 0
github.com/claudioed/network-fulfillment/internal/application/usecases/reject_overdue_orders.go:66.3,66.17 1 0
github.com/claudioed/network-fulfillment/internal/application/usecases/reject_overdue_orders.go:68.2,68.17 1 0
github.com/claudioed/network-fulfillment/internal/application/usecases/reject_overdue_orders.go:75.2,75.45 1 0
github.com/claudioed/network-fulfillment/internal/application/usecases/reject_overdue_orders.go:76.3,76.65 1 0
github.com/claudioed/network-fulfillment/internal/application/usecases/reject_overdue_orders.go:77.4,78.1 1 0
github.com/claudioed/network-fulfillment/internal/application/usecases/reject_overdue_orders.go:80.2,80.35 1 0
github.com/claudioed/network-fulfillment/internal/application/usecases/reject_overdue_orders.go:81.3,82.1 1 0
github.com/claudioed/network-fulfillment/internal/application/usecases/reject_overdue_orders.go:86.2,86.72 1 0
github.com/claudioed/network-fulfillment/internal/application/usecases/reject_overdue_orders.go:87.3,87.48 1 0
github.com/claudioed/network-fulfillment/internal/application/usecases/reject_overdue_orders.go:88.4,89.1 1 0
github.com/claudioed/network-fulfillment/internal/application/usecases/reject_overdue_orders.go:90.3,95.5 1 0
github.com/claudioed/network-fulfillment/internal/application/usecases/sweep_acknowledgement_deadlines.go:39.2,40.1 3 0
github.com/claudioed/network-fulfillment/internal/application/usecases/sweep_acknowledgement_deadlines.go:41.2,42.16 3 0
github.com/claudioed/network-fulfillment/internal/application/usecases/sweep_acknowledgement_deadlines.go:43.3,44.1 1 0
github.com/claudioed/network-fulfillment/internal/application/usecases/sweep_acknowledgement_deadlines.go:46.2,47.31 2 0
github.com/claudioed/network-fulfillment/internal/application/usecases/sweep_acknowledgement_deadlines.go:48.3,48.37 1 0
github.com/claudioed/network-fulfillment/internal/application/usecases/sweep_acknowledgement_deadlines.go:49.4,49.12 1 0
github.com/claudioed/network-fulfillment/internal/application/usecases/sweep_acknowledgement_deadlines.go:54.3,59.18 1 0
github.com/claudioed/network-fulfillment/internal/application/usecases/sweep_acknowledgement_deadlines.go:60.4,60.12 1 0
github.com/claudioed/network-fulfillment/internal/application/usecases/sweep_acknowledgement_deadlines.go:62.3,62.15 1 0
github.com/claudioed/network-fulfillment/internal/application/usecases/sweep_acknowledgement_deadlines.go:64.2,64.17 1 0
github.com/claudioed/network-fulfillment/internal/application/usecases/unit_of_work.go:14.2,14.16 1 0
github.com/claudioed/network-fulfillment/internal/application/usecases/unit_of_work.go:15.3,16.1 1 0
github.com/claudioed/network-fulfillment/internal/application/usecases/unit_of_work.go:17.2,17.29 1 0
github.com/claudioed/network-fulfillment/internal/domain/capabilityoffer/capability_offer.go:83.2,83.15 1 0
github.com/claudioed/network-fulfillment/internal/domain/capabilityoffer/capability_offer.go:84.3,85.1 1 0
github.com/claudioed/network-fulfillment/internal/domain/capabilityoffer/capability_offer.go:86.2,86.18 1 0
github.com/claudioed/network-fulfillment/internal/domain/capabilityoffer/capability_offer.go:87.3,88.1 1 0
github.com/claudioed/network-fulfillment/internal/domain/capabilityoffer/capability_offer.go:89.2,89.28 1 0
github.com/claudioed/network-fulfillment/internal/domain/capabilityoffer/capability_offer.go:90.3,91.1 1 0
github.com/claudioed/network-fulfillment/internal/domain/capabilityoffer/capability_offer.go:92.2,92.44 1 0
github.com/claudioed/network-fulfillment/internal/domain/capabilityoffer/capability_offer.go:93.3,94.1 1 0
github.com/claudioed/network-fulfillment/internal/domain/capabilityoffer/capability_offer.go:95.2,95.15 1 0
github.com/claudioed/network-fulfillment/internal/domain/capabilityoffer/capability_offer.go:96.49,96.49 0 0
github.com/claudioed/network-fulfillment/internal/domain/capabilityoffer/capability_offer.go:98.3,98.44 1 0
github.com/claudioed/network-fulfillment/internal/domain/capabilityoffer/capability_offer.go:100.2,106.8 1 0
github.com/claudioed/network-fulfillment/internal/domain/capabilityoffer/capability_offer.go:122.2,122.65 1 0
github.com/claudioed/network-fulfillment/internal/domain/capabilityoffer/capability_offer.go:123.3,124.1 1 0
github.com/claudioed/network-fulfillment/internal/domain/capabilityoffer/capability_offer.go:125.2,126.13 2 0
github.com/claudioed/network-fulfillment/internal/domain/capabilityoffer/capability_offer.go:127.3,128.1 1 0
github.com/claudioed/network-fulfillment/internal/domain/capabilityoffer/capability_offer.go:129.2,129.89 1 0
github.com/claudioed/network-fulfillment/internal/domain/capabilityoffer/capability_offer.go:132.53,132.67 1 0
github.com/claudioed/network-fulfillment/internal/domain/capabilityoffer/capability_offer.go:133.53,133.70 1 0
github.com/claudioed/network-fulfillment/internal/domain/capabilityoffer/capability_offer.go:134.53,134.82 1 0
github.com/claudioed/network-fulfillment/internal/domain/capabilityoffer/capability_offer.go:135.53,135.69 1 0
github.com/claudioed/network-fulfillment/internal/domain/capabilityoffer/capability_offer.go:136.53,136.74 1 0
github.com/claudioed/network-fulfillment/internal/domain/networkorder/network_order.go:96.2,96.15 1 0
github.com/claudioed/network-fulfillment/internal/domain/networkorder/network_order.go:97.3,98.1 1 0
github.com/claudioed/network-fulfillment/internal/domain/networkorder/network_order.go:99.2,99.21 1 0
github.com/claudioed/network-fulfillment/internal/domain/networkorder/network_order.go:100.3,101.1 1 0
github.com/claudioed/network-fulfillment/internal/domain/networkorder/network_order.go:102.2,102.15 1 0
github.com/claudioed/network-fulfillment/internal/domain/networkorder/network_order.go:103.3,104.1 1 0
github.com/claudioed/network-fulfillment/internal/domain/networkorder/network_order.go:105.2,105.19 1 0
github.com/claudioed/network-fulfillment/internal/domain/networkorder/network_order.go:106.3,107.1 1 0
github.com/claudioed/network-fulfillment/internal/domain/networkorder/network_order.go:108.2,108.98 1 0
github.com/claudioed/network-fulfillment/internal/domain/networkorder/network_order.go:111.60,111.85 1 0
github.com/claudioed/network-fulfillment/internal/domain/networkorder/network_order.go:112.60,112.87 1 0
github.com/claudioed/network-fulfillment/internal/domain/networkorder/network_order.go:113.60,113.74 1 0
github.com/claudioed/network-fulfillment/internal/domain/networkorder/network_order.go:114.60,114.79 1 0
github.com/claudioed/network-fulfillment/internal/domain/networkorder/network_order.go:156.2,156.15 1 0
github.com/claudioed/network-fulfillment/internal/domain/networkorder/network_order.go:157.3,158.1 1 0
github.com/claudioed/network-fulfillment/internal/domain/networkorder/network_order.go:159.2,159.21 1 0
github.com/claudioed/network-fulfillment/internal/domain/networkorder/network_order.go:160.3,161.1 1 0
github.com/claudioed/network-fulfillment/internal/domain/networkorder/network_order.go:162.2,170.8 1 0
github.com/claudioed/network-fulfillment/internal/domain/networkorder/network_order.go:192.2,192.15 1 0
github.com/claudioed/network-fulfillment/internal/domain/networkorder/network_order.go:193.3,194.1 1 0
github.com/claudioed/network-fulfillment/internal/domain/networkorder/network_order.go:195.2,202.8 1 0
github.com/claudioed/network-fulfillment/internal/domain/networkorder/network_order.go:211.2,211.25 1 0
github.com/claudioed/network-fulfillment/internal/domain/networkorder/network_order.go:212.3,213.1 1 0
github.com/claudioed/network-fulfillment/internal/domain/networkorder/network_order.go:214.2,215.12 2 0
github.com/claudioed/network-fulfillment/internal/domain/networkorder/network_order.go:224.2,224.31 1 0
github.com/claudioed/network-fulfillment/internal/domain/networkorder/network_order.go:225.3,226.1 1 0
github.com/claudioed/network-fulfillment/internal/domain/networkorder/network_order.go:227.2,228.12 2 0
github.com/claudioed/network-fulfillment/internal/domain/networkorder/network_order.go:238.2,238.35 1 0
github.com/claudioed/network-fulfillment/internal/domain/networkorder/network_order.go:239.3,240.1 1 0
github.com/claudioed/network-fulfillment/internal/domain/networkorder/network_order.go:241.2,241.35 1 0
github.com/claudioed/network-fulfillment/internal/domain/networkorder/network_order.go:250.2,250.54 1 0
github.com/claudioed/network-fulfillment/internal/domain/networkorder/network_order.go:251.3,252.1 1 0
github.com/claudioed/network-fulfillment/internal/domain/networkorder/network_order.go:253.2,254.12 2 0
github.com/claudioed/network-fulfillment/internal/domain/networkorder/network_order.go:263.2,263.63 1 0
github.com/claudioed/network-fulfillment/internal/domain/networkorder/network_order.go:264.3,265.1 1 0
github.com/claudioed/network-fulfillment/internal/domain/networkorder/network_order.go:266.2,266.27 1 0
github.com/claudioed/network-fulfillment/internal/domain/networkorder/network_order.go:267.3,268.1 1 0
github.com/claudioed/network-fulfillment/internal/domain/networkorder/network_order.go:269.2,270.12 2 0
github.com/claudioed/network-fulfillment/internal/domain/networkorder/network_order.go:276.2,276.34 1 0
github.com/claudioed/network-fulfillment/internal/domain/networkorder/network_order.go:277.3,278.1 1 0
github.com/claudioed/network-fulfillment/internal/domain/networkorder/network_order.go:279.2,280.12 2 0
github.com/claudioed/network-fulfillment/internal/domain/networkorder/network_order.go:287.2,288.1 1 0
github.com/claudioed/network-fulfillment/internal/domain/networkorder/network_order.go:296.2,297.28 2 0
github.com/claudioed/network-fulfillment/internal/domain/networkorder/network_order.go:298.3,299.1 1 0
github.com/claudioed/network-fulfillment/internal/domain/networkorder/network_order.go:300.2,300.12 1 0
github.com/claudioed/network-fulfillment/internal/domain/networkorder/network_order.go:303.57,303.78 1 0
github.com/claudioed/network-fulfillment/internal/domain/networkorder/network_order.go:304.57,304.74 1 0
github.com/claudioed/network-fulfillment/internal/domain/networkorder/network_order.go:305.57,305.82 1 0
github.com/claudioed/network-fulfillment/internal/domain/networkorder/network_order.go:306.57,306.81 1 0
github.com/claudioed/network-fulfillment/internal/domain/networkorder/network_order.go:307.57,307.73 1 0
github.com/claudioed/network-fulfillment/internal/domain/networkorder/network_order.go:308.57,308.78 1 0
github.com/claudioed/network-fulfillment/internal/domain/networkorder/network_order.go:310.2,311.1 1 0
github.com/claudioed/network-fulfillment/internal/domain/networkorder/network_order.go:317.2,320.1 3 0
github.com/claudioed/network-fulfillment/internal/domain/networkorder/network_order.go:333.2,342.1 1 0
github.com/claudioed/network-fulfillment/internal/domain/shared/events.go:32.56,32.87 1 0
github.com/claudioed/network-fulfillment/internal/domain/shared/events.go:33.56,33.69 1 0
github.com/claudioed/network-fulfillment/internal/domain/shared/events.go:49.60,49.95 1 0
github.com/claudioed/network-fulfillment/internal/domain/shared/events.go:50.60,50.73 1 0
github.com/claudioed/network-fulfillment/internal/domain/shared/events.go:92.56,92.87 1 0
github.com/claudioed/network-fulfillment/internal/domain/shared/events.go:93.56,93.69 1 0
github.com/claudioed/network-fulfillment/internal/domain/shared/events.go:112.65,112.105 1 0
github.com/claudioed/network-fulfillment/internal/domain/shared/events.go:113.65,113.78 1 0
github.com/claudioed/network-fulfillment/internal/domain/shared/events.go:130.65,130.105 1 0
github.com/claudioed/network-fulfillment/internal/domain/shared/events.go:131.65,131.78 1 0
github.com/claudioed/network-fulfillment/internal/application/usecases/confirm_network_order_shipment.go:47.2,48.16 2 0
github.com/claudioed/network-fulfillment/internal/application/usecases/confirm_network_order_shipment.go:49.3,50.1 1 0
github.com/claudioed/network-fulfillment/internal/application/usecases/confirm_network_order_shipment.go:51.2,51.14 1 0
github.com/claudioed/network-fulfillment/internal/application/usecases/confirm_network_order_shipment.go:52.3,53.1 1 0
github.com/claudioed/network-fulfillment/internal/application/usecases/confirm_network_order_shipment.go:54.2,54.46 1 0
github.com/claudioed/network-fulfillment/internal/application/usecases/confirm_network_order_shipment.go:55.3,56.1 1 0
github.com/claudioed/network-fulfillment/internal/application/usecases/confirm_network_order_shipment.go:58.2,58.44 1 0
github.com/claudioed/network-fulfillment/internal/application/usecases/confirm_network_order_shipment.go:59.3,60.1 1 0
github.com/claudioed/network-fulfillment/internal/application/usecases/confirm_network_order_shipment.go:62.2,64.39 3 0
github.com/claudioed/network-fulfillment/internal/application/usecases/confirm_network_order_shipment.go:65.3,66.1 1 0
github.com/claudioed/network-fulfillment/internal/application/usecases/confirm_network_order_shipment.go:68.2,68.75 1 0
github.com/claudioed/network-fulfillment/internal/application/usecases/confirm_network_order_shipment.go:69.3,69.48 1 0
github.com/claudioed/network-fulfillment/internal/application/usecases/confirm_network_order_shipment.go:70.4,71.1 1 0
github.com/claudioed/network-fulfillment/internal/application/usecases/confirm_network_order_shipment.go:72.3,77.5 1 0
github.com/claudioed/network-fulfillment/internal/application/usecases/confirm_network_order_shipment.go:79.3,80.1 1 0
github.com/claudioed/network-fulfillment/internal/application/usecases/confirm_network_order_shipment.go:82.2,82.83 1 0
github.com/claudioed/network-fulfillment/internal/application/usecases/confirm_network_order_shipment.go:83.3,84.1 1 0
github.com/claudioed/network-fulfillment/internal/application/usecases/confirm_network_order_shipment.go:85.2,85.15 1 0
github.com/claudioed/network-fulfillment/internal/application/usecases/receive_network_demand.go:67.2,68.1 2 0
github.com/claudioed/network-fulfillment/internal/application/usecases/receive_network_demand.go:74.2,74.78 2 0
github.com/claudioed/network-fulfillment/internal/application/usecases/receive_network_demand.go:75.3,76.1 1 0
github.com/claudioed/network-fulfillment/internal/application/usecases/receive_network_demand.go:76.9,76.28 1 0
github.com/claudioed/network-fulfillment/internal/application/usecases/receive_network_demand.go:77.3,78.1 1 0
github.com/claudioed/network-fulfillment/internal/application/usecases/receive_network_demand.go:80.2,81.1 2 0
github.com/claudioed/network-fulfillment/internal/application/usecases/receive_network_demand.go:86.2,86.27 2 0
github.com/claudioed/network-fulfillment/internal/application/usecases/receive_network_demand.go:87.3,87.59 1 0
github.com/claudioed/network-fulfillment/internal/application/usecases/receive_network_demand.go:88.4,89.1 1 0
github.com/claudioed/network-fulfillment/internal/application/usecases/receive_network_demand.go:90.3,90.51 1 0
github.com/claudioed/network-fulfillment/internal/application/usecases/receive_network_demand.go:93.2,94.16 2 0
github.com/claudioed/network-fulfillment/internal/application/usecases/receive_network_demand.go:95.3,96.1 1 0
github.com/claudioed/network-fulfillment/internal/application/usecases/receive_network_demand.go:97.2,97.75 1 0
github.com/claudioed/network-fulfillment/internal/application/usecases/receive_network_demand.go:98.3,99.1 1 0
github.com/claudioed/network-fulfillment/internal/application/usecases/receive_network_demand.go:101.2,106.16 2 0
github.com/claudioed/network-fulfillment/internal/application/usecases/receive_network_demand.go:107.3,108.1 1 0
github.com/claudioed/network-fulfillment/internal/application/usecases/receive_network_demand.go:110.2,110.22 1 0
github.com/claudioed/network-fulfillment/internal/application/usecases/receive_network_demand.go:111.3,112.1 1 0
github.com/claudioed/network-fulfillment/internal/application/usecases/receive_network_demand.go:113.2,113.39 1 0
github.com/claudioed/network-fulfillment/internal/application/usecases/receive_network_demand.go:125.2,125.72 1 0
github.com/claudioed/network-fulfillment/internal/application/usecases/receive_network_demand.go:126.3,126.48 1 0
github.com/claudioed/network-fulfillment/internal/application/usecases/receive_network_demand.go:127.4,128.1 1 0
github.com/claudioed/network-fulfillment/internal/application/usecases/receive_network_demand.go:129.3,136.5 1 0
github.com/claudioed/network-fulfillment/internal/application/usecases/receive_network_demand.go:143.2,144.33 2 0
github.com/claudioed/network-fulfillment/internal/application/usecases/receive_network_demand.go:145.3,146.17 2 0
github.com/claudioed/network-fulfillment/internal/application/usecases/receive_network_demand.go:147.4,148.1 1 0
github.com/claudioed/network-fulfillment/internal/application/usecases/receive_network_demand.go:149.3,150.17 2 0
github.com/claudioed/network-fulfillment/internal/application/usecases/receive_network_demand.go:151.4,152.1 1 0
github.com/claudioed/network-fulfillment/internal/application/usecases/receive_network_demand.go:153.3,153.30 1 0
github.com/claudioed/network-fulfillment/internal/application/usecases/receive_network_demand.go:155.2,155.19 1 0
github.com/claudioed/network-fulfillment/internal/application/usecases/receive_network_demand.go:163.2,164.16 2 0
github.com/claudioed/network-fulfillment/internal/application/usecases/receive_network_demand.go:165.3,166.1 1 0
github.com/claudioed/network-fulfillment/internal/application/usecases/receive_network_demand.go:167.2,167.66 1 0
github.com/claudioed/network-fulfillment/internal/application/usecases/receive_network_demand.go:168.3,169.1 1 0
github.com/claudioed/network-fulfillment/internal/application/usecases/receive_network_demand.go:170.2,170.72 1 0
github.com/claudioed/network-fulfillment/internal/application/usecases/receive_network_demand.go:186.2,186.18 1 0
github.com/claudioed/network-fulfillment/internal/application/usecases/receive_network_demand.go:187.3,187.65 1 0
github.com/claudioed/network-fulfillment/internal/application/usecases/receive_network_demand.go:188.4,189.1 1 0
github.com/claudioed/network-fulfillment/internal/application/usecases/receive_network_demand.go:191.2,191.35 1 0
github.com/claudioed/network-fulfillment/internal/application/usecases/receive_network_demand.go:192.3,193.1 1 0
github.com/claudioed/network-fulfillment/internal/application/usecases/receive_network_demand.go:194.2,194.75 1 0
github.com/claudioed/network-fulfillment/internal/application/usecases/receive_network_demand.go:195.3,195.48 1 0
github.com/claudioed/network-fulfillment/internal/application/usecases/receive_network_demand.go:196.4,197.1 1 0
github.com/claudioed/network-fulfillment/internal/application/usecases/receive_network_demand.go:198.3,203.5 1 0
github.com/claudioed/network-fulfillment/internal/application/usecases/receive_network_demand.go:205.3,206.1 1 0
github.com/claudioed/network-fulfillment/internal/application/usecases/receive_network_demand.go:207.2,207.85 1 0
github.com/claudioed/network-fulfillment/internal/application/usecases/receive_network_demand.go:208.3,209.1 1 0
github.com/claudioed/network-fulfillment/internal/application/usecases/receive_network_demand.go:210.2,210.15 1 0
github.com/claudioed/network-fulfillment/internal/application/usecases/receive_network_demand.go:224.2,224.35 1 0
github.com/claudioed/network-fulfillment/internal/application/usecases/receive_network_demand.go:225.3,226.1 1 0
github.com/claudioed/network-fulfillment/internal/application/usecases/receive_network_demand.go:227.2,227.62 1 0
github.com/claudioed/network-fulfillment/internal/application/usecases/receive_network_demand.go:228.3,229.1 1 0
github.com/claudioed/network-fulfillment/internal/application/usecases/receive_network_demand.go:230.2,230.75 1 0
github.com/claudioed/network-fulfillment/internal/application/usecases/receive_network_demand.go:231.3,231.48 1 0
github.com/claudioed/network-fulfillment/internal/application/usecases/receive_network_demand.go:232.4,233.1 1 0
github.com/claudioed/network-fulfillment/internal/application/usecases/receive_network_demand.go:234.3,240.5 1 0
github.com/claudioed/network-fulfillment/internal/application/usecases/receive_network_demand.go:242.3,243.1 1 0
github.com/claudioed/network-fulfillment/internal/application/usecases/receive_network_demand.go:244.2,244.84 1 0
github.com/claudioed/network-fulfillment/internal/application/usecases/receive_network_demand.go:245.3,246.1 1 0
github.com/claudioed/network-fulfillment/internal/application/usecases/receive_network_demand.go:253.2,253.15 1 0
github.com/claudioed/network-fulfillment/internal/application/usecases/recompute_capability_offers.go:64.2,65.16 2 0
github.com/claudioed/network-fulfillment/internal/application/usecases/recompute_capability_offers.go:66.3,67.1 1 0
github.com/claudioed/network-fulfillment/internal/application/usecases/recompute_capability_offers.go:69.2,71.1 4 0
github.com/claudioed/network-fulfillment/internal/application/usecases/recompute_capability_offers.go:72.2,73.27 4 0
github.com/claudioed/network-fulfillment/internal/application/usecases/recompute_capability_offers.go:74.3,75.1 3 0
github.com/claudioed/network-fulfillment/internal/application/usecases/recompute_capability_offers.go:76.3,77.17 3 0
github.com/claudioed/network-fulfillment/internal/application/usecases/recompute_capability_offers.go:78.4,78.23 1 0
github.com/claudioed/network-fulfillment/internal/application/usecases/recompute_capability_offers.go:79.5,81.1 1 0
github.com/claudioed/network-fulfillment/internal/application/usecases/recompute_capability_offers.go:82.4,82.12 1 0
github.com/claudioed/network-fulfillment/internal/application/usecases/recompute_capability_offers.go:85.3,86.1 3 0
github.com/claudioed/network-fulfillment/internal/application/usecases/recompute_capability_offers.go:87.3,88.17 3 0
github.com/claudioed/network-fulfillment/internal/application/usecases/recompute_capability_offers.go:89.4,89.23 1 0
github.com/claudioed/network-fulfillment/internal/application/usecases/recompute_capability_offers.go:90.5,92.1 1 0
github.com/claudioed/network-fulfillment/internal/application/usecases/recompute_capability_offers.go:93.4,93.12 1 0
github.com/claudioed/network-fulfillment/internal/application/usecases/recompute_capability_offers.go:95.3,95.66 1 0
github.com/claudioed/network-fulfillment/internal/application/usecases/recompute_capability_offers.go:96.4,97.1 1 0
github.com/claudioed/network-fulfillment/internal/application/usecases/recompute_capability_offers.go:98.3,98.51 1 0
github.com/claudioed/network-fulfillment/internal/application/usecases/recompute_capability_offers.go:99.4,99.23 1 0
github.com/claudioed/network-fulfillment/internal/application/usecases/recompute_capability_offers.go:100.5,102.1 1 0
github.com/claudioed/network-fulfillment/internal/application/usecases/recompute_capability_offers.go:103.4,103.12 1 0
github.com/claudioed/network-fulfillment/internal/application/usecases/recompute_capability_offers.go:106.2,106.17 1 0
github.com/claudioed/network-fulfillment/internal/application/usecases/recompute_capability_offers.go:116.2,116.18 1 0
github.com/claudioed/network-fulfillment/internal/application/usecases/recompute_capability_offers.go:117.3,118.1 1 0
github.com/claudioed/network-fulfillment/internal/application/usecases/recompute_capability_offers.go:119.2,121.31 3 0
github.com/claudioed/network-fulfillment/internal/application/usecases/recompute_capability_offers.go:122.3,123.13 2 0
github.com/claudioed/network-fulfillment/internal/application/usecases/recompute_capability_offers.go:124.4,124.12 1 0
github.com/claudioed/network-fulfillment/internal/application/usecases/recompute_capability_offers.go:126.3,127.17 2 0
github.com/claudioed/network-fulfillment/internal/application/usecases/recompute_capability_offers.go:129.2,129.24 1 0
github.com/claudioed/network-fulfillment/internal/application/usecases/reconcile_submitted_orders.go:43.2,44.16 2 0
github.com/claudioed/network-fulfillment/internal/application/usecases/reconcile_submitted_orders.go:45.3,46.1 1 0
github.com/claudioed/network-fulfillment/internal/application/usecases/reconcile_submitted_orders.go:48.2,49.30 2 0
github.com/claudioed/network-fulfillment/internal/application/usecases/reconcile_submitted_orders.go:50.3,51.17 2 0
github.com/claudioed/network-fulfillment/internal/application/usecases/reconcile_submitted_orders.go:56.4,56.12 1 0
github.com/claudioed/network-fulfillment/internal/application/usecases/reconcile_submitted_orders.go:58.3,58.17 1 0
github.com/claudioed/network-fulfillment/internal/application/usecases/reconcile_submitted_orders.go:60.4,60.45 1 0
github.com/claudioed/network-fulfillment/internal/application/usecases/reconcile_submitted_orders.go:61.5,61.13 1 0
github.com/claudioed/network-fulfillment/internal/application/usecases/reconcile_submitted_orders.go:63.4,63.19 1 0
github.com/claudioed/network-fulfillment/internal/application/usecases/reconcile_submitted_orders.go:65.4,65.42 1 0
github.com/claudioed/network-fulfillment/internal/application/usecases/reconcile_submitted_orders.go:66.5,66.13 1 0
github.com/claudioed/network-fulfillment/internal/application/usecases/reconcile_submitted_orders.go:68.4,68.16 1 0
github.com/claudioed/network-fulfillment/internal/application/usecases/reconcile_submitted_orders.go:70.4,70.17 1 0
github.com/claudioed/network-fulfillment/internal/application/usecases/reconcile_submitted_orders.go:73.2,73.17 1 0
github.com/claudioed/network-fulfillment/internal/application/usecases/reconcile_submitted_orders.go:81.2,81.51 1 0
github.com/claudioed/network-fulfillment/internal/application/usecases/reconcile_submitted_orders.go:82.3,83.1 1 0
github.com/claudioed/network-fulfillment/internal/application/usecases/reconcile_submitted_orders.go:84.2,84.75 1 0
github.com/claudioed/network-fulfillment/internal/application/usecases/reconcile_submitted_orders.go:85.3,86.1 1 0
github.com/claudioed/network-fulfillment/internal/application/usecases/reconcile_submitted_orders.go:87.3,88.1 1 0
github.com/claudioed/network-fulfillment/internal/application/usecases/reconcile_submitted_orders.go:89.2,89.45 1 0
github.com/claudioed/network-fulfillment/internal/application/usecases/reconcile_submitted_orders.go:90.3,91.1 1 0
github.com/claudioed/network-fulfillment/internal/application/usecases/reconcile_submitted_orders.go:92.2,92.12 1 0
github.com/claudioed/network-fulfillment/internal/application/usecases/reconcile_submitted_orders.go:101.2,101.45 1 0
github.com/claudioed/network-fulfillment/internal/application/usecases/reconcile_submitted_orders.go:102.3,102.65 1 0
github.com/claudioed/network-fulfillment/internal/application/usecases/reconcile_submitted_orders.go:103.4,104.1 1 0
github.com/claudioed/network-fulfillment/internal/application/usecases/reconcile_submitted_orders.go:106.2,106.35 1 0
github.com/claudioed/network-fulfillment/internal/application/usecases/reconcile_submitted_orders.go:107.3,108.1 1 0
github.com/claudioed/network-fulfillment/internal/application/usecases/reconcile_submitted_orders.go:109.2,109.72 1 0
github.com/claudioed/network-fulfillment/internal/application/usecases/reconcile_submitted_orders.go:110.3,110.48 1 0
github.com/claudioed/network-fulfillment/internal/application/usecases/reconcile_submitted_orders.go:111.4,112.1 1 0
github.com/claudioed/network-fulfillment/internal/application/usecases/reconcile_submitted_orders.go:113.3,118.5 1 0
github.com/claudioed/network-fulfillment/internal/application/usecases/reject_overdue_orders.go:46.2,47.1 3 0
github.com/claudioed/network-fulfillment/internal/application/usecases/reject_overdue_orders.go:48.2,49.16 3 0
github.com/claudioed/network-fulfillment/internal/application/usecases/reject_overdue_orders.go:50.3,51.1 1 0
github.com/claudioed/network-fulfillment/internal/application/usecases/reject_overdue_orders.go:53.2,54.31 2 0
github.com/claudioed/network-fulfillment/internal/application/usecases/reject_overdue_orders.go:55.3,55.37 1 0
github.com/claudioed/network-fulfillment/internal/application/usecases/reject_overdue_orders.go:56.4,56.12 1 0
github.com/claudioed/network-fulfillment/internal/application/usecases/reject_overdue_orders.go:58.3,58.46 1 0
github.com/claudioed/network-fulfillment/internal/application/usecases/reject_overdue_orders.go:64.4,64.12 1 0
github.com/claudioed/network-fulfillment/internal/application/usecases/reject_overdue_orders.go:66.3,66.17 1 0
github.com/claudioed/network-fulfillment/internal/application/usecases/reject_overdue_orders.go:68.2,68.17 1 0
github.com/claudioed/network-fulfillment/internal/application/usecases/reject_overdue_orders.go:75.2,75.45 1 0
github.com/claudioed/network-fulfillment/internal/application/usecases/reject_overdue_orders.go:76.3,76.65 1 0
github.com/claudioed/network-fulfillment/internal/application/usecases/reject_overdue_orders.go:77.4,78.1 1 0
github.com/claudioed/network-fulfillment/internal/application/usecases/reject_overdue_orders.go:80.2,80.35 1 0
github.com/claudioed/network-fulfillment/internal/application/usecases/reject_overdue_orders.go:81.3,82.1 1 0
github.com/claudioed/network-fulfillment/internal/application/usecases/reject_overdue_orders.go:86.2,86.72 1 0
github.com/claudioed/network-fulfillment/internal/application/usecases/reject_overdue_orders.go:87.3,87.48 1 0
github.com/claudioed/network-fulfillment/internal/application/usecases/reject_overdue_orders.go:88.4,89.1 1 0
github.com/claudioed/network-fulfillment/internal/application/usecases/reject_overdue_orders.go:90.3,95.5 1 0
github.com/claudioed/network-fulfillment/internal/application/usecases/sweep_acknowledgement_deadlines.go:39.2,40.1 3 0
github.com/claudioed/network-fulfillment/internal/application/usecases/sweep_acknowledgement_deadlines.go:41.2,42.16 3 0
github.com/claudioed/network-fulfillment/internal/application/usecases/sweep_acknowledgement_deadlines.go:43.3,44.1 1 0
github.com/claudioed/network-fulfillment/internal/application/usecases/sweep_acknowledgement_deadlines.go:46.2,47.31 2 0
github.com/claudioed/network-fulfillment/internal/application/usecases/sweep_acknowledgement_deadlines.go:48.3,48.37 1 0
github.com/claudioed/network-fulfillment/internal/application/usecases/sweep_acknowledgement_deadlines.go:49.4,49.12 1 0
github.com/claudioed/network-fulfillment/internal/application/usecases/sweep_acknowledgement_deadlines.go:54.3,59.18 1 0
github.com/claudioed/network-fulfillment/internal/application/usecases/sweep_acknowledgement_deadlines.go:60.4,60.12 1 0
github.com/claudioed/network-fulfillment/internal/application/usecases/sweep_acknowledgement_deadlines.go:62.3,62.15 1 0
github.com/claudioed/network-fulfillment/internal/application/usecases/sweep_acknowledgement_deadlines.go:64.2,64.17 1 0
github.com/claudioed/network-fulfillment/internal/application/usecases/unit_of_work.go:14.2,14.16 1 0
github.com/claudioed/network-fulfillment/internal/application/usecases/unit_of_work.go:15.3,16.1 1 0
github.com/claudioed/network-fulfillment/internal/application/usecases/unit_of_work.go:17.2,17.29 1 0
github.com/claudioed/network-fulfillment/internal/domain/capabilityoffer/capability_offer.go:83.2,83.15 1 0
github.com/claudioed/network-fulfillment/internal/domain/capabilityoffer/capability_offer.go:84.3,85.1 1 0
github.com/claudioed/network-fulfillment/internal/domain/capabilityoffer/capability_offer.go:86.2,86.18 1 0
github.com/claudioed/network-fulfillment/internal/domain/capabilityoffer/capability_offer.go:87.3,88.1 1 0
github.com/claudioed/network-fulfillment/internal/domain/capabilityoffer/capability_offer.go:89.2,89.28 1 0
github.com/claudioed/network-fulfillment/internal/domain/capabilityoffer/capability_offer.go:90.3,91.1 1 0
github.com/claudioed/network-fulfillment/internal/domain/capabilityoffer/capability_offer.go:92.2,92.44 1 0
github.com/claudioed/network-fulfillment/internal/domain/capabilityoffer/capability_offer.go:93.3,94.1 1 0
github.com/claudioed/network-fulfillment/internal/domain/capabilityoffer/capability_offer.go:95.2,95.15 1 0
github.com/claudioed/network-fulfillment/internal/domain/capabilityoffer/capability_offer.go:96.49,96.49 0 0
github.com/claudioed/network-fulfillment/internal/domain/capabilityoffer/capability_offer.go:98.3,98.44 1 0
github.com/claudioed/network-fulfillment/internal/domain/capabilityoffer/capability_offer.go:100.2,106.8 1 0
github.com/claudioed/network-fulfillment/internal/domain/capabilityoffer/capability_offer.go:122.2,122.65 1 0
github.com/claudioed/network-fulfillment/internal/domain/capabilityoffer/capability_offer.go:123.3,124.1 1 0
github.com/claudioed/network-fulfillment/internal/domain/capabilityoffer/capability_offer.go:125.2,126.13 2 0
github.com/claudioed/network-fulfillment/internal/domain/capabilityoffer/capability_offer.go:127.3,128.1 1 0
github.com/claudioed/network-fulfillment/internal/domain/capabilityoffer/capability_offer.go:129.2,129.89 1 0
github.com/claudioed/network-fulfillment/internal/domain/capabilityoffer/capability_offer.go:132.53,132.67 1 0
github.com/claudioed/network-fulfillment/internal/domain/capabilityoffer/capability_offer.go:133.53,133.70 1 0
github.com/claudioed/network-fulfillment/internal/domain/capabilityoffer/capability_offer.go:134.53,134.82 1 0
github.com/claudioed/network-fulfillment/internal/domain/capabilityoffer/capability_offer.go:135.53,135.69 1 0
github.com/claudioed/network-fulfillment/internal/domain/capabilityoffer/capability_offer.go:136.53,136.74 1 0
github.com/claudioed/network-fulfillment/internal/domain/networkorder/network_order.go:96.2,96.15 1 0
github.com/claudioed/network-fulfillment/internal/domain/networkorder/network_order.go:97.3,98.1 1 0
github.com/claudioed/network-fulfillment/internal/domain/networkorder/network_order.go:99.2,99.21 1 0
github.com/claudioed/network-fulfillment/internal/domain/networkorder/network_order.go:100.3,101.1 1 0
github.com/claudioed/network-fulfillment/internal/domain/networkorder/network_order.go:102.2,102.15 1 0
github.com/claudioed/network-fulfillment/internal/domain/networkorder/network_order.go:103.3,104.1 1 0
github.com/claudioed/network-fulfillment/internal/domain/networkorder/network_order.go:105.2,105.19 1 0
github.com/claudioed/network-fulfillment/internal/domain/networkorder/network_order.go:106.3,107.1 1 0
github.com/claudioed/network-fulfillment/internal/domain/networkorder/network_order.go:108.2,108.98 1 0
github.com/claudioed/network-fulfillment/internal/domain/networkorder/network_order.go:111.60,111.85 1 0
github.com/claudioed/network-fulfillment/internal/domain/networkorder/network_order.go:112.60,112.87 1 0
github.com/claudioed/network-fulfillment/internal/domain/networkorder/network_order.go:113.60,113.74 1 0
github.com/claudioed/network-fulfillment/internal/domain/networkorder/network_order.go:114.60,114.79 1 0
github.com/claudioed/network-fulfillment/internal/domain/networkorder/network_order.go:156.2,156.15 1 0
github.com/claudioed/network-fulfillment/internal/domain/networkorder/network_order.go:157.3,158.1 1 0
github.com/claudioed/network-fulfillment/internal/domain/networkorder/network_order.go:159.2,159.21 1 0
github.com/claudioed/network-fulfillment/internal/domain/networkorder/network_order.go:160.3,161.1 1 0
github.com/claudioed/network-fulfillment/internal/domain/networkorder/network_order.go:162.2,170.8 1 0
github.com/claudioed/network-fulfillment/internal/domain/networkorder/network_order.go:192.2,192.15 1 0
github.com/claudioed/network-fulfillment/internal/domain/networkorder/network_order.go:193.3,194.1 1 0
github.com/claudioed/network-fulfillment/internal/domain/networkorder/network_order.go:195.2,202.8 1 0
github.com/claudioed/network-fulfillment/internal/domain/networkorder/network_order.go:211.2,211.25 1 0
github.com/claudioed/network-fulfillment/internal/domain/networkorder/network_order.go:212.3,213.1 1 0
github.com/claudioed/network-fulfillment/internal/domain/networkorder/network_order.go:214.2,215.12 2 0
github.com/claudioed/network-fulfillment/internal/domain/networkorder/network_order.go:224.2,224.31 1 0
github.com/claudioed/network-fulfillment/internal/domain/networkorder/network_order.go:225.3,226.1 1 0
github.com/claudioed/network-fulfillment/internal/domain/networkorder/network_order.go:227.2,228.12 2 0
github.com/claudioed/network-fulfillment/internal/domain/networkorder/network_order.go:238.2,238.35 1 0
github.com/claudioed/network-fulfillment/internal/domain/networkorder/network_order.go:239.3,240.1 1 0
github.com/claudioed/network-fulfillment/internal/domain/networkorder/network_order.go:241.2,241.35 1 0
github.com/claudioed/network-fulfillment/internal/domain/networkorder/network_order.go:250.2,250.54 1 0
github.com/claudioed/network-fulfillment/internal/domain/networkorder/network_order.go:251.3,252.1 1 0
github.com/claudioed/network-fulfillment/internal/domain/networkorder/network_order.go:253.2,254.12 2 0
github.com/claudioed/network-fulfillment/internal/domain/networkorder/network_order.go:263.2,263.63 1 0
github.com/claudioed/network-fulfillment/internal/domain/networkorder/network_order.go:264.3,265.1 1 0
github.com/claudioed/network-fulfillment/internal/domain/networkorder/network_order.go:266.2,266.27 1 0
github.com/claudioed/network-fulfillment/internal/domain/networkorder/network_order.go:267.3,268.1 1 0
github.com/claudioed/network-fulfillment/internal/domain/networkorder/network_order.go:269.2,270.12 2 0
github.com/claudioed/network-fulfillment/internal/domain/networkorder/network_order.go:276.2,276.34 1 0
github.com/claudioed/network-fulfillment/internal/domain/networkorder/network_order.go:277.3,278.1 1 0
github.com/claudioed/network-fulfillment/internal/domain/networkorder/network_order.go:279.2,280.12 2 0
github.com/claudioed/network-fulfillment/internal/domain/networkorder/network_order.go:287.2,288.1 1 0
github.com/claudioed/network-fulfillment/internal/domain/networkorder/network_order.go:296.2,297.28 2 0
github.com/claudioed/network-fulfillment/internal/domain/networkorder/network_order.go:298.3,299.1 1 0
github.com/claudioed/network-fulfillment/internal/domain/networkorder/network_order.go:300.2,300.12 1 0
github.com/claudioed/network-fulfillment/internal/domain/networkorder/network_order.go:303.57,303.78 1 0
github.com/claudioed/network-fulfillment/internal/domain/networkorder/network_order.go:304.57,304.74 1 0
github.com/claudioed/network-fulfillment/internal/domain/networkorder/network_order.go:305.57,305.82 1 0
github.com/claudioed/network-fulfillment/internal/domain/networkorder/network_order.go:306.57,306.81 1 0
github.com/claudioed/network-fulfillment/internal/domain/networkorder/network_order.go:307.57,307.73 1 0
github.com/claudioed/network-fulfillment/internal/domain/networkorder/network_order.go:308.57,308.78 1 0
github.com/claudioed/network-fulfillment/internal/domain/networkorder/network_order.go:310.2,311.1 1 0
github.com/claudioed/network-fulfillment/internal/domain/networkorder/network_order.go:317.2,320.1 3 0
github.com/claudioed/network-fulfillment/internal/domain/networkorder/network_order.go:333.2,342.1 1 0
github.com/claudioed/network-fulfillment/internal/domain/shared/events.go:32.56,32.87 1 0
github.com/claudioed/network-fulfillment/internal/domain/shared/events.go:33.56,33.69 1 0
github.com/claudioed/network-fulfillment/internal/domain/shared/events.go:49.60,49.95 1 0
github.com/claudioed/network-fulfillment/internal/domain/shared/events.go:50.60,50.73 1 0
github.com/claudioed/network-fulfillment/internal/domain/shared/events.go:92.56,92.87 1 0
github.com/claudioed/network-fulfillment/internal/domain/shared/events.go:93.56,93.69 1 0
github.com/claudioed/network-fulfillment/internal/domain/shared/events.go:112.65,112.105 1 0
github.com/claudioed/network-fulfillment/internal/domain/shared/events.go:113.65,113.78 1 0
github.com/claudioed/network-fulfillment/internal/domain/shared/events.go:130.65,130.105 1 0
github.com/claudioed/network-fulfillment/internal/domain/shared/events.go:131.65,131.78 1 0
